seg_id,mean_ssa_1991_2021,river_name,tier,updated_tier,long_term_mean
3821,-0.7029154485037316,Sengur,4,4,2.0752825848239436
3822,-0.6819965172519467,Rihand,3,3,2.067811981995305
3975,-0.6285341788104839,Sai,3,3,3.2947167283450707
3824,-0.6206123115300717,Yamuna,1,1,7.632671202159624
3894,-0.619034926097835,Mandal,5,5,5.947776428368544
3481,-0.613790770577066,Sengur,4,4,2.154114635633803
3826,-0.6053625838159846,Sengur,4,4,37.08481261725352
3820,-0.5925372416452396,Rihand,3,3,32.72971658650235
4797,-0.5919403790914264,Sharda,2,2,6.730206272617371
4783,-0.5906110728415096,Suheli,4,4,33.126767575586854
3896,-0.589109387139895,Palain,5,5,4.869444832558685
3484,-0.5843240380722139,Sengur,4,4,35.0029101269953
4430,-0.5813961587561245,Gandak,2,2,17.04631292124413
3807,-0.5791197110185042,Pandu,5,5,13.972437437089201
3367,-0.5579238687942015,Non,4,4,9.44344288907277
4796,-0.5551017221441966,Sharda,2,2,4.601534112758216
4423,-0.5517813804230156,Ghaghi,5,5,23.49635492300469
4800,-0.5517114797366639,Mohana,4,4,8.147256315669013
4799,-0.5507047721256998,Mohana,4,4,5.653549542394367
4782,-0.5489865520516111,Mohana,4,4,28.897295370539908
3354,-0.5487334371181223,Sengur,4,4,1.9051279037441315
3363,-0.5469800383770833,Pahuj,4,4,7.230756334577465
3482,-0.5459825132700541,Ganga,1,1,12.69219699988263
3979,-0.5450544337885015,Sai,3,3,54.64927627453052
4784,-0.5450372682618485,Mohana,4,4,38.53631532206573
4788,-0.5438371778570993,Surna,5,5,4.402420087253521
4785,-0.5425778210975288,Mohana,4,4,54.10631065457747
4789,-0.5373649466161997,Surna,5,5,9.60581579165493
3983,-0.5371228176938811,Sai,3,3,63.66804083568075
4765,-0.5370940381442275,Ghaghara,1,1,3.915603608626761
3825,-0.5330586221059573,Non,4,4,16.964147567957745
4657,-0.5312518043041371,Ghaghara,1,1,13.114006370528168
3989,-0.5309282983345143,Sai,3,3,70.74459340962441
4414,-0.5307919954684229,Rapti,2,2,15.033352271361501
4787,-0.5307366058684292,Surna,5,5,4.001336335481221
3990,-0.527615094566391,Sai,3,3,73.59102065786385
4779,-0.5266385061175783,Mohana,4,4,9.338894088732394
4447,-0.5243631958920466,Rohini,3,3,8.478071887265259
4428,-0.5220526906927009,Rapti,2,2,9.778285887734741
4795,-0.5202514123488954,Mahakali,2,2,5.963142402230047
3533,-0.5161978873473199,Yamuna,1,1,2.806747745140845
4120,-0.5154357303306746,Manmaheshwari,5,5,3.41749627221831
3884,-0.5142589074739872,Dhela,5,5,13.369526920657279
3993,-0.5136145425098753,Sai,3,3,89.26384223122066
4415,-0.5107156328084527,Rapti,2,2,19.97850284706573
3976,-0.5076620597844131,Ganga,1,1,9.606986001232395
3877,-0.504084660431383,Ganga,1,1,2.622684063873239
3956,-0.5028484359240688,Sai,3,3,107.09921269835681
4781,-0.5016692131797165,Mohana,4,4,10.27495405
3905,-0.49604288240338523,Ganga,1,1,4.687925165880282
3873,-0.4957699791292932,Ramganga,2,2,104.9670819730047
3381,-0.49511842851102666,Pahuj,4,4,34.64177576737089
3978,-0.49266895261994764,Sai,3,3,37.62860100539906
3502,-0.4906367729551421,Karwan,4,4,9.181896192957746
3883,-0.4891676014695448,Ramganga,2,2,91.00373475645539
4001,-0.48859363487326923,Gomti,2,2,25.345852470657274
3817,-0.4873664025026178,Ganga,1,1,1.8865029337206574
3503,-0.48661947809319195,Karwan,4,4,12.940078862323944
3823,-0.4846918324247767,Non,4,4,7.076609378215962
3796,-0.4820989787041327,Garra,4,4,3.7866598444600936
4424,-0.47796834474317546,Ghaghara,1,1,48.77833181619719
4763,-0.47533185342953604,Sarju,3,3,3.901484470762911
3882,-0.47516143301627656,Ramganga,2,2,58.11465458333334
3815,-0.4730715357827797,Ganga,1,1,3.7096562994248825
4000,-0.4724075543646688,Gomti,2,2,20.6218797834507
4429,-0.47238210631278243,Bansi,5,5,19.076305906807512
3931,-0.47052310612988857,Gomti,2,2,319.72867764788737
3539,-0.4701903800660816,Karwan,4,4,20.997551384624412
3932,-0.4693802660153735,Gomti,2,2,327.11506225352116
3977,-0.4693785828172463,Sai,3,3,31.17908987734742
3538,-0.46852006248837624,Karwan,4,4,19.640725876995308
3316,-0.4667559685812045,Shallu,5,5,7.118451696514084
3541,-0.4664619331058562,Karwan,4,4,1.9538128565610329
3994,-0.4636062036144838,Kadhu,5,5,15.15072081056338
4009,-0.4633673184158324,Sai,3,3,2.8922887907511736
3982,-0.46295935669865274,Kadhu,5,5,10.353573054929576
4719,-0.45998885978839327,Ghaghara,1,1,3.4358236440258216
4005,-0.4589225817568977,Tamasa,3,3,12.754661771126761
3974,-0.4582969963992973,Sai,3,3,2.6433009718661973
3881,-0.4556618919262533,Khoh,4,4,17.33937077100939
4721,-0.4545785202403708,Ghaghara,1,1,26.124770981220657
3980,-0.45435434635505695,Kadhu,5,5,4.141441269659625
3303,-0.4534090719850067,Yamuna,1,1,1.5826444804577466
3813,-0.4530291103679091,Sai,3,3,24.888880846713615
3874,-0.45259015849902007,Ramganga,2,2,130.17149750528168
3806,-0.45117403190365146,Ganga,1,1,4.350190401173709
4770,-0.4497872149482634,Man,5,5,11.506936119366198
4217,-0.44718208374289703,Purvi Nayar,4,4,15.535400159870893
3864,-0.4466037596476445,Ramganga,2,2,2.4517594124178403
4004,-0.44523286708179166,Tamasa,3,3,8.207599196302816
3497,-0.4447169354528626,Yamuna,1,1,0.9551290849882629
3867,-0.4443835385231605,Bahalla,5,5,5.920942002394367
4443,-0.4443065545869711,Rohini,3,3,6.088038133521127
4736,-0.44160021366518837,Sotwa,4,4,50.809221338967134
3305,-0.43977037844444794,Yamuna,1,1,1.211527486021127
3375,-0.437241556108461,Pahuj,4,4,23.708332013849766
4759,-0.4369964489130434,Sotwa,4,4,35.81587645492958
3483,-0.4342821257703355,Rihand,3,3,16.957603782629107
3802,-0.4338361138561831,Ganga,1,1,6.130382831068076
3498,-0.4326651115257451,Karwan,4,4,1.8590441253286385
3809,-0.4305640373316223,Kali,3,3,72.31492584859156
3380,-0.43015427669607537,Sengur,4,4,22.80271497206573
4737,-0.42950038687256015,Sotwa,4,4,64.29965579647887
3958,-0.42667345419411645,Gomti,2,2,209.11067489788732
3805,-0.4242014909222907,Kali,3,3,2.2761005834448356
3957,-0.4231000779195558,Gomti,2,2,195.94277189436622
3895,-0.4189932743512293,Ramganga,2,2,42.00411342758216
4743,-0.4189416334256353,Jamwar,5,5,7.3687302109976525
3814,-0.41821863769453416,Ganga,1,1,2.3412719621948357
3981,-0.4182128147051066,Sai,3,3,4.759915889565728
3859,-0.41783380815013094,Ramganga,2,2,197.23441072652582
4401,-0.4176310506275754,Ganga,1,1,1742.5965895187792
3947,-0.4169360057995857,Ganga,1,1,9.8654828814554
3537,-0.4168418629017879,Karwan,4,4,5.906119957089201
3944,-0.4167672916858469,Tamasa,3,3,6.0286803031572775
4399,-0.4167545790463947,Ghaghara,1,1,1733.9082224765257
4397,-0.41489848227594345,Ghaghara,1,1,1704.2366641197182
3536,-0.4148382850402675,Karwan,4,4,1.2676088839788733
4435,-0.4141132082405399,Ghaghara,1,1,1697.050153157277
4425,-0.41382929924855455,Ghaghara,1,1,1687.1489063732392
3808,-0.41362201107036883,Kali,3,3,68.05764480751174
3952,-0.4099875660177694,Tamasa,3,3,27.981650245539907
3855,-0.40930709946247307,Dabka,5,5,6.560543826842722
4732,-0.4092122036708989,Rapti,2,2,7.006038080938968
4422,-0.40905208025164125,Ghaghi,5,5,22.62238031584507
4418,-0.406946083051371,Ghaghara,1,1,1139.619913028169
4776,-0.40644538151233384,Ghaghara,1,1,422.1509498873239
3456,-0.4059693551654154,Pahuj,4,4,3.317436269377934
4465,-0.4056120385476415,Ghaghara,1,1,1132.3803135680753
4419,-0.4040379984246247,Ghaghara,1,1,1632.0201715492958
4762,-0.40398632197147716,Ghaghara,1,1,1120.9405211384976
3843,-0.4033157876898199,Khaimua,5,5,3.203613933286385
4421,-0.4032639848110114,Ghaghara,1,1,1637.1507959624412
3999,-0.4014807546409681,Gomti,2,2,8.13171816056338
4658,-0.39952284000664795,Ghaghara,1,1,186.67901133333334
4757,-0.3985308058530117,Sarju,3,3,15.385857008685445
4724,-0.39785620114823533,Ghaghara,1,1,1013.7668071537558
4761,-0.396741243795576,Ghaghara,1,1,1034.1606343779342
4463,-0.3965504436169545,Ghaghara,1,1,1027.3709774295774
3544,-0.3964824499215368,Kali,3,3,6.199140678697183
4003,-0.39624486967031236,Gomti,2,2,164.0958122253521
3318,-0.3952563301135066,Sainj,5,5,5.434655393568075
3545,-0.3949637307191849,Kali,3,3,6.258123206384976
3960,-0.3942952588418153,Ganga,1,1,2.5402057462089203
4014,-0.39227174440201734,Gomti,2,2,25.423379677699533
4119,-0.39101772026599546,Orai,5,5,2.2818598411502347
3943,-0.39000636752511264,Ganga,1,1,3.581018623532864
3548,-0.3897760337390062,Kali,3,3,10.07387315753521
4013,-0.38977582447909825,Gomti,2,2,19.44550776701878
3953,-0.3892321900913348,Tamasa,3,3,42.08962235798122
4464,-0.3890803226116454,Ghaghara,1,1,5.575542769049296
4021,-0.3875926505174607,Gomti,2,2,12.541431040140845
3451,-0.3860162267962441,Sindh,3,3,2.727009916478873
4720,-0.3858902357426671,Manorama,4,4,17.002670001877934
4564,-0.385808494292212,Ganga,1,1,98.75905602347417
4723,-0.384469559515143,Ghaghara,1,1,977.8802880269953
4457,-0.3839975988543788,Rapti,2,2,92.63285654166665
4738,-0.383974845039283,Jamwar,5,5,16.43451390410798
4716,-0.3838534222285408,Tamasa,3,3,78.62436739612676
3550,-0.3831255833653364,Kali,3,3,30.06531688309859
3900,-0.3828724810126913,Kali,3,3,38.70155349190141
3379,-0.38217253288409697,Sengur,4,4,19.76918098931925
4722,-0.38187954100856797,Ghaghara,1,1,973.6624490610328
3384,-0.38178394010357014,Kunwari,4,4,46.7638566084507
3988,-0.3814240414892566,Sai,3,3,15.19771105011737
4786,-0.37948539780616636,Suheli,4,4,370.513973516432
4563,-0.37876975734843665,Tamasa,3,3,83.928558657277
3865,-0.3784762472274868,Ramganga,2,2,21.84064980821596
3360,-0.3784423657245346,Vaisali,4,4,4.296685468861503
4768,-0.37615536190392673,Ghaghara,1,1,931.2563820598591
4006,-0.3750368076188697,Sai,3,3,2.6754335180516433
3279,-0.3748450893345188,Yamuna,1,1,2.051489032840376
3374,-0.37395302329113106,Vaisali,4,4,19.48690715798122
4715,-0.37245744970942984,Tamasa,3,3,66.49549422288733
4025,-0.3724453435490105,Ghaghara,1,1,3.346268769706573
3954,-0.37220329486651565,Tamasa,3,3,50.670244457746485
4034,-0.37183939594119564,Ghaghara,1,1,922.657431076291
3377,-0.37062923603441883,Vaisali,4,4,22.612777107394365
4767,-0.3705711904678186,Manorama,4,4,43.904805255046945
3949,-0.37021363368064514,Varuna,4,4,10.23144413157277
3955,-0.36941640278238613,Tamasa,3,3,59.89324267300469
4029,-0.369415421682614,Ghaghara,1,1,29.192939293896714
3987,-0.36928646118094877,Sai,3,3,6.746883204225353
3371,-0.36856687536116844,Sengur,4,4,11.229022531807512
4023,-0.3684735944285629,Gomti,2,2,6.440173275481221
3281,-0.3677892446761374,Yamuna,1,1,4.020057607805165
3480,-0.3675765248092468,Yamuna,1,1,404.7575374483568
4461,-0.3675109913926619,Manorama,4,4,63.488129091901406
3996,-0.36682533926596245,Varuna,4,4,14.972192221713614
3391,-0.36633944857067163,Yamuna,1,1,518.8073678075118
3356,-0.3661426691767427,Vaisali,4,4,3.9252258325938967
3986,-0.36590169959474295,Sai,3,3,6.029420651842723
3495,-0.36555042430353446,Khari,3,3,4.342592517347418
3832,-0.36546668538725824,East Bahgul,5,5,25.74605923802817
3362,-0.36468896312467053,Sank,5,5,7.048279792805165
4031,-0.36445548887008905,Ghaghara,1,1,33.76024160140845
3370,-0.36428904672477563,Vaisali,4,4,14.98000356302817
4033,-0.36414698605966805,Ghaghara,1,1,904.0418467441315
4756,-0.3634427720508405,Sotwa,4,4,14.74886881185446
3361,-0.36258195562542866,Jhilmil,5,5,4.307903014694836
3902,-0.36222157152191226,Ganga,1,1,2.0429019383450706
4773,-0.36091870499874923,Babai,4,4,91.44090167194835
3372,-0.35820359312371286,Asan,4,4,17.15321900680751
4016,-0.35818708745164546,Gomti,2,2,30.63962192382629
4448,-0.35801824993085135,Rohini,3,3,65.63783862276996
3383,-0.3556761830341986,Kunwari,4,4,38.28113517546949
3992,-0.3556131761545479,Sai,3,3,2.4967856505399064
3889,-0.35536634268760026,Bino,5,5,4.343028480269953
3549,-0.35503178355741816,Kali,3,3,17.246211063615025
3997,-0.3541975892090356,Varuna,4,4,31.832825244600937
4032,-0.3539634769969713,Ghaghara,1,1,867.0911922112675
4417,-0.3499433225403264,Rapti,2,2,487.6215896115024
4213,-0.34834315369217306,Nayar,4,4,28.646044054812208
3919,-0.3476681763987623,Ganga,1,1,4.778799204248826
3310,-0.3475668739151373,Pabbar,4,4,12.922078144014083
3506,-0.3465797951113333,Yamuna,1,1,378.6610072593897
3287,-0.34632350509920545,Yamuna,1,1,149.69210931924883
4002,-0.3450480643073603,Gomti,2,2,131.3814910528169
3350,-0.3447996608646108,Kunwari,4,4,1.5618187565680752
3324,-0.3436617329355725,Yamuna,1,1,107.22823991126761
3366,-0.3417956140878394,Asan,4,4,8.335319395516432
3878,-0.34143636540718886,Ganga,1,1,30.304742157394365
3505,-0.34009594701093065,Yamuna,1,1,372.4566484131455
4777,-0.33997008361949044,Sharda,2,2,769.4595283838029
5151,-0.3394235398949917,Harohar,3,3,4.5119621890375585
3288,-0.3389683400165494,Yamuna,1,1,170.09387141607982
3920,-0.33813836523798213,Ganga,1,1,7.291632018626761
3799,-0.3380355833868554,Ramganga,2,2,361.1442628192488
3390,-0.3366394040889274,Sindh,3,3,236.15168220657276
3368,-0.3362381210078152,Sengur,4,4,7.864733455798122
3326,-0.33574688806395564,Giri,4,4,14.222239022887324
1429,-0.335228953920438,Padma,1,1,27289.293416901408
4118,-0.33488639970385814,Sengur,4,4,1.1615634708802818
1497,-0.3346711345388743,Padma,1,1,27257.541894131453
1445,-0.3345850672955086,Padma,1,1,27195.311758215965
4772,-0.3340704514262733,Babai,4,4,74.24779664612676
3535,-0.3339486920896501,Yamuna,1,1,368.60150542136154
1527,-0.333793860965838,Padma,1,1,27146.66145011737
3946,-0.3337688451940664,Gomti,2,2,8.573238417265259
3376,-0.3326712365778415,Kunwari,4,4,20.596019183333333
3872,-0.33135003559031745,Kosi,2,2,56.22302187910798
4416,-0.33082774185873454,Rapti,2,2,466.6401345129108
3264,-0.3303656192123641,Yamuna,1,1,306.8312842464789
4459,-0.3296391588783583,Rapti,2,2,276.8662540140845
3547,-0.3291324201412593,Kali,3,3,10.891063062558684
3907,-0.3286935545617586,Rihand,3,3,6.0446694640023475
3320,-0.3280712139289096,Yamuna,1,1,45.429160624647885
3319,-0.3279996206943915,Tons,2,2,58.28451773004695
3845,-0.3272093319932537,Katna,5,5,13.798644749061033
3530,-0.32691238834809627,Khari,3,3,15.954312822887324
4451,-0.3262472979911186,Rapti,2,2,436.37230006103283
3950,-0.32562126910175976,Tamasa,3,3,13.196175838497652
3835,-0.3240437985162157,Ramganga,2,2,329.8221793039906
4007,-0.3237277205790681,Sai,3,3,2.8332781097535213
3289,-0.32336132902509074,Yamuna,1,1,182.625141092723
3888,-0.3232840671107127,Ramganga,2,2,32.075669613732394
3476,-0.32267155851149976,Non,4,4,3.181979663169014
5153,-0.322188682514732,Phalgu,3,3,14.455470212323943
4407,-0.321429165629759,Ganga,1,1,7022.147011502348
3551,-0.32135308585495814,Hindon,3,3,1.641614083157277
4405,-0.32124137869390923,Ghaghara,1,1,7010.836854342723
3904,-0.3203534578513035,Rihand,3,3,2.954794269507042
4114,-0.3185279469169719,Shyam,4,4,2.421372212723005
4644,-0.317797420724524,Bhada,5,5,66.15819846525822
3475,-0.3167012002250288,Non,4,4,2.3171199135211267
3459,-0.31666436721214397,Pahuj,4,4,13.236171317723006
4138,-0.3165420987601895,Dhasan,3,3,2.269470649565728
4041,-0.316006524880972,Varuna,4,4,5.205285282417841
4462,-0.3159995429413788,Ghaghara,1,1,86.2018727834507
3262,-0.3155939541942612,Yamuna,1,1,247.5150270023474
3349,-0.31429610055549273,Kunwari,4,4,13.247409888497652
4659,-0.31394976335914593,Ghaghara,1,1,313.08238200469486
3357,-0.3129969620970766,Kunwari,4,4,3.473478877652582
3261,-0.3124770914574414,Yamuna,1,1,245.0203766431925
3452,-0.3121396925201076,Non,4,4,9.094554439788732
3792,-0.3118937329753201,Garra,4,4,6.599826946115024
1525,-0.31038375402551016,Padma,1,1,14739.192419953051
4043,-0.31033898047096675,Ganga,1,1,1189.8935582629108
3935,-0.31015954955468117,Ganga,1,1,4.0394679031338026
4042,-0.3097764762539649,Ganga,1,1,1185.3689886150235
3866,-0.3096939341920544,Ramganga,2,2,305.88500225
4019,-0.309056443472106,Gomti,2,2,115.38702075234741
3388,-0.30870547862629294,Sindh,3,3,189.30881464436618
3936,-0.30843345030844155,Ganga,1,1,16.769727086384975
3984,-0.30835889514956233,Ganga,1,1,1175.6519141431925
4449,-0.3080521160037194,Rapti,2,2,368.4176045575117
3292,-0.30783172262026876,Yamuna,1,1,194.9918380140845
4400,-0.3073452927144114,Ganga,1,1,7.989350714906104
5144,-0.30643340895968035,Paimar,5,5,3.337388905246479
4742,-0.30626762388389184,Jamwar,5,5,7.871008048215963
3834,-0.30583034543108994,Ramganga,2,2,302.9954153438967
4445,-0.30576247579857285,Rohini,3,3,56.19800101326291
4813,-0.3057458136984681,Mahakali,2,2,0.7454358924964788
3358,-0.3043443660216982,Parbati,3,3,2.8093668712676054
3304,-0.3041746408434445,Yamuna,1,1,240.4550102359155
3477,-0.3033488525323479,Non,4,4,5.698362189471831
3543,-0.3032227863569111,Kali,3,3,3.2473635565258214
3858,-0.3030218351220841,Kosi,2,2,47.41147224178404
3863,-0.30252150882119877,Ramganga,2,2,289.576718399061
5159,-0.30124626157148526,Panchane,4,4,4.957933060328638
5154,-0.29898934839114566,Phalgu,3,3,21.174564573122066
3298,-0.29851749166803143,Yamuna,1,1,230.6052507370892
3827,-0.2981167726991278,Ganga,1,1,1154.28955064554
3300,-0.29800446802974834,Yamuna,1,1,237.6567388450704
3322,-0.29700918515958213,Yamuna,1,1,32.36593197159624
3286,-0.29609796580863074,Giri,4,4,41.75853889401409
3359,-0.29534280122589246,Gambhir,4,4,2.5327639393427233
4164,-0.2948612202791599,Sajnam,5,5,12.4503927875
3293,-0.294403555649124,Yamuna,1,1,215.9370310539906
3385,-0.29293419923677244,Gambhir,4,4,37.44848891408451
4011,-0.29123643185490194,Gomti,2,2,8.232916637441315
5157,-0.29054826133311723,Harohar,3,3,45.84277183685446
3260,-0.2903072635866102,Yamuna,1,1,1.156249513697183
3369,-0.28994901481575547,Parbati,3,3,9.930123650704225
3798,-0.2894561530598164,Ganga,1,1,97.76072389319249
3364,-0.2892676817081398,Parbati,3,3,5.025083359237089
4573,-0.28807558631981417,Gandak,2,2,8135.356976525822
3830,-0.2877801647634712,East Bahgul,5,5,8.655079529107981
5156,-0.28743713478022515,Panchane,4,4,38.26923809272301
5148,-0.2869443265079122,Panchane,4,4,12.839570320422535
4018,-0.28689189225082007,Gomti,2,2,99.72064632159625
4548,-0.2866842725610356,Dardha,4,4,9.362189785798122
5150,-0.2858921480756082,Panchane,4,4,18.851728874178402
3321,-0.2857175205532081,Aglad,5,5,6.8623647396948355
3295,-0.28508250284843867,Yamuna,1,1,7.519482629319248
3819,-0.28404563113270354,Ganga,1,1,1132.8444325704224
4012,-0.28327444281547387,Gomti,2,2,18.94160175774648
3899,-0.28313097502132795,Kali,3,3,13.249337973239436
4398,-0.28262294177896247,Ghaghara,1,1,25.672212652112673
4453,-0.28240905163812424,Aami,5,5,6.365694897816901
3353,-0.2815813555781063,Vaisali,4,4,2.010706395181925
3991,-0.2806250975513191,Sai,3,3,4.278555853309859
4603,-0.2802934772120718,Banki,5,5,4.709963963180751
3317,-0.2800163910509127,Tons,2,2,42.14621310340375
4137,-0.27967579721649155,Lakheri,5,5,4.564843237769953
3382,-0.2791360406992613,Gambhir,4,4,24.990867941666668
4166,-0.27908408648186434,Jamni,4,4,35.661107190492956
3818,-0.2780390753510368,Ganga,1,1,1124.7318741079812
5145,-0.27587859533274617,Tilayia,5,5,5.772961419377934
3816,-0.27565364756971567,Ganga,1,1,1120.9171554812206
3297,-0.27522740754905267,Yamuna,1,1,13.462395763497653
5149,-0.2749486933802675,Paimar,5,5,13.349435894483568
4396,-0.27469501425237514,Ghaghara,1,1,18.86617752124413
5146,-0.2745635669842467,Panchane,4,4,7.845456275352113
3941,-0.2745013789162818,Tamasa,3,3,3.0313805333802817
3812,-0.2743733324571273,Ganga,1,1,1118.443657089202
3474,-0.2725248444319538,Non,4,4,2.2672028666314556
5165,-0.27215860259767954,Harohar,3,3,4.918846533450704
3301,-0.27200677655280026,Hindon,3,3,7.0702225384037565
3857,-0.271951192773091,Kosi,2,2,35.25153874495305
3856,-0.2718081558896983,Baur,4,4,12.142681603286386
3804,-0.27106669054381205,Ganga,1,1,1111.826754870892
4458,-0.27066037936457454,Rapti,2,2,180.7059877746479
3797,-0.2698375950793109,Garra,4,4,93.93110671889673
4162,-0.2695366732838351,Jamni,4,4,4.701262510410798
5098,-0.26901457492086744,Ganga,1,1,9314.934237558686
4165,-0.26880969785163145,Jamni,4,4,21.517949179577464
3489,-0.26872297026885594,Kakund,5,5,1.255990811830986
4450,-0.2666767459640184,Aami,5,5,26.42534324882629
3352,-0.26622323528530023,Parbati,3,3,1.4611272497769954
4538,-0.2659570525746087,Punpun,3,3,3.4233508895774647
4572,-0.2655802699481036,Gandak,2,2,18.82619123122066
4740,-0.26507933122712307,Danau,4,4,41.02991298908451
3365,-0.26494317638276793,Gambhir,4,4,5.414131986161972
4168,-0.26491617146728225,Jamni,4,4,49.20786360903756
5099,-0.2646451484117496,Ganga,1,1,9570.365378403756
5101,-0.2645185716596809,Ganga,1,1,9593.637620187794
4751,-0.2644189197897146,Rapti,2,2,7.9558248135563385
5107,-0.26433277723387655,Ganga,1,1,9613.561154812207
5096,-0.2639781760019216,Ganga,1,1,9044.675292957747
5097,-0.2638649547467214,Ganga,1,1,9078.888254812207
5108,-0.26371699564512363,Ganga,1,1,9626.806766901407
3831,-0.263657607279453,Afsarha,5,5,9.608972902793427
3389,-0.2633198143461173,Yamuna,1,1,106.4565149084507
3492,-0.2632021840031852,Gambhir,4,4,20.56886204037559
3836,-0.2631724047507141,Garra,4,4,3.9643636670187794
5095,-0.2618331238060689,Ganga,1,1,8933.874664788733
5147,-0.26154081675731056,Paimar,5,5,8.61158471960094
5133,-0.2614982212975376,Ganga,1,1,8921.714961619718
3803,-0.2613305782614838,Ganga,1,1,1096.9798248356808
5167,-0.26069018281392003,Harohar,3,3,8.798556423239436
4864,-0.2604364462608362,Ganga,1,1,9725.419900938967
3793,-0.25805649974990513,Khaimua,5,5,16.718070431338028
4855,-0.25791854217127747,Kankai,4,4,18.7342214971831
3470,-0.2579019884954224,Mahuar,4,4,2.801718875340376
4775,-0.25761462241666216,Babai,4,4,3.9121351531807513
5152,-0.25743648875956254,Mohana,4,4,6.16559054455399
3795,-0.2551400219323396,Garra,4,4,86.45592862265258
4404,-0.2543091214477961,Ganga,1,1,5266.497728262911
4570,-0.2540974350735773,Ganga,1,1,5254.514432077464
4402,-0.2540769531652179,Ganga,1,1,5250.953184284038
3893,-0.2539796605500715,Gagas,5,5,8.570340206314555
4569,-0.25385969952487986,Ganga,1,1,5238.941987910797
4258,-0.25324149629308074,Ken,2,2,10.118433937605635
4163,-0.25206503345406106,Jamni,4,4,12.126727285751173
4030,-0.25054651119984367,Ghaghara,1,1,36.276223938380284
3922,-0.2503795210214584,Malin,5,5,9.759543986854458
3490,-0.24931254992331833,Banganga,4,4,1.6512019290023474
3355,-0.24904617040600982,Sesar,5,5,1.7123028148474178
3945,-0.24903748731588693,Tamasa,3,3,7.925288352030516
4161,-0.24888008262519215,Jamni,4,4,55.532102210328645
4134,-0.24715852596197604,Lakheri,5,5,10.794413422969484
4456,-0.24680882325508627,Rapti,2,2,171.62406891197182
3801,-0.24626382858101695,Ganga,1,1,994.8738986267606
3453,-0.24557726718731815,Parbati,3,3,18.488643460798123
4567,-0.245067721185665,Ganga,1,1,5122.37294387324
4729,-0.2450588864795041,Karmanasa,3,3,5.017293100093897
3515,-0.24487107380986778,Khari,3,3,25.431598767605635
4568,-0.24482076197913363,Ganga,1,1,5137.718314612675
3351,-0.24404280008483178,Bamni,5,5,1.6063562642840374
3961,-0.24324901876264507,Ganga,1,1,5027.640909847418
3558,-0.24317785489114765,Kali,3,3,3.1758127157746476
3959,-0.24295157571366946,Ganga,1,1,5024.77615350939
3378,-0.24218833619453092,Gambhir,4,4,15.788565976760564
3373,-0.2419840313248813,Gambhir,4,4,11.673410516901408
3938,-0.24163956359849556,Ganga,1,1,5014.291158779342
4578,-0.2404013243522639,Ganga,1,1,3.4454900960446007
3937,-0.24017822237523276,Ganga,1,1,4995.449173122066
4432,-0.23979231629699713,Ghaghara,1,1,6.607043070692488
3934,-0.23967170899810616,Ganga,1,1,4990.507281115024
4436,-0.23931333174172348,Ghaghara,1,1,4.041141517241784
4766,-0.23833993297690215,Manorama,4,4,4.3134021761384975
3794,-0.23750823660362952,Deoha,4,4,78.47645806760563
3995,-0.23747970539704583,Ganga,1,1,3.141702558908451
5083,-0.23728492525062092,Hooghly,1,1,8.087874045539907
3387,-0.23572165847361382,Sindh,3,3,154.6217852652582
4017,-0.23474911485001082,Gomti,2,2,62.23408108521127
3534,-0.23468000438588302,Hindon,3,3,55.97218607535211
5140,-0.23405145322557194,Harohar,3,3,184.97823055046948
4131,-0.23397750350767818,Dhasan,3,3,18.961716659741782
5161,-0.2336793371021734,Harohar,3,3,164.54987813028168
4727,-0.2331143434112805,Karmanasa,3,3,36.7706245185446
4820,-0.23204538572272812,Bakra,5,5,23.663452589788733
3460,-0.23150745522741067,Mahuar,4,4,16.96638480399061
5160,-0.23084352652890464,Harohar,3,3,134.13102529460096
4955,-0.23061867060409358,Iwa,5,5,11.803079563497652
3285,-0.2303370182313054,Tons,2,2,20.001716998239438
3494,-0.229331064512127,Khari,3,3,37.73336680328639
3967,-0.22892156051055984,Karmanasa,3,3,12.674562082746478
4154,-0.22883325025121073,Dhasan,3,3,3.532660628591549
4111,-0.22735010405763478,Parwar,5,5,3.2268420561737092
3479,-0.2271859548343489,Khari,3,3,66.28577077112676
3312,-0.22571590908711964,Tons,2,2,34.265965703521125
4726,-0.2240463769890847,Karmanasa,3,3,28.603350043075118
3504,-0.22381133008791168,Khari,3,3,33.864836388615025
3514,-0.22345468207127978,Khari,3,3,30.640002617723002
4540,-0.22332623871543536,Punpun,3,3,4.601427743884977
3846,-0.2231076243519329,Deoha,4,4,60.84225650457746
4863,-0.22303794939994503,Ganga,1,1,11288.112461971832
3921,-0.2229861611385454,Banganga,4,4,6.839033371913146
4571,-0.22258707483606474,Gandak,2,2,7.561803321772301
4834,-0.22248182535642627,Ganga,1,1,11304.784295774649
4045,-0.22162525671441616,Ganga,1,1,4337.680865551643
3527,-0.22135997827584533,Khari,3,3,9.807220401525822
4835,-0.22132225444538048,Ganga,1,1,11353.386415023475
4836,-0.2205193342646786,Ganga,1,1,11372.114455633804
3969,-0.22002650106826852,Karmanasa,3,3,22.40668391619718
4838,-0.21952609146293459,Ganga,1,1,11900.703923356807
1523,-0.21906408329233792,Padma,1,1,12407.399988380283
2959,-0.21883560841500055,Ganga,1,1,11915.043745187793
4160,-0.2187410744504877,Jamni,4,4,13.472468126877935
1553,-0.2184757047641074,Padma,1,1,12354.839418309859
1551,-0.2183768050877333,Padma,1,1,12347.029978286386
2973,-0.217820725228463,Padma,1,1,11970.29781173709
4856,-0.21749337591962736,Kankai,4,4,50.70071109953052
2960,-0.21745510998505407,Ganga,1,1,11957.178962558684
4015,-0.2164909317130432,Gomti,2,2,29.707297943309857
4725,-0.2160115065619246,Ghaghara,1,1,6.91826083064554
5155,-0.21588227562492304,Sakri,5,5,30.136144343192488
4774,-0.21513013161301747,Ghaghara,1,1,3.3072571217957747
4040,-0.21467368841772572,Ganga,1,1,3.9965299301877937
4559,-0.21435198956976487,Dardha,4,4,40.64851645762911
4149,-0.2136975045760047,Dhasan,3,3,4.218450151760563
3473,-0.21297549012147746,Mahuar,4,4,13.541532497769952
3510,-0.21254432563485504,Banganga,4,4,1.4874855679225352
3897,-0.21194818251004624,Kali,3,3,1.8684483195539905
4439,-0.211288840110813,Rohini,3,3,14.673715180516432
3471,-0.2112338827784203,Bilrai,5,5,2.7293924247417842
3496,-0.2105353918145685,Khari,3,3,61.035332522300465
3850,-0.20956120616464385,Baur,4,4,25.550173559389673
4280,-0.20895089910969647,Khudar,5,5,4.564308493298122
5168,-0.20842308265367207,Harohar,3,3,18.281092328755868
4539,-0.20836277720414592,Madad,5,5,3.4929422771361502
4049,-0.20819419128438768,Gomti,2,2,2.8980645050000002
4136,-0.20648852151477523,Lakheri,5,5,4.301285174823944
3870,-0.20642116765160104,Ganga,1,1,22.251207913849765
4460,-0.20600126029983237,Rapti,2,2,81.00803538884978
3915,-0.20562331651159993,Song,4,4,10.421104558579813
4437,-0.20540150717579198,Tamasa,3,3,4.605432568462441
3472,-0.20534326836575706,Mahuar,4,4,9.955185225539905
4844,-0.2051175919234726,Mechi,4,4,25.126396564788735
5103,-0.20507755623233417,Garkhe,5,5,232.80058244131456
3509,-0.20502309646569092,Gambhir,4,4,4.00477261480047
3423,-0.20427480880135823,Mashi,4,4,1.2807020915539906
5094,-0.202934900156735,Ganga,1,1,106.80564330633804
3933,-0.20246433056103838,Ganga,1,1,4658.502503016432
4037,-0.20013601826758406,Ganga,1,1,4590.164227887324
4139,-0.20001787123659232,Dhasan,3,3,145.10352577816903
3552,-0.19981986761466863,Hindon,3,3,49.60023149647887
5170,-0.19920217123837297,Punpun,3,3,61.70586950293427
4038,-0.1991933784281104,Ganga,1,1,4611.746859941314
3972,-0.19911356437716884,Ganga,1,1,4623.0334967723
3263,-0.19838072177233615,Yamuna,1,1,54.55474567359155
3478,-0.19747534054428056,Betwa,2,2,5.582449805199531
4931,-0.1968737812954228,Kamala,3,3,7.696582658157277
4591,-0.1967144482463508,Jinjoi,5,5,3.709376833978873
4135,-0.1959390350562099,Dhasan,3,3,142.6925970516432
4929,-0.1949581380869454,Jamuni,5,5,6.449381644330986
3891,-0.19465903590679542,Ramganga,2,2,15.535655628755869
4282,-0.19437157283498518,Kutni,5,5,9.068178996314554
4562,-0.1936317989121563,Punpun,3,3,57.05860237558685
4261,-0.19222384211289617,Shyam,4,4,4.764708959154929
3914,-0.1917285000140308,Saswa,5,5,7.437593150293427
4824,-0.1914082427924744,Ratua,5,5,24.524309958685446
4186,-0.1912104860159557,Sanr,5,5,3.9169138279694833
4146,-0.18882883073890808,Dhasan,3,3,5.982872092664319
3841,-0.1887130361546264,Ladhiya,5,5,13.45960332266432
4780,-0.1879060803018224,Sharda,2,2,8.557980945950705
4216,-0.1876283788657745,Pashchimi Nayar,4,4,10.208162341021128
3508,-0.18760162888381454,Gambhir,4,4,1.7135712369835683
3386,-0.1865675869510454,Sindh,3,3,129.7121050504695
3466,-0.1862674215991401,Sindh,3,3,3.0417218778403754
4932,-0.18617465821905183,Jamuni,5,5,15.603176911150236
4752,-0.1861430526764764,Bhada,5,5,28.551775814436617
4444,-0.1853345634400354,Rohini,3,3,37.897797367723
5158,-0.18477569448746572,Phalgu,3,3,86.35776925176056
4133,-0.18430008152292227,Dhasan,3,3,130.9011785387324
4132,-0.18400602652586046,Dhasan,3,3,117.63358697183098
3916,-0.18371909936296038,Song,4,4,23.71971186584507
3930,-0.1831505921094691,Gomti,2,2,6.985695233215962
3844,-0.18178126256321053,Khaimua,5,5,9.709602242370892
4593,-0.1815117646782738,Amanat,4,4,26.654744180751173
3325,-0.18073535966437537,Ashmi,5,5,3.515667688039906
4851,-0.18034683621300485,Nagar,5,5,65.26366815739436
4117,-0.18000401289801518,Yamuna,1,1,2590.39183915493
4595,-0.1798191845340459,Amanat,4,4,36.30744751830986
4371,-0.17922765156396497,Ghodchhatra,5,5,6.571642279812206
4933,-0.17823151209032115,Kamala,3,3,44.29067507488263
4123,-0.17807820695461282,Yamuna,1,1,3009.4409684741786
3880,-0.17772658134728972,Gangan,4,4,12.29170209084507
3418,-0.17756999993686834,Mashi,4,4,0.9883327814765258
4826,-0.17727512725577818,Kankai,4,4,136.59406079460092
4926,-0.1768338157554148,Rato,5,5,13.072679229765258
4889,-0.1766875680963398,Kosi,2,2,7.443370287910798
4554,-0.17597589112823422,Madad,5,5,14.701202728286386
4594,-0.17584056456519107,Amanat,4,4,32.56861189201878
4935,-0.17552172739132474,Kamala,3,3,82.6513684149061
4750,-0.17527743389686834,Rapti,2,2,130.49836768368544
4094,-0.17520534273598462,Yamuna,1,1,3027.617977535211
4095,-0.1744032317891268,Yamuna,1,1,3034.1443494483565
3790,-0.17371494446545266,Ajnal,5,5,7.4948949306807515
4934,-0.17200102828394118,Kamala,3,3,69.94567256232394
4846,-0.17168402692987703,Mechi,4,4,72.13677660915492
4141,-0.1715657076629532,Dhasan,3,3,97.88409075176057
4597,-0.17138990179071023,Tahle,5,5,12.62971646044601
4558,-0.17088015559857972,Morhar,4,4,27.452861477699532
4304,-0.17011082038590072,Bewas,5,5,5.537632675305165
4370,-0.1701074155201921,Katni,4,4,55.31285341431925
4153,-0.16976827371045947,Dhasan,3,3,55.424476233685446
4116,-0.1697570894013977,Yamuna,1,1,2556.4941109507045
4845,-0.16957409200989543,Dahuk,5,5,34.37232915011737
4279,-0.16878219113018753,Banne,5,5,5.382722472089203
3962,-0.16863997962355168,Karmanasa,3,3,93.7106961032864
4728,-0.1685364682003516,Karmanasa,3,3,76.34757843133802
3556,-0.16822568927850584,Kali,3,3,18.32727963579812
4276,-0.16789978318360385,Banne,5,5,11.531976915598591
4251,-0.16749695323538466,Yamuna,1,1,3084.7140665727698
3409,-0.16747440530925684,Kareli,4,4,3.1992131403638497
4096,-0.1670791892435279,Yamuna,1,1,3072.174189342723
4295,-0.1666007554928631,Sonar,3,3,4.392832890434272
4115,-0.16608247363255335,Yamuna,1,1,2547.6244885798124
4556,-0.16540902157635576,Lilajan,4,4,21.816349767018778
4587,-0.16483675746399304,Sukri,5,5,7.704470144084507
3410,-0.164607700438723,Morel,4,4,2.0968169946596245
4254,-0.16433902059769961,Yamuna,1,1,3105.2621680633806
3929,-0.16348650440107304,Ganga,1,1,5.804889239143192
4232,-0.1626997235893848,Yamuna,1,1,3120.9877603873238
4930,-0.16228311262133063,Jamuni,5,5,7.470053865363849
4876,-0.16189875626662156,Kosi,2,2,90.36306185093898
4264,-0.16181922168097812,Shyam,4,4,20.16393994225352
4537,-0.16170413532324993,Dharmauti,5,5,3.348402212347418
3829,-0.16152767111312455,Yamuna,1,1,1959.8750790023475
7669,-0.1613451492273989,Mendha,3,3,2.4886309056924887
3217,-0.16130259554140888,Koel,3,3,17.428241620539907
4044,-0.16114435628574594,Yamuna,1,1,3142.212830492958
4604,-0.1609726023423445,Barhki,5,5,6.997839303110329
4560,-0.16090236894228432,Punpun,3,3,40.75464166830986
3455,-0.16019162910278226,Sindh,3,3,121.60237837793429
4731,-0.15989791662429195,Surai,5,5,6.588389262664319
4565,-0.15988501966173305,Koel,3,3,165.44569190962443
3449,-0.15975399017241462,Mendha,3,3,1.152357328717136
4155,-0.1593387879858537,Shyamri,5,5,5.910786968051643
4278,-0.15883102024649193,Banne,5,5,4.3074026898239435
4151,-0.15851239524076316,Kathan,5,5,9.065405722241783
3581,-0.15813292800848525,Newaj,4,4,4.107728759037558
3586,-0.15689897183121757,Parbati,3,3,35.015956896244134
1549,-0.15663870318789944,Punarbhaba,4,4,83.82393540669014
3559,-0.15610969871071503,Hindon,3,3,40.37562031842723
1495,-0.1560495101817337,Padma,1,1,17.1842883149061
4605,-0.1557581237496295,Koel,3,3,155.84434914788733
4549,-0.15386373638986853,Madad,5,5,9.493770108802817
3338,-0.15350407674492828,Karisil,5,5,4.2007352377934275
4892,-0.15286038198590027,Kosi,2,2,17.641931084624414
4048,-0.15282877905409364,Gomti,2,2,19.810354246478873
3425,-0.1528253955895408,Mashi,4,4,20.493719531338026
4893,-0.15251250876542727,Kosi,2,2,24.270359836150234
7668,-0.1524984024551781,Mendha,3,3,1.8329966292370894
5162,-0.15232472790345994,Chalki,5,5,5.268839072793427
3800,-0.1522028784823126,Ganga,1,1,633.5994124976526
4152,-0.15177415484689685,Kathan,5,5,20.342510784859154
4553,-0.15175233338832045,Punpun,3,3,14.197062076525821
3869,-0.1516044237756287,Gangan,4,4,24.334819227816904
3457,-0.15136709876469082,Betwa,2,2,3.425656869589202
4599,-0.15126751055523494,Danru,5,5,8.145623950704225
4547,-0.15115442101666415,Punpun,3,3,7.785399777523474
4601,-0.1500179385046889,Koel,3,3,151.00797975821595
4269,-0.14992336736552533,Shyamri,5,5,18.42749681056338
4850,-0.1497700510423277,Kankai,4,4,81.44488112640845
3833,-0.14946756959214555,Deoha,4,4,42.771029728403754
4543,-0.14925253334900787,Batane,5,5,5.89676744640845
3424,-0.1483627060290499,Mashi,4,4,19.201223539201877
3422,-0.14813268139086827,Mashi,4,4,7.782115687288732
3421,-0.1479514506987217,Mashi,4,4,5.862383619706573
4749,-0.14763626805849087,Rapti,2,2,45.55339403251174
4927,-0.14737177187001166,Mahara,5,5,14.737848330633803
4148,-0.1472354122764765,Dhasan,3,3,38.17391395774648
4140,-0.1461479156623163,Urmal,5,5,13.916920331760563
4369,-0.14596520867218502,Katni,4,4,15.609735801760563
4600,-0.14400342333842137,Koel,3,3,139.27399572887325
3828,-0.14384069873113287,Yamuna,1,1,1920.2707666431925
4730,-0.14374252683516614,Karmanasa,3,3,15.843887973474178
5092,-0.14342912609223288,Phalgu,3,3,4.872802019988263
3465,-0.1431513093403624,Sindh,3,3,2.951592356197183
4113,-0.14301622867140887,Betwa,2,2,586.805453463615
4822,-0.1429258505907606,Parman,5,5,58.31825588086855
4739,-0.1425117278675225,Danau,4,4,24.318232646009392
4842,-0.14159945484878353,Mechi,4,4,45.982861709037564
7677,-0.1412002953683697,Mendha,3,3,0.5745130036126761
4771,-0.14066812884974608,Ghaghara,1,1,12.407280108333334
3576,-0.14039871761127193,Baleti,5,5,5.779907826737089
4760,-0.14013495981164892,Ghaghara,1,1,4.507878285833334
4852,-0.1399991516378329,Sudhani,5,5,21.35351345293427
4130,-0.13972139701110026,Kurai,4,4,9.833552521995305
3433,-0.1395713439370342,Mashi,4,4,25.610210358920188
4557,-0.13914151598253166,Punpun,3,3,20.075132511737092
4112,-0.13878048449941713,Betwa,2,2,560.018260580986
4897,-0.13872678772906877,Bagmati,2,2,5.022558594424883
4915,-0.13865926549785634,Jhim,5,5,21.229111796126762
4233,-0.1386472719638108,Dhauli Ganga,4,4,15.714875376760563
4877,-0.1383316097443526,Kosi,2,2,101.31214572065727
4305,-0.1382718052306926,Bewas,5,5,29.60037547511737
4128,-0.13809601245478675,Kurai,4,4,4.346647330657277
3407,-0.1380491502770721,Kareli,4,4,7.827602944495306
4735,-0.13768531220106006,Banganga,4,4,26.863708005164316
4598,-0.13750649424574077,Koel,3,3,125.72937177112676
5085,-0.13708256167039348,Nagar,5,5,91.9617335269953
4879,-0.13651126689081727,Kosi,2,2,110.96261339553992
3403,-0.13629918931599855,Kareli,4,4,1.742330093532864
4121,-0.13589775726130968,Betwa,2,2,555.5588514049296
4938,-0.13586378612507116,Kamala,3,3,5.077046082511737
3923,-0.13538191895555643,Banganga,4,4,36.04026033568075
4433,-0.13472057460250425,Gandak,2,2,19.91161341443662
2481,-0.13429692672615628,Son,2,2,14.308983899882628
7681,-0.1341287727102486,Mendha,3,3,1.1264363730985916
5084,-0.13412825134527748,Padma,1,1,6.204239634471831
3399,-0.13335488038047624,Mashi,4,4,9.44429714346244
3454,-0.13313824961135032,Sindh,3,3,109.48894129107981
4267,-0.1323895617301869,Shyamri,5,5,9.62944993173709
3678,-0.13234657279633646,Padma,1,1,36.21592758720657
4150,-0.13202588546906413,Kathan,5,5,5.6860131036267605
5093,-0.13201518919935368,Phalgu,3,3,60.812385570422535
3393,-0.13191825587943667,Yamuna,1,1,1898.5144007159624
3493,-0.13177454060654237,Banganga,4,4,21.868636437206572
3901,-0.13142830419889862,Bagad,5,5,5.508258199049296
4103,-0.13080519872096041,Katni,4,4,91.12667587206572
4778,-0.13047522435218933,Sharda,2,2,347.2942484730047
3579,-0.12979318227742256,Parbati,3,3,14.86541238039906
4550,-0.12976405633970742,Morhar,4,4,11.267836582042255
4104,-0.12971778942690917,Son,2,2,102.43278396185447
3677,-0.1291230147489418,Padma,1,1,19.654104644248825
4741,-0.12792167707888435,Danau,4,4,11.258473935457745
5171,-0.12760940179458202,Jam,5,5,3.927423647511737
4147,-0.12726250121656754,Bewas,5,5,23.012787804460096
4561,-0.12700123827525017,Phalgu,3,3,55.41487341115024
4592,-0.12609035074257932,Maila,5,5,5.215582969542253
3517,-0.1256526077368289,Sanwan,4,4,1.326711966701878
1496,-0.12561215090685418,Padma,1,1,57.91545506115023
4624,-0.12518886179518807,Kanhar,3,3,8.373316915305164
4102,-0.12470618655692231,Bhandar,5,5,7.33984875713615
3683,-0.12379564702055436,Padma,1,1,9.362489949413145
4616,-0.12313598848009394,Koel,3,3,28.201313401995304
4169,-0.12304415821742253,Jamni,4,4,3.9184999497535213
3443,-0.12287813468706156,Mashi,4,4,0.6377937743791079
3445,-0.12203220476441214,Mashi,4,4,1.351788822875587
4895,-0.12185087703627696,Kosi,2,2,39.38707007664319
4167,-0.12149565984582324,Narain,5,5,21.01359794812207
4268,-0.12057011954123116,Mirhasan,5,5,17.355327789906102
3441,-0.12028918312667256,Bajyan,5,5,3.100237337758216
3913,-0.12017788093015504,Ganga,1,1,11.392242774413145
3406,-0.11963383514983376,Dhil,5,5,4.528355328333333
1560,-0.1196078082969997,Tangan,4,4,12.80849325786385
3886,-0.11866431577192714,Kali Rau,5,5,7.425802423321596
3585,-0.118624859537738,Paru,5,5,6.715981351361502
4226,-0.11832456529315562,Mana,5,5,5.819124316302816
4050,-0.11812147685003864,Sharda,2,2,331.19407525704224
4191,-0.11749030234894088,Ajmar,5,5,12.799901353403754
4145,-0.11679231699004224,Dhasan,3,3,26.52985610246479
4747,-0.1164218143015427,Rapti,2,2,5.120449398122066
3420,-0.1158850507718945,Mashi,4,4,3.4632936971478876
4263,-0.11491534200221958,Shyam,4,4,16.25692218192488
4077,-0.11448278271282254,Tons,2,2,9.91157061685446
3661,-0.11445652371392655,Padma,1,1,68.36499730633803
4804,-0.1141901819324443,Sharda,2,2,15.741169440023475
5172,-0.11394366338552261,Lilajan,4,4,6.432846996478874
1552,-0.1130993632729961,Padma,1,1,5.238577650774649
4940,-0.11196423643211832,Kamala,3,3,7.141783414295775
4440,-0.11179318924355029,Rohini,3,3,19.624927112441313
3296,-0.11168897795762366,Yamuna,1,1,5.926490043368545
1548,-0.11166190261043772,Punarbhaba,4,4,55.655701695774646
3405,-0.11137594387182435,Kareli,4,4,3.7210597140962443
3516,-0.11120843940974744,Sanwan,4,4,1.2583591843075117
5137,-0.11071495418664719,Nakti,5,5,8.33049367112676
4142,-0.10998862855160273,Dhasan,3,3,5.088048887100939
3458,-0.10993817877550607,Ghurari,5,5,5.172470806596245
4590,-0.10964650045453801,Koel,3,3,58.055102097417844
4275,-0.10951496086906119,Sonar,3,3,106.72786683568076
4617,-0.10892342124549717,Burha,5,5,13.891104552699531
3580,-0.10892287320579915,Newaj,4,4,16.277654526056338
4122,-0.108607874726889,Ken,2,2,416.2960502535211
3417,-0.10735767031965901,Mashi,4,4,3.986384493403756
4297,-0.107045288451893,Sonar,3,3,67.81995214366198
4343,-0.10642364240918305,Kanhar,3,3,40.555748752699536
4378,-0.10631889895607817,Tipan,5,5,14.229674593075117
3911,-0.10612509547231028,Ganga,1,1,5.691639754647888
3284,-0.10600679339355663,Bata,5,5,6.539674414953052
4607,-0.10585692457270914,Kanhar,3,3,7.7258285901056345
4596,-0.10585170969143921,Koel,3,3,85.44667409859156
4608,-0.10501211913777077,Kanhar,3,3,12.146521133802816
3302,-0.1046114298863558,Hindon,3,3,20.54279970786385
3461,-0.10458210201795494,Sindh,3,3,90.82553662382628
4298,-0.10399525989795032,Sonar,3,3,85.82632888943662
3444,-0.103392157805713,Mashi,4,4,1.9520249036150235
4250,-0.1033067322541145,Ken,2,2,373.2114139471831
4283,-0.10317919801949356,Ken,2,2,346.807755971831
1526,-0.10295600203858414,Padma,1,1,15.880005840375587
4266,-0.10263670207051687,Shyam,4,4,5.132708040950704
4259,-0.10256948608092278,Ken,2,2,376.76696834741784
4260,-0.10250987448840186,Ken,2,2,394.7518327558686
4942,-0.10246477926058886,Kamala,3,3,5.412461678028169
4602,-0.10243323221455679,Kanhar,3,3,62.34241124061033
3577,-0.10215189744043007,Newaj,4,4,8.59603570769953
4888,-0.10079945532991509,Kosi,2,2,11.123728404342724
3491,-0.09973941047782785,Banganga,4,4,18.250977324413146
3673,-0.0994833390864474,Padma,1,1,7.455330853485916
4281,-0.09947978916224152,Ken,2,2,337.3733527370892
5077,-0.09823717977943268,Tangon,5,5,35.41306835023474
3308,-0.09790764350929036,Rupin,4,4,3.487688051279343
4277,-0.09732206318051505,Ken,2,2,332.7611062464789
4184,-0.0962423218293383,Narain,5,5,15.719823625234742
4046,-0.09576160602508337,Gomti,2,2,4.5637067642723
3464,-0.0953834143466561,Betwa,2,2,405.8094919119718
1562,-0.09482250458857602,Punarbhaba,4,4,18.983422844248828
3522,-0.0946230192789448,Sanwan,4,4,6.04506612761737
4891,-0.09440571113873814,Balan,5,5,15.335545285563379
7678,-0.09374823204894787,Mendha,3,3,3.3599517678286386
5130,-0.09360032285626563,Jamni,4,4,12.69517304681925
3532,-0.09332530800238928,Barah,4,4,5.090688062523474
4827,-0.09235670278892015,Mahananda,2,2,380.21837844248824
3939,-0.09178943976092863,Karmanasa,3,3,38.767669865140846
4551,-0.09072010635800672,Dharmauti,5,5,10.735725271596243
3520,-0.09067671913959338,Barah,4,4,3.030924009096244
4262,-0.09058946808928824,Shyam,4,4,10.296930526713615
4296,-0.0897349793183278,Kopra,5,5,17.97555022887324
3887,-0.08877547724450703,Kosi,2,2,7.825473060105634
4274,-0.08849612205935005,Ken,2,2,310.7332513568075
3426,-0.0880436174442478,Sohadra,5,5,1.14055148460446
4589,-0.087261435818052,Auranga,4,4,24.4007448528169
3404,-0.08658582281615791,Kareli,4,4,1.9473897937558684
4182,-0.08649007431615356,Betwa,2,2,3.6338018607277
3927,-0.0863356998128153,Solani,4,4,24.775044011150236
3392,-0.08619762459986315,Yamuna,1,1,1653.9609911737089
3789,-0.08615958998843555,Parbati,3,3,6.052130992593897
3788,-0.0857857126724866,Papras,5,5,3.3554691604694837
3587,-0.08556836049293176,Parbati,3,3,66.23892779741784
3526,-0.08531324206291403,Khari,3,3,1.414163373286385
4541,-0.08524367288052705,Sorhur,5,5,5.557928078720657
3926,-0.08475400848536782,Solani,4,4,7.217183010892018
4811,-0.08410797112949688,Panar,5,5,9.694576757558684
4271,-0.08347287867687604,Sonar,3,3,204.55850189788734
3419,-0.08298534332242148,Mashi,4,4,1.148460927910798
4143,-0.08283503955976582,Dhasan,3,3,13.833526857629108
4273,-0.08256237315336451,Ken,2,2,290.8415646725352
3879,-0.08209519737491487,Gangan,4,4,8.915503199495305
4872,-0.08205253549510502,Bagmati,2,2,7.850698356338028
4110,-0.08203197985831363,Betwa,2,2,22.694863278521126
3524,-0.0811277142097223,Banganga,4,4,16.1511086221831
3847,-0.08009620108211227,Sharda,2,2,293.203038471831
4914,-0.07909258132814731,Lakhandei,5,5,12.4980376592723
4099,-0.07892431919580256,Gudne,5,5,11.436247201056338
4733,-0.07885816300955467,Banganga,4,4,10.856698848356807
4228,-0.07825148302828798,Bhagirathi,3,3,14.82628099758216
2971,-0.07816321268525338,Padma,1,1,365.8362425058686
4091,-0.07768514859620283,Yamuna,1,1,11.083304707312205
4187,-0.07768029041376433,Betwa,2,2,4.394448433215962
4272,-0.07756559809300827,Ken,2,2,268.9957825809859
5091,-0.07681992926030974,Balan,5,5,7.337429706279342
3592,-0.07636980695395516,Londri,5,5,5.650096240985915
5078,-0.075884238386153,Tangan,4,4,74.25595527758216
3347,-0.07579038055759327,Manki,5,5,4.394838872476526
3518,-0.0757452358405272,Banganga,4,4,1.919768163697183
4265,-0.0754530684303492,Shyam,4,4,3.1324689520305165
3488,-0.0750024032816671,Aerma,5,5,5.007438008978873
3582,-0.07473683988133963,Newaj,4,4,40.03601303204225
7670,-0.07429510563595727,Mendha,3,3,8.254905293920187
4101,-0.07429456412664628,Satna,4,4,22.693799749178403
4536,-0.07375863426980903,Adari,5,5,3.2796381153286385
4828,-0.07363615828081047,Mahananda,2,2,507.2085651725352
4229,-0.07285250920303557,Jadh Ganga,4,4,10.663585850528168
3840,-0.07257869117100643,Deoha,4,4,16.805140498122068
3811,-0.0721397349033063,Ganga,1,1,559.2883454812206
4306,-0.0718207694840536,Sonar,3,3,34.5456753100939
3463,-0.07122401193603396,Betwa,2,2,389.2585315680751
3839,-0.07092308107788896,Deoha,4,4,10.961827737030518
3442,-0.07071748015388701,Mashi,4,4,0.5769486129213616
4047,-0.07051566030778932,Gomti,2,2,7.132793411220657
4913,-0.07050460511141247,Bagmati,2,2,8.096962487992958
4924,-0.07049595202687235,Bagmati,2,2,29.830709923474178
3523,-0.0700674237748356,Banganga,4,4,10.012877088615022
4612,-0.0695518394530964,Panda,5,5,8.3838633221831
3462,-0.06922099683112189,Betwa,2,2,379.6752462840376
3528,-0.06896194810087013,Barah,4,4,9.243617279694837
4873,-0.06882056397758879,Balan,5,5,29.30829176701878
4287,-0.06826707821292143,Bearma,3,3,42.46830070093897
4307,-0.06791204849375951,Bearma,3,3,15.659296978521127
3862,-0.06785078833197042,Ramganga,2,2,4.233813783802817
3412,-0.06780177114266978,Morel,4,4,33.98059839706573
4238,-0.06758893677893284,Alaknanda,3,3,24.62153532875587
4406,-0.06744769741322489,Ganga,1,1,11.16774049483568
4734,-0.06739729457863462,Banganga,4,4,11.899440377664318
4308,-0.06733770297461038,Bearma,3,3,13.348480674647888
3791,-0.06635864397026492,Mej,4,4,12.921749874061033
4825,-0.06540646550702817,Panar,5,5,114.42632022828639
2931,-0.06533198497575678,Bhairab,5,5,17.188659837206572
4302,-0.06488608402148659,Ken,2,2,35.18679567969484
5100,-0.06426402850607192,Ganga,1,1,14.2517313407277
4798,-0.06424692364232151,Mahakali,2,2,284.8581986725352
3431,-0.06384588873836215,Sohadra,5,5,4.964248849788732
4941,-0.0638435240621346,Kamala,3,3,56.81025150093897
3810,-0.06333558030300539,Ganga,1,1,554.3308548251174
5139,-0.06293357554986498,Kiul,3,3,38.67125150762911
3598,-0.06260901941816682,Chhoti Kali Sindh,4,4,4.197951649061033
2912,-0.06204670329393276,Padma,1,1,18.93275565559859
4446,-0.061903056184082816,Danau,4,4,11.346115455035212
4615,-0.060863681264860484,Chaupat,5,5,4.957696393579813
3890,-0.06085684605158144,Ramganga,2,2,9.371308812488262
3555,-0.06081269355806002,Solani,4,4,12.987122060093897
4289,-0.060719924992720845,Bearma,3,3,62.13568717946009
4875,-0.060710437280275864,Kamala,3,3,70.77895424084507
3291,-0.05948724761911287,Yamuna,1,1,11.943506646244131
3776,-0.05905917949894688,Parbati,3,3,81.50647842723005
4108,-0.058412244227313594,Betwa,2,2,11.308174509448358
3469,-0.058397870486033975,Sindh,3,3,72.23334192840376
1528,-0.05831710991444572,Padma,1,1,42.90477337429577
4290,-0.05804774546881899,Bearma,3,3,73.77709135469483
3553,-0.05788396161612007,Kali,3,3,4.2445890664788735
4817,-0.0572200271426063,Parman,5,5,24.815279339319247
3435,-0.05712789783763022,Galwa,5,5,5.815351964671361
3654,-0.05691595957979441,Ashamati,5,5,13.421297388732395
5163,-0.056653677390378396,Kunda,5,5,7.232728709002347
4441,-0.056584756007711484,Dande,5,5,32.90361223931925
4939,-0.05637264605782777,Kamala,3,3,49.4321225076291
3659,-0.05617236408199251,Chhoti Kali Sindh,4,4,4.815786290387324
7679,-0.05580890697298794,Mendha,3,3,7.017628425516431
5134,-0.0557425730307775,Kiul,3,3,9.302518414788732
3411,-0.055634838822953725,Morel,4,4,29.642119815258216
4190,-0.05544488716915293,Betwa,2,2,11.342599511150235
5086,-0.055172843212755465,Nagri,5,5,153.5969928673709
3625,-0.05429125841074573,Mej,4,4,17.464630498356808
4292,-0.05404079247334263,Bearma,3,3,82.1827527443662
3521,-0.053932350628819875,Sanwan,4,4,3.6710523127934276
3554,-0.05265120985914725,Kali,3,3,5.237602326291079
4611,-0.0525443162905452,Kanhar,3,3,91.40969545539906
3687,-0.05251017465677804,Padma,1,1,8.891644415375588
4293,-0.052083899071375735,Bearma,3,3,4.286337623638498
4420,-0.051847014869155904,Ghaghara,1,1,3.512447381338028
4294,-0.05181264110715765,Bearma,3,3,95.95238725774648
4231,-0.05146634708928772,Jadh Ganga,4,4,14.579977696948356
4300,-0.050972520917372956,Katni,4,4,24.90328208732394
5136,-0.05037655670487076,Ulai,5,5,5.2893203682863845
4194,-0.050266415632928545,Betwa,2,2,47.80127288204225
4917,-0.04977966784026431,Burhi Gandak,2,2,9.641221449882629
4831,-0.04865904470287972,Kalindri,5,5,528.5294184330986
2930,-0.0486385960907929,Mathabanga,5,5,13.235049484859154
3311,-0.04859749409262025,Tons,2,2,16.959023804342724
4270,-0.04806320111660059,Ken,2,2,64.34256820610328
3679,-0.047887433823795185,Padma,1,1,97.14218842018781
4555,-0.04677308236216897,Mohana,4,4,23.807381749765256
3408,-0.04665376308211487,Morel,4,4,27.3571037814554
3778,-0.046309223151398404,Parbati,3,3,95.96276251995306
4171,-0.04618320938825873,Bina,4,4,9.81640852084507
4109,-0.045979696655997944,Betwa,2,2,18.289033552934274
5080,-0.04540113507136706,Kuliki,5,5,26.409610686502344
3780,-0.04494244480362831,Parbati,3,3,105.983769564554
4936,-0.04491275481207304,Kamala,3,3,43.73328893532864
3653,-0.04491240895479266,Kanh,5,5,9.773649297769953
3396,-0.04452905023781879,Dhund,5,5,1.8461679467018781
4900,-0.0433431781440249,Kosi,2,2,30.544672680399064
4285,-0.04326423751983876,Bearma,3,3,9.217000836643193
4374,-0.04271614886079025,Son,2,2,4.951199801971831
4805,-0.04257605661021802,Sharda,2,2,49.16598636913146
4853,-0.04250520416895481,Mahananda,2,2,233.35645905164318
4288,-0.04202418950797475,Bearma,3,3,4.86203389084507
3727,-0.041145458715998666,Mej,4,4,8.42840008564554
4830,-0.040844187440383685,Sui,5,5,37.000525485915496
4286,-0.04061002762642222,Bearma,3,3,16.001703474647886
3348,-0.040312750100497466,Kuno,4,4,8.836064239753522
4409,-0.04024436167884842,Ganga,1,1,7.317647200234743
3760,-0.03995151268434122,Parbati,3,3,115.62843569366197
3730,-0.03916859791845155,Berach,4,4,9.117711590575118
5082,-0.038148681821613614,Punarbhaba,4,4,265.92811353051644
4144,-0.038114157575455485,Bina,4,4,26.330321835328636
4918,-0.037791592959395395,Bakalya,5,5,27.137877312676057
5138,-0.03727728474150509,Kiul,3,3,25.861138388497654
2913,-0.03711814881268519,Ichamati,4,4,20.5486154814554
3686,-0.03648581881676819,Padma,1,1,8.45149572382629
4224,-0.03646730778257325,Jadhang,5,5,1.4385270602147886
3578,-0.03624090155776793,Kali Sindh,3,3,44.31961001596244
3672,-0.03615399249034987,Padma,1,1,137.0897731983568
4299,-0.03607671090789872,Ken,2,2,18.860960563849765
4156,-0.03606074088382143,Urvashi,5,5,23.46898471866197
4544,-0.035552933593387466,Dharmauti,5,5,6.158141905046948
4357,-0.03545657628324451,Son,2,2,3.9198720270422536
1530,-0.035227844942890794,Padma,1,1,49.59162863356807
4303,-0.035177653423573686,Sonar,3,3,4.483229234800469
4360,-0.03503878041369689,Son,2,2,4.29963399649061
4588,-0.034692311350912504,Auranga,4,4,10.974887140375587
4090,-0.03454420687835258,Sasur Khaderi,5,5,8.128388620739438
4937,-0.03381144343994631,Kosi,2,2,5.244361334401408
4354,-0.03377420492642699,Banas,3,3,9.013912445504696
3594,-0.033119039111746275,Lakundar,4,4,13.040260820070424
3781,-0.03311105140436723,Ghora Pachhar,4,4,1.7900594872535212
5135,-0.03308354535373283,Kiul,3,3,20.44852296326291
5089,-0.03307044215709503,Nagri,5,5,161.67007764201878
3853,-0.03304946205614408,Gaula,4,4,78.26306117957746
3761,-0.03297581225703163,Parbati,3,3,125.8974313169014
3656,-0.03292348325350382,Shipra,4,4,31.83572480410798
4535,-0.0318962492168977,Ganga,1,1,3.2114200679694838
3675,-0.031409983851049234,Padma,1,1,180.0356022664319
4793,-0.03114432415783877,Mahakali,2,2,272.32169711913144
4227,-0.030541644578198343,Jadh Ganga,4,4,3.337238610539906
3970,-0.028717133552200534,Karmanasa,3,3,7.814021209859155
4159,-0.02858359564956374,Betwa,2,2,321.9673516619718
3468,-0.02856437952062317,Sindh,3,3,62.1867328149061
3323,-0.028360056549865485,Bhagirathi,3,3,74.53743137523475
4174,-0.02814179302437459,Bina,4,4,51.03015318075117
3762,-0.028043966622987842,Parbati,3,3,131.99678624413147
3584,-0.027939207612181955,Newaj,4,4,62.119945697652575
3838,-0.027489721886057514,Nandhaur,5,5,10.3371790325
4373,-0.02676992547838782,Johilla,5,5,49.32539939659625
2919,-0.02660572044525553,Mathabanga,5,5,48.91613237723005
3910,-0.025620637301874985,Ganga,1,1,520.1626059507042
4126,-0.0255875507435509,Sonar,3,3,17.78995183673709
3674,-0.024947213576188464,Padma,1,1,170.0115383943662
4195,-0.0245873402274236,Betwa,2,2,74.56820151220657
5087,-0.024432020163521067,Sudhani,5,5,8.914880424061032
4223,-0.023800030088042923,Jadh Ganga,4,4,1.8276515580798123
4158,-0.023256173682967885,Betwa,2,2,312.19730407629106
4124,-0.023057325780440875,Dehar,5,5,7.810166503462441
3519,-0.02297965705359702,Sanwan,4,4,2.4123374480985915
4372,-0.02287750160485129,Johilla,5,5,30.71416662640845
4125,-0.0214625719355967,Sonar,3,3,8.976231531314554
3657,-0.02100413865911607,Chambal,2,2,9.035817877417841
4953,-0.020899640216711358,Iwa,5,5,34.9129448370892
4189,-0.02063815919301486,Urvashi,5,5,3.584500516267606
3593,-0.020115040584707162,Kali Sindh,3,3,12.02733139859155
4791,-0.019888750437055968,Sharda,2,2,258.42192138732395
4301,-0.019026262623258433,Patne,5,5,23.87486254107981
3467,-0.018988238709830896,Sindh,3,3,58.31250865410799
2910,-0.018950339963502753,Padma,1,1,7.561889157359155
3626,-0.018509252526408688,Mej,4,4,35.74419432206573
5081,-0.018262449103868338,Mahananda,2,2,189.01590457394366
5169,-0.018210059899678832,Garhi,5,5,4.6339626638380285
4352,-0.017386201593784976,Banas,3,3,4.550386894330986
3779,-0.017093535696148052,Chopani,5,5,5.9902008688262915
4356,-0.016498772138354618,Son,2,2,335.44129308215963
3861,-0.016230914037527782,Gaula,4,4,91.91112908802816
4203,-0.01592378349158256,Bhagirathi,3,3,80.67234610328639
3290,-0.01582011500919891,Yamuna,1,1,12.03465976584507
3786,-0.01581139250344606,Machhli,5,5,2.798879198673709
2914,-0.015613373579147686,Kalindi,5,5,41.62069646079812
4375,-0.015474155559075265,Son,2,2,328.04232996009387
4188,-0.01523680061938993,Urvashi,5,5,12.467908549295775
4575,-0.01423391898055247,Baya,5,5,23.685557791666668
4157,-0.013963725680256313,Betwa,2,2,279.15287859859154
3729,-0.013951217750904566,Berach,4,4,4.020283365387324
3596,-0.013440157874327261,Kali Sindh,3,3,72.15071639765259
3450,-0.013404510751592094,Mendha,3,3,3.6487851707863848
4291,-0.013342413345770694,Bearma,3,3,4.600119774776995
4078,-0.012864420879634393,Son,2,2,404.0840277265258
2978,-0.012511559643883268,Barnar,5,5,10.927676649413145
3909,-0.012459829470406008,Ganga,1,1,513.4649279436619
3340,-0.011962104609763073,Parbati,3,3,4.875596491936619
3782,-0.011947223359774935,Manoli,5,5,1.9926133828638497
3885,-0.011911286942901243,Gomti,2,2,6.862777992781691
4718,-0.011233444298498521,Kuthi Yankti,4,4,12.66629963975352
3428,-0.011182691113635715,Sohadra,5,5,2.894142913028169
3402,-0.011045220381442579,Morel,4,4,19.46903495375587
4327,-0.01080693703660192,Rihand,3,3,196.89291781807512
3605,-0.010203896567750009,Chhoti Kali Sindh,4,4,24.422707048943664
3764,-0.009527785695814512,Parbati,3,3,151.4009501338028
4919,-0.009003316039344294,Bagmati,2,2,8.730070508920187
4882,-0.008709580139747774,Bagmati,2,2,195.9770276314554
4823,-0.008416319465206098,Keshaliya,5,5,46.75620223755868
4197,-0.008352170317342603,Betwa,2,2,99.39557381514085
3971,-0.007530895707080557,Karmanasa,3,3,14.19378905516432
3784,-0.007010176659488636,Thalera,5,5,5.057574696784037
4057,-0.006880680271600245,Son,2,2,425.1079083521127
4185,-0.0067362884041008795,Betwa,2,2,267.547174778169
4172,-0.006684892232385713,Bina,4,4,11.387389015845072
3785,-0.006677284977199431,Manoli,5,5,6.445601853215962
4257,-0.0059944938674659385,Ken,2,2,3.3862478325586856
3487,-0.005442161594719975,Sindh,3,3,51.12599699812207
3777,-0.005363487349711088,Parbati,3,3,3.479168408673709
3624,-0.004927085657185649,Kural,5,5,14.606431346713615
4861,-0.00426351298334657,Kosi,2,2,27.71531556126761
4816,-0.003862704100916689,Singhyahi,5,5,13.073214387558684
3671,-0.0030868594577509977,Padma,1,1,38.6340918798122
5123,-0.0016804591850598006,Burhi Gandak,2,2,24.225594369835683
4618,-0.0015820106609462487,Rihand,3,3,5.738593931431925
3688,-0.001078474668536002,Padma,1,1,16.934944789553988
3849,-0.0008459902347790554,Bhakra,5,5,20.562102073239437
3765,-0.0007239410905852959,Parbati,3,3,160.46578368779342
3595,-0.0005761948160332341,Lakundar,4,4,25.09977030915493
3531,-0.0003551251901035844,Barah,4,4,2.568377068133803
3346,-0.0002753401323639695,Kendar,5,5,3.2234827864553988
4790,3.383355934119984e-05,Sharda,2,2,134.49879584741782
3908,0.0016361092194976676,Ganga,1,1,504.75194299882634
5196,0.002402052006021132,Kosi,2,2,12.045958842946009
3620,0.0024970040276818027,Thalera,5,5,2.553177236173709
4200,0.002600156622718508,Betwa,2,2,119.54221187558684
3344,0.0031471149235618823,Sindh,3,3,29.422875371126757
3574,0.004003313675417034,Kali Sindh,3,3,80.17959448122066
3485,0.004157670015765724,Sindh,3,3,7.333899998075117
4880,0.004310143768841405,Bagmati,2,2,172.79375081455402
4841,0.004784493599251651,Mahananda,2,2,19.45147545962441
3345,0.00482984096692758,Sindh,3,3,39.29239282323943
2933,0.005333465592663563,Padma,1,1,13.885134783568075
4183,0.005466297700321678,Betwa,2,2,245.37144111619716
4347,0.005795088426720537,Banas,3,3,8.76951364120892
3631,0.00595090883566236,Shipra,4,4,59.22706986983568
4177,0.005953394386631453,Betwa,2,2,220.74220289906103
3876,0.00673337945342938,Ganga,1,1,501.37332534507044
4179,0.007267267951999053,Betwa,2,2,241.33904607159624
4848,0.007451818208681675,Mahananda,2,2,180.64934644953053
3337,0.007452232313819988,Kuno,4,4,44.29453997582159
4411,0.007503480824376868,Son,2,2,1092.4193470539906
4072,0.007628770047721835,Tons,2,2,26.059372876056337
4350,0.007667606551725977,Banas,3,3,4.16652360008216
4968,0.007912936259588594,Kamala,3,3,17.84911770672535
3664,0.007955185622905848,Baveri,5,5,3.9621147144953053
5141,0.008429894132189255,Burhi Gandak,2,2,14.370886571361503
5119,0.008629487501612682,Burhi Gandak,2,2,14.602943202582159
4545,0.009166583481032905,Ganga,1,1,6.879646385575117
3486,0.009190500423456913,Indar,5,5,3.6277019907981223
5126,0.009246677056849955,Burhi Gandak,2,2,48.831252831690136
3632,0.009404404592888275,Shipra,4,4,62.73289476725352
3630,0.009998659734259648,Chhoti Kali Sindh,4,4,36.10436032992958
4812,0.010333470444559473,Sarju,3,3,57.534761477112674
4192,0.010356692309228163,Halali,5,5,21.410996184037558
3413,0.010601561807380578,Gambhir,4,4,3.794957410492958
4818,0.011206844864194982,Keshaliya,5,5,21.26590260211268
4230,0.011527522196280941,Jadh Ganga,4,4,2.901942178838028
4181,0.012658558998350136,Betwa,2,2,139.92541767312207
3400,0.012921452616197832,Dhund,5,5,8.286974962629108
5125,0.013500121561247773,Burhi Gandak,2,2,34.648594546009384
4175,0.014011839815982318,Betwa,2,2,155.6441389870892
3401,0.014113363526454,Morel,4,4,5.8673620120892025
4792,0.014222561958584217,Sharda,2,2,245.46974137089202
3398,0.014598220578466251,Banganga,4,4,5.462733866197183
2918,0.015321837867400157,Ichamati,4,4,12.03756822652582
3669,0.015530561648938724,Padma,1,1,24.302892499295776
4355,0.016471758081983014,Banas,3,3,59.488679753286384
4176,0.016979131719911496,Betwa,2,2,165.18781407042252
3842,0.017217201457155783,Gaula,4,4,21.310120376173707
3774,0.017235132042307765,Parbati,3,3,177.12330720774648
3246,0.017290695487538185,Sota,4,4,6.535281149870892
4552,0.017983321745262165,Ganga,1,1,13.253154115492956
4814,0.018721705858349112,Jaulaha,5,5,7.771127694366197
4858,0.019716942928906054,Kosi,2,2,37.318572760328635
3744,0.020121781706147333,Parbati,3,3,182.14976469014084
4921,0.02089307573942612,Bagmati,2,2,125.42222723767605
3658,0.0213954261843536,Chambal,2,2,21.003569672300472
3597,0.021808529361464282,Tila,5,5,3.674291362746479
3670,0.022150640622070113,Padma,1,1,32.718587849178405
4410,0.02217568136497025,Ganga,1,1,8.096250242699531
4857,0.02237903947387424,Kosi,2,2,5.987479016561032
4349,0.022580207868114884,Son,2,2,9.10381207430751
3563,0.023097642141365258,Kali Sindh,3,3,91.38667205751173
4205,0.023130659915153208,Bhagirathi,3,3,108.6427711379108
4574,0.023277057092428274,Gandak,2,2,4.790986071877934
2921,0.0236643690367634,Padma,1,1,92.3614619665493
3684,0.023913033076400567,Padma,1,1,5.306341019284038
3247,0.024171471521292273,Chalak,5,5,2.3081979403051642
3756,0.02436273122394682,Upreni,5,5,5.694859891361502
4173,0.024416396235055076,Kevtan,5,5,15.531417672065727
3745,0.02476403822535203,Parbati,3,3,188.08813557159624
3875,0.0253441301553294,Ganga,1,1,478.0579761349765
3746,0.026233779783131156,Parbati,3,3,192.02135879225352
4353,0.02638549486733968,Banas,3,3,50.45682059589202
4925,0.026431363070419888,Bagmati,2,2,140.3773129600939
3591,0.026682086337948892,Parvan,4,4,88.02061501056339
4901,0.02688376936804309,Burhi Gandak,2,2,252.78879749530515
4178,0.028045944125143777,Kethan,5,5,17.618117094131456
5179,0.028355288520351827,Gandak,2,2,9.7308103925
5127,0.028555952394738772,Burhi Gandak,2,2,47.94836214084508
3397,0.02900917107821799,Dhund,5,5,5.017083405011737
4810,0.029346803468837793,Sarju,3,3,47.66917016009389
4801,0.029557258600295025,Darma Yankti,4,4,10.966248303098592
4610,0.030271406395651842,Kanhar,3,3,12.078909326291079
4442,0.030383762149171514,Gandak,2,2,10.915087246009389
4815,0.031221272288588165,Keshaliya,5,5,10.674332563732394
4196,0.031263570459917595,Betwa,2,2,20.834376456455402
4854,0.03128073853349549,Kankai,4,4,10.39897703048122
3332,0.03153081269055542,Banas,3,3,217.0680951302817
3728,0.03163216976176617,Jashma,5,5,2.8185792321478873
3734,0.03302251234508648,Berach,4,4,26.993055916197186
2920,0.033101083989956134,Padma,1,1,7.704616425352113
4916,0.03313118648766612,Bagmati,2,2,92.57366429061034
2929,0.033370176554619206,Padma,1,1,110.81585504577464
2807,0.03355154371481854,Mohana,4,4,11.702358607629108
2915,0.03382065716010767,Ichamati,4,4,71.34025063356808
3685,0.03419856422848768,Padma,1,1,104.5436903673709
4092,0.03546667658143922,Sasur Khaderi,5,5,16.065838614201876
3655,0.035509188247773785,Gambhir,4,4,17.339935716549295
5106,0.035601009231160684,Ganga,1,1,18.27629295246479
5132,0.035783350092696134,Burhi Gandak,2,2,163.5347011138498
3583,0.036630674963156265,Dudhi,5,5,12.349148350821597
4866,0.03757939946018741,Kosi,2,2,11.056603900586854
3634,0.03898042928621284,Chambal,2,2,179.36027722769953
4794,0.039406425993751895,Sarju,3,3,103.66671742887324
4209,0.040060789913239206,Bhillangana,4,4,13.368048548673709
5131,0.04022935569214563,Burhi Gandak,2,2,152.97137724647888
4622,0.040563005207350324,Rihand,3,3,211.6395930680751
3736,0.04063233050010103,Berach,4,4,31.012749072065727
3633,0.041341860037844534,Chambal,2,2,136.62855053755868
3668,0.04138076622453342,Padma,1,1,8.420497608849766
3571,0.04337755862786499,Ghar Ganga,4,4,9.500829534518779
4351,0.044439734551589574,Banas,3,3,39.230419955046955
3666,0.044458903002886956,Chambal,2,2,37.25965158673709
4073,0.045771862967180346,Satna,4,4,59.1907794455399
3248,0.04580983483363629,Sota,4,4,10.468388803521128
3339,0.04707271551608923,Chambal,2,2,1134.892424870892
4576,0.04724526371366841,Burhi Gandak,2,2,181.7139431326291
4911,0.04768415249658493,Bagmati,2,2,82.27911772453052
4566,0.04896816829752033,Son,2,2,897.7547210446008
5129,0.049179587916943816,Burhi Gandak,2,2,138.12991473415494
5090,0.049318016524251676,Burhi Gandak,2,2,208.27438383098593
4881,0.049569975111574044,Burhi Gandak,2,2,202.56267287323945
4344,0.04971654423417272,Mawai,5,5,5.325870214342723
4946,0.05061115565265334,Iwa,5,5,16.537555520187794
3567,0.051049110570317954,Parvan,4,4,118.48502397887324
4348,0.051260420807282304,Banas,3,3,33.933560140258216
5142,0.05128166927584161,Burhi Gandak,2,2,16.30202876314554
4198,0.051813159361790956,Baen,5,5,18.665049263615025
4614,0.0518428917094823,Son,2,2,885.8512197183098
3415,0.05277033708213205,Banas,3,3,179.44346046948357
3564,0.05279846776270336,Kali Sindh,3,3,139.28696561032862
3414,0.053594049056602526,Banas,3,3,175.11546557511736
3342,0.053915869834244866,Kuno,4,4,10.298120720915493
3568,0.053968119361833065,Kali Sindh,3,3,144.76183748708922
4340,0.05426809132331087,Rihand,3,3,226.3860824061033
3636,0.054276131819418115,Chambal,2,2,204.19953475469484
3650,0.05465200429102349,Chambal,2,2,46.68643043169014
4542,0.05482933781174742,Ganga,1,1,5.13697661016432
3928,0.0554111391746288,Ganga,1,1,448.1906722488263
4199,0.056049226306205444,Sagar,5,5,12.783119051877934
4039,0.05606064070260608,Ganga,1,1,5.420130295492958
5277,0.05622087592540608,Chilkara,5,5,4.530341681455399
3852,0.05642476611495379,Baur,4,4,52.20931247758216
3603,0.05725889158248698,Dudhaliya,5,5,3.027365615633803
3757,0.05775677636107388,Garni,5,5,6.0888898849999995
4218,0.05824586300495788,Hiyuni,5,5,4.043757950715962
3575,0.058271074633152696,Kali Sindh,3,3,280.1755469870892
4097,0.05827742974456851,Satna,4,4,5.7769352687323945
3964,0.05840748385884166,Son,2,2,5.7914185120539905
4058,0.058599090002511754,Son,2,2,536.385633129108
3336,0.05893816701035906,Chambal,2,2,1067.8948604178404
3627,0.059454014340847454,Kali Sindh,3,3,286.5324958450704
3335,0.05988069192517269,Chambal,2,2,1057.3942189084507
3436,0.05989537900684798,Banas,3,3,165.123107935446
3783,0.05999886373688282,Manoli,5,5,2.7785190594483566
3245,0.0602056608490312,Sota,4,4,3.3575849691666666
3619,0.060567279249948695,Chandloi,5,5,1.973886601431925
3333,0.06078130437081441,Chambal,2,2,823.1478288838028
3569,0.061552764809348515,Kali Sindh,3,3,159.46042651291077
4326,0.06280633879306113,Rihand,3,3,29.820620192488263
4180,0.06286602472524454,Naren,5,5,5.07400180629108
3629,0.06362061915908311,Shipra,4,4,2.547919239612676
3733,0.0636846666452334,Berach,4,4,17.70108264448357
5128,0.06379929648646492,Burhi Gandak,2,2,89.1482067564554
4803,0.06381635326167119,Darma Yankti,4,4,29.33640620516432
3334,0.0644504298486662,Chambal,2,2,837.7891443392018
3607,0.06469522372746184,Chambal,2,2,233.08368164671361
3719,0.0650904151407469,Berach,4,4,45.96265318028169
4342,0.06514685993715333,Son,2,2,780.0093979812207
4105,0.06518163717445438,Son,2,2,213.1966733556338
4613,0.06535297111056398,Son,2,2,787.3054448298122
3434,0.06559177200082862,Banas,3,3,160.276376778169
4341,0.06615261853837849,Son,2,2,552.9596155140845
2922,0.06616845077721163,Ichamati,4,4,29.881333957042255
3608,0.06637973341323554,Chambal,2,2,242.87527049530516
3787,0.0667103695858941,Chambal,2,2,618.7901758955398
3925,0.06700603623248595,Ganga,1,1,433.8691923744131
3652,0.06711749236716509,Chambal,2,2,72.52827869483568
2977,0.06771880122210866,Chandan,4,4,11.521441636032863
3747,0.06785918568099948,Chambal,2,2,627.7995466713614
4346,0.06790612562549912,Banas,3,3,24.858620041431923
3754,0.06825290997611852,Retili,5,5,4.896193471338028
3665,0.0684382368202048,Chamla,5,5,14.672747782276994
3565,0.06860939910410473,Kali Sindh,3,3,5.4704292775
3649,0.06996477040975656,Pingla,5,5,3.6757916681455396
3600,0.07028547082741614,Ahu,4,4,10.891695215798123
3758,0.07036518573650972,Andheri,4,4,10.317613294377933
3775,0.07108151266682915,Parbati,3,3,6.092525477488263
3343,0.07128528097997879,Kuno,4,4,19.044579765845068
4833,0.07132876833436005,Kosi,2,2,47.635310298943665
3622,0.07151995955705515,Chandloi,5,5,6.0478292542723
4807,0.0715914022377166,Mahakali,2,2,117.78024950340375
3742,0.0717679402192706,Sukni,5,5,2.2154130844014084
3628,0.07178169899409348,Chambal,2,2,582.3198031326291
3743,0.0720377250354326,Khari,3,3,4.719541152159625
3615,0.07240044255139114,Chambal,2,2,263.34133208685444
3735,0.07269162469897363,Berach,4,4,2.551774620692488
3753,0.07294340834535416,Andheri,4,4,4.689827226866197
5113,0.07414577241073037,Harna,5,5,9.313799423122067
4345,0.07602927505852733,Banas,3,3,18.82830742523474
3616,0.07732222968157215,Chambal,2,2,276.92687148004694
3618,0.0773783700801381,Chambal,2,2,282.8396060551643
5105,0.07748622669895262,Ganga,1,1,6.767206585598592
4802,0.0784617346964066,Lassar Yankti,4,4,13.837478715798124
3606,0.07889438561794178,Ansar,5,5,5.644511616596244
3720,0.07945434919149627,Berach,4,4,52.143380840375585
3623,0.07965157525421435,Chambal,2,2,294.9961044448357
4075,0.07971766926361076,Tons,2,2,109.14335069424882
3709,0.08053133088617992,Chandrabhaga,5,5,2.386459856913145
3341,0.08058255146357589,Karai,5,5,5.701916409131455
4362,0.08126034112167223,Son,2,2,181.87888123708922
3604,0.08227016960062286,Ahu,4,4,4.43464394370892
3860,0.08284444158986434,Gaula,4,4,13.250360062676055
3621,0.08287628645644239,Alnia,5,5,3.013210219131455
3739,0.08328034670386059,Kadmali,5,5,4.472715411983568
3617,0.08340045378366195,Chambal,2,2,2.683272749859155
3651,0.08361150318104368,Chambal,2,2,20.195506212441316
2916,0.08400968091328527,Ichamati,4,4,9.292011441314553
5117,0.08406788167722114,Burhi Gandak,2,2,11.719163021361501
4361,0.0841928744204846,Son,2,2,177.54283751525824
5174,0.08421796138126766,Gandak,2,2,109.13718527957747
3769,0.08437408434724426,Banganga,4,4,4.052384351525822
3732,0.08477584198885153,Berach,4,4,13.359789457230047
3726,0.08480364259678853,Bahmnai,5,5,1.6536532928521128
3437,0.08601852182207434,Chakan,5,5,5.161760491279343
5115,0.08610913319506905,Sunder,5,5,27.878317730985913
3648,0.08618853474868614,Maleni,5,5,16.517707634859153
5121,0.08654518479941385,Dhanauti,5,5,15.022793170187795
3721,0.08674510543731159,Berach,4,4,55.14020750422535
3924,0.08745081048833211,Ganga,1,1,396.7544121467136
4910,0.08953955085264348,Bagmati,2,2,56.80561226960094
3759,0.08966751701806565,Andheri,4,4,16.938210325938968
5114,0.08971121189120033,Tribani,5,5,15.824084249061034
4080,0.09017138415519974,Tons,2,2,120.6575960504695
3602,0.09034308301115129,Ahu,4,4,24.9181663342723
5276,0.09246985388103941,Gahra,5,5,4.464959040575117
3647,0.0928625887559382,Maleni,5,5,5.571505399448357
4384,0.09369146220515233,Son,2,2,6.889531686584506
3573,0.09369221080274867,Chhapi,4,4,17.578382018075118
3851,0.09372783241500686,Baur,4,4,30.832856528521127
4808,0.09462325948639927,Ramganga,2,2,40.79585508011738
3394,0.09642906431411574,Supin,4,4,2.3651299806103285
5173,0.0968507863495322,Gandak,2,2,89.19965830352113
4381,0.09785795718413393,Son,2,2,76.37956601760564
3447,0.09827330932397302,Mendha,3,3,1.0323191292476526
3561,0.09842926727459979,Ahu,4,4,33.66686419647887
4074,0.09846771349087606,Tons,2,2,81.88518053849765
4862,0.09953097547933819,Kosi,2,2,1561.3463109037557
3448,0.10050304671254157,Mendha,3,3,1.0444443911161971
4860,0.10100006102317163,Kosi,2,2,1532.8096342488263
5275,0.10118873024782576,Sunder,5,5,35.92210976232394
5177,0.10126792374121361,Gandak,2,2,13.74557575902582
4859,0.10129277465559454,Kosi,2,2,1487.4387671713616
3731,0.10155532267505502,Berach,4,4,9.374983425715962
3918,0.10156302852576908,Ganga,1,1,384.76812945422535
3562,0.10219548867594269,Ahu,4,4,42.9681347879108
3722,0.10346251049417095,Banas,3,3,75.0891224988263
4206,0.10361812517691647,Lastar,5,5,3.9418688947652583
4902,0.10391243231223111,Kosi,2,2,1449.7855183685447
3718,0.1040115137296037,Kothari,4,4,9.10018291842723
2928,0.10461842119318526,Padma,1,1,12.138271968309859
4898,0.1046583171687373,Kosi,2,2,1437.6142407159625
3713,0.1050295989694571,Banas,3,3,1.4564909621948356
3611,0.10529411502477473,Gunjali,4,4,4.435701682758216
4809,0.1055930287534783,Sarju,3,3,20.822864221737092
4084,0.10686113588178628,Tons,2,2,141.29261293075118
3637,0.10733952294072037,Somli,5,5,3.62882921294601
4382,0.10818259144580235,Son,2,2,83.16695238028169
4086,0.10887106221658914,Tons,2,2,151.12596536384976
3724,0.10995741589856296,Banas,3,3,78.35306833685445
3702,0.11001445957330518,Banas,3,3,97.93244689143194
3560,0.11029546647424741,Amjar,5,5,8.595326137312206
3737,0.11049226162994966,Gambhiri,4,4,11.604647253051642
3430,0.1110179400867136,Dai,4,4,7.070684045164319
4085,0.11221826557533532,Sokar,5,5,9.782467548403757
4066,0.11231770950819994,Tons,2,2,155.24700690023474
3646,0.11242756763178191,Maleni,5,5,5.33882069778169
4383,0.11252827744815783,Son,2,2,93.4972412887324
3725,0.11255022542656157,Banas,3,3,80.688094125
4896,0.11256103590090026,Kosi,2,2,1397.4293823122066
3601,0.11258137602670246,Ahu,4,4,4.296374192382629
3704,0.11285939568612992,Banas,3,3,90.91093870715962
3667,0.11292819203756493,Chambal,2,2,2.698086343380282
3763,0.11338992592890719,Bilas,5,5,3.9359082421713616
3766,0.1136059625012164,Khul,4,4,2.9175817054225353
3751,0.11389549543404269,Berach,4,4,5.923720584330986
5124,0.11406868038127793,Burhi Gandak,2,2,32.891573821948356
3750,0.1152901541002616,Ahar,5,5,3.4343954939788732
4886,0.11551208649868151,Kosi,2,2,1384.2124797065726
3329,0.11583455339699525,Chambal,2,2,3.4061091812558684
5110,0.11612524435002547,Gahra,5,5,44.159399127230046
3432,0.116715536334685,Banas,3,3,129.93083479929578
3698,0.11699911918921521,Khari,3,3,2.9396903804812204
3438,0.11721945800668788,Dai,4,4,0.4100538245680751
3690,0.118192491594816,Kothari,4,4,2.203472501431925
5109,0.11883367464998887,Chandan,4,4,35.60770511079812
3752,0.11957444774188307,Berach,4,4,1.7553999285093895
5111,0.12020366881030864,Ganga,1,1,79.87625157511738
3244,0.12055167572233383,Sota,4,4,2.3032243041431926
3644,0.12138585186284848,Idar,5,5,4.620624834483568
3770,0.12161048950207441,Khul,4,4,5.896733264683099
4035,0.1223963751484909,Ganga,1,1,5.492465128978873
4256,0.12280920342629198,Yamuna,1,1,5.188992223215962
4865,0.12305771055043982,Ganga,1,1,9.709751566314553
4907,0.12324320400084954,Bagmati,2,2,39.94799886889671
3440,0.125124273842391,Banas,3,3,116.78604259037559
4386,0.12579087361914942,Son,2,2,112.43165248239437
4098,0.12595160008291695,Satna,4,4,8.475937649237089
3703,0.1260839041588568,Banas,3,3,2.3211312381338027
4379,0.12611806563494427,Son,2,2,39.122067234741785
3566,0.12806563219736686,Ujar,5,5,13.857946674647888
3755,0.1286396364185955,Andheri,4,4,4.797977040997653
4577,0.1287151289134924,Gandak,2,2,786.349094399061
4388,0.12904565804528972,Son,2,2,128.00468383098593
4100,0.13047668669345153,Satna,4,4,23.520929675586853
4204,0.13092345119119808,Bhillangana,4,4,23.04278783673709
4202,0.13100297148461326,Jalkur,4,4,4.05893125185446
5120,0.13276980852726822,Burhi Gandak,2,2,19.808960159859154
3917,0.13352390176133835,Ganga,1,1,350.8452396232395
3689,0.13358500828808614,Nekhadi,5,5,0.6102820342030516
2954,0.13391729822998522,Gumani,4,4,12.587300281103285
3749,0.13502340803442509,Gadela,5,5,1.654685452185446
3700,0.13503167792815207,Khari,3,3,5.814262668309859
3640,0.13506643184290656,Idar,5,5,22.52403660739437
4885,0.1356152047242031,Kosi,2,2,1188.2125036619718
4438,0.1362356558478294,Gandak,2,2,759.6068507523473
4847,0.13645678340756506,Mahananda,2,2,107.3064254149061
3599,0.13734738204756397,Kanthali,5,5,6.534800150258216
4331,0.13735879510080828,Gopat,4,4,4.930286938122066
3772,0.1373845883043617,Khul,4,4,12.914155919953052
5274,0.13753758103796965,Sunder,5,5,7.0906486962793425
3639,0.13777065718825476,Retam,4,4,17.8791785064554
3572,0.13815652373508033,Chhapi,4,4,5.421575409929578
3712,0.13876936485295918,Banas,3,3,13.9221176907277
3645,0.1387904775085233,Retam,4,4,14.575702028990612
3714,0.13888508470714714,Banas,3,3,19.94649554471831
3642,0.13966369084655833,Retam,4,4,8.34144498620892
3309,0.14081323487703415,Tons,2,2,7.930373077969483
3773,0.14093275325811694,Khul,4,4,16.235426600704226
4380,0.14109573402218617,Son,2,2,47.780266703051645
4222,0.1423965401631886,Madhmaheshwar Ganga,4,4,5.302552397723005
3635,0.14293997653335674,Sau,5,5,23.879800686032866
3748,0.14321630759519186,Aheli,5,5,4.973562202664319
3771,0.14481772942917565,Khul,4,4,9.63224544847418
4219,0.1451348213269311,Ganga,1,1,341.07852669483566
4525,0.14514248885374142,Gandak,2,2,8.811803617323944
4215,0.14538625429711585,Ganga,1,1,336.9287536948356
3643,0.14579631497427945,Retam,4,4,2.7038175522652583
3638,0.14685174109150473,Sau,5,5,12.829675442840376
3590,0.14813962008447604,Ghora Pachhar,4,4,22.787690326408452
3641,0.14835994152958942,Retam,4,4,3.257452886561033
4089,0.1493975264066712,Yamuna,1,1,4.50775580758216
3693,0.14959311334986197,Khari,3,3,2.797131117922535
4055,0.15009626467163376,Belan,3,3,29.42581235422535
4255,0.150459187963277,Paisuni,4,4,6.909338333098592
3691,0.15128300662055047,Khari,3,3,1.729845536830986
3613,0.15205869733887803,Gunjali,4,4,14.223345541549296
3973,0.15249846352774216,Belan,3,3,18.089761138615025
3699,0.1525339454971064,Sameliya,5,5,2.8318527261267605
3738,0.15278083107493387,Gambhiri,4,4,4.181414568380282
3588,0.15405451270919682,Ghora Pachhar,4,4,7.862034784237089
3767,0.15432856842751855,Bamnidai,5,5,3.2200688427230046
4067,0.1544001288665738,Tons,2,2,229.90752634624414
3570,0.1552798084391782,Chauli,5,5,3.8359172670187793
3711,0.15586485937946098,Banas,3,3,9.18749241129108
4036,0.15686893816585873,Belan,3,3,44.224511029460096
3692,0.1577433256237129,Khari,3,3,0.5869895858896714
4083,0.1578788541344077,Mahana,5,5,7.098890403638498
4054,0.1581751848752019,Belan,3,3,11.030430270539906
5112,0.15904978419738963,Ganga,1,1,95.32435429929576
4619,0.1604754408986325,Rihand,3,3,5.392354669835681
4068,0.16047641900066936,Tons,2,2,242.86847492605634
4087,0.16141745457101944,Tons,2,2,2.852047417910798
3614,0.16180385199822642,Chambal,2,2,12.04077278814554
4387,0.16219927621441707,Son,2,2,9.714317089906103
4051,0.16262806181921616,Belan,3,3,7.250984888908451
3708,0.16311818915516693,Gomti,2,2,1.8465273802230047
4339,0.1631296387013052,Son,2,2,16.45336201068075
4333,0.16329204918690227,Gopat,4,4,4.089701788802817
4806,0.16359444446753496,Goriganga,3,3,65.06552255058685
3609,0.16414356581285863,Khoki,5,5,2.942470318333333
4053,0.1643372386591464,Belan,3,3,4.401862761995305
4434,0.16438577782407884,Gandak,2,2,729.1502404248826
4060,0.16525896661820508,Belan,3,3,4.09249946859155
3589,0.1652713629818948,Ghora Pachhar,4,4,7.943160009272301
3696,0.16554776652548311,Khari,3,3,3.7441669694248825
4385,0.16590965062976937,Kunu,5,5,15.101299152112675
3695,0.16597095331104045,Mansi,5,5,4.2455723120070425
4966,0.16694717838149617,Kosi,2,2,380.78760551173707
4884,0.1682003875267269,Kosi,2,2,1077.051937423709
4079,0.16855697262986277,Tons,2,2,9.771956915504695
4081,0.1685871079861296,Mahana,5,5,18.53899802488263
3741,0.16864722974470167,Banas,3,3,3.743662926455399
4061,0.16963775685988927,Belan,3,3,51.84987333380281
4208,0.16965903035476324,Mandakini,3,3,6.998250814119718
4922,0.16967629562801512,Burhi Gandak,2,2,5.448057763697183
3612,0.1756040849025356,Gunjali,4,4,9.368042484741785
3710,0.17566030971804034,Banas,3,3,5.457597120105634
3395,0.17773747244431418,Tons,2,2,5.172895636995305
3717,0.177982187397691,Berach,4,4,3.654309340035211
4240,0.17924623370158635,Alaknanda,3,3,96.95571983122066
3715,0.18042990030612566,Berach,4,4,1.9205415675821595
4235,0.18113285770870063,Dhauli Ganga,4,4,42.82970759049296
4211,0.1811746251624561,Mandakini,3,3,23.26083234366197
4431,0.18214157903150396,Gandak,2,2,697.3861592488263
3705,0.1830037776705893,Khari,3,3,16.505935836619717
4245,0.18359049765789306,Usra,5,5,5.051710995610328
3706,0.18388281435118764,Khari,3,3,1.5458495189201877
3707,0.18517086242339223,Khari,3,3,18.11915208415493
4338,0.18614143591710516,Son,2,2,7.732637091314554
4210,0.1873226543336915,Mandakini,3,3,18.76775171237089
4508,0.18764914044209952,Gandak,2,2,176.20826531455398
3610,0.18770665432600764,Gunjali,4,4,5.929750931819249
4248,0.18780601112420126,Baghain,4,4,9.472017535446009
4965,0.1919205142530625,Kosi,2,2,748.1433077276995
4376,0.194045888927997,Son,2,2,5.195009676349765
3740,0.19523779099106076,Khan,5,5,1.4825737864671362
4840,0.19541815419919228,Balasan,4,4,20.834749440023476
3723,0.1970090427148716,Unli,5,5,1.969323468321596
4377,0.19813975118317345,Gohirari,5,5,6.442891360093896
5180,0.19833644120774163,Gandak,2,2,659.5975800974179
4883,0.19856066187430935,Kosi,2,2,961.6897440598592
4214,0.19932503589814654,Ganga,1,1,304.56187565962443
4253,0.20005219304691085,Paisuni,4,4,18.56116306044601
4207,0.20036046294404813,Bal Ganga,4,4,7.169321464014084
5178,0.2007698937876643,Gandak,2,2,649.0847378931925
4241,0.2010087755998319,Alaknanda,3,3,104.7853403100939
3701,0.20249228902124852,Khari,3,3,10.330665144014084
4082,0.20265882671828295,Mahana,5,5,4.065503977171362
5088,0.20486803617823246,Nagri,5,5,8.06198499213615
4069,0.2054931056367444,Asrawal,5,5,4.05433310362676
4507,0.20726654001693662,Gandak,2,2,102.45096536713616
3429,0.20827218163112854,Dai,4,4,2.240137310539906
4904,0.2086222664710994,Kosi,2,2,920.1982099002348
4252,0.2119230058692897,Yamuna,1,1,14.31853313169014
4065,0.2156759059504585,Belan,3,3,74.10418444776995
4071,0.21703344482841072,Tons,2,2,16.709264000469485
2480,0.21724960960049747,Kevai,5,5,22.73966485938967
4843,0.21767193162772525,Mahananda,2,2,76.66235415845071
5104,0.2177587708367317,Champa,5,5,7.107520897652582
4491,0.2196816201170315,Gandak,2,2,526.8548858039906
3330,0.2197138246312187,Kadwal,5,5,11.265656251877934
4490,0.21971485271487995,Gandak,2,2,329.7532961584507
4070,0.2205862729523447,Satna,4,4,12.542016350352114
4358,0.22203948239366303,Gopat,4,4,5.82589229991784
3697,0.2220962992445325,Khari,3,3,5.7747080678403755
3331,0.22298237039339425,Chambal,2,2,14.640147598591549
4064,0.22328578745660166,Lapri,5,5,5.877012640774648
4334,0.2249660994468637,Gopat,4,4,74.95774635387323
4220,0.22671482020367437,Alaknanda,3,3,116.10040710739436
3848,0.22738633341527967,Baur,4,4,9.42125760488263
4246,0.22754294774692363,Garara,5,5,9.20449491056338
4056,0.2306837081197916,Gopat,4,4,98.89067794307512
4832,0.2310560318100424,Ganga,1,1,7.353452847605634
3328,0.2319830436961935,Sarai,5,5,3.2447795998591547
4335,0.233353117318229,Gopat,4,4,19.204178137676056
4493,0.23418698234490418,Gandak,2,2,255.6173238955399
4332,0.23482684157584208,Gopat,4,4,62.36220111103286
4359,0.23747360694349626,Goini,4,4,9.319970258568075
4620,0.24330025174955766,Mayar,5,5,3.036515853685446
4247,0.24332230377827185,Paisuni,4,4,10.79170336561033
4237,0.24486308713092977,Dhauli Ganga,4,4,65.01142443157278
4329,0.24516299595927224,Gopat,4,4,21.483571059741784
4829,0.2457393179873898,Mahananda,2,2,7.7095109579107985
4244,0.24736749804942126,Pindar,3,3,20.954699003908452
3716,0.2486659510746645,Menali,5,5,2.949417287359155
4243,0.2546700754392368,Kail Ganga,4,4,7.05570950890845
4221,0.2554139984666641,Alaknanda,3,3,160.10426275
4234,0.2570659548966711,Girthi Ganga,4,4,16.566640083626762
3892,0.2571228429655484,Pindar,3,3,38.9951818519953
4059,0.2631386914652377,Gorma,5,5,5.590268234530517
4212,0.26392123276672724,Alaknanda,3,3,193.39105609565726
2957,0.26431030095331004,Gumani,4,4,34.01820360680751
4621,0.26437901628066984,Rihand,3,3,10.765129124295774
4330,0.26884679513457704,Gopat,4,4,47.12244912910798
4336,0.27370174669294084,Mayar,5,5,7.653131365539906
4093,0.27489964680032164,Baghain,4,4,37.168999691901405
3439,0.27913407562151826,Dai,4,4,0.8183828912922535
4328,0.2834107747882432,Neur,5,5,12.4096261064554
4063,0.28719631946335933,Naina,4,4,19.927757807042255
4062,0.2897137091873633,Naina,4,4,14.305799058920188
4249,0.297149273452112,Baghain,4,4,11.204774101643192
3694,0.30685382600578776,Khari,3,3,1.0626267950704225
4867,0.3120345826162479,Lohra,5,5,15.131230472065727
4236,0.32110412113943465,Rishi Ganga,4,4,19.044445018192487
4837,0.32144036236910234,Ganga,1,1,7.562528728826291
4868,0.37655461689105807,Balasan,4,4,28.636360787793425
4839,0.3796378868641051,Marai,5,5,10.748698521713616
4242,0.41607566869665524,Nandakini,3,3,8.1458907382277
4239,0.45900425651409643,Birahi Ganga,4,4,4.199617777617371
