seg_id,river_name,tier
1429,Padma,1
1445,Padma,1
1495,Padma,1
1496,Padma,1
1497,Padma,1
1523,Padma,1
1525,Padma,1
1526,Padma,1
1527,Padma,1
1528,Padma,1
1530,Padma,1
1548,Punarbhaba,4
1549,Punarbhaba,4
1551,Padma,1
1552,Padma,1
1553,Padma,1
1560,Tangan,4
1562,Punarbhaba,4
2480,Kevai,5
2481,Son,2
2807,Mohana,4
2910,Padma,1
2912,Padma,1
2913,Ichamati,4
2914,Kalindi,5
2915,Ichamati,4
2916,Ichamati,4
2918,Ichamati,4
2919,Mathabanga,5
2920,Padma,1
2921,Padma,1
2922,Ichamati,4
2928,Padma,1
2929,Padma,1
2930,Mathabanga,5
2931,Bhairab,5
2933,Padma,1
2954,Gumani,4
2957,Gumani,4
2959,Ganga,1
2960,Ganga,1
2971,Padma,1
2973,Padma,1
2977,Chandan,4
2978,Barnar,5
3217,Koel,3
3244,Sota,4
3245,Sota,4
3246,Sota,4
3247,Chalak,5
3248,Sota,4
3260,Yamuna,1
3261,Yamuna,1
3262,Yamuna,1
3263,Yamuna,1
3264,Yamuna,1
3279,Yamuna,1
3281,Yamuna,1
3284,Bata,5
3285,Tons,2
3286,Giri,4
3287,Yamuna,1
3288,Yamuna,1
3289,Yamuna,1
3290,Yamuna,1
3291,Yamuna,1
3292,Yamuna,1
3293,Yamuna,1
3295,Yamuna,1
3296,Yamuna,1
3297,Yamuna,1
3298,Yamuna,1
3300,Yamuna,1
3301,Hindon,3
3302,Hindon,3
3303,Yamuna,1
3304,Yamuna,1
3305,Yamuna,1
3308,Rupin,4
3309,Tons,2
3310,Pabbar,4
3311,Tons,2
3312,Tons,2
3316,Shallu,5
3317,Tons,2
3318,Sainj,5
3319,Tons,2
3320,Yamuna,1
3321,Aglad,5
3322,Yamuna,1
3323,Bhagirathi,3
3324,Yamuna,1
3325,Ashmi,5
3326,Giri,4
3328,Sarai,5
3329,Chambal,2
3330,Kadwal,5
3331,Chambal,2
3332,Banas,3
3333,Chambal,2
3334,Chambal,2
3335,Chambal,2
3336,Chambal,2
3337,Kuno,4
3338,Karisil,5
3339,Chambal,2
3340,Parbati,3
3341,Karai,5
3342,Kuno,4
3343,Kuno,4
3344,Sindh,3
3345,Sindh,3
3346,Kendar,5
3347,Manki,5
3348,Kuno,4
3349,Kunwari,4
3350,Kunwari,4
3351,Bamni,5
3352,Parbati,3
3353,Vaisali,4
3354,Sengur,4
3355,Sesar,5
3356,Vaisali,4
3357,Kunwari,4
3358,Parbati,3
3359,Gambhir,4
3360,Vaisali,4
3361,Jhilmil,5
3362,Sank,5
3363,Pahuj,4
3364,Parbati,3
3365,Gambhir,4
3366,Asan,4
3367,Non,4
3368,Sengur,4
3369,Parbati,3
3370,Vaisali,4
3371,Sengur,4
3372,Asan,4
3373,Gambhir,4
3374,Vaisali,4
3375,Pahuj,4
3376,Kunwari,4
3377,Vaisali,4
3378,Gambhir,4
3379,Sengur,4
3380,Sengur,4
3381,Pahuj,4
3382,Gambhir,4
3383,Kunwari,4
3384,Kunwari,4
3385,Gambhir,4
3386,Sindh,3
3387,Sindh,3
3388,Sindh,3
3389,Yamuna,1
3390,Sindh,3
3391,Yamuna,1
3392,Yamuna,1
3393,Yamuna,1
3394,Supin,4
3395,Tons,2
3396,Dhund,5
3397,Dhund,5
3398,Banganga,4
3399,Mashi,4
3400,Dhund,5
3401,Morel,4
3402,Morel,4
3403,Kareli,4
3404,Kareli,4
3405,Kareli,4
3406,Dhil,5
3407,Kareli,4
3408,Morel,4
3409,Kareli,4
3410,Morel,4
3411,Morel,4
3412,Morel,4
3413,Gambhir,4
3414,Banas,3
3415,Banas,3
3417,Mashi,4
3418,Mashi,4
3419,Mashi,4
3420,Mashi,4
3421,Mashi,4
3422,Mashi,4
3423,Mashi,4
3424,Mashi,4
3425,Mashi,4
3426,Sohadra,5
3428,Sohadra,5
3429,Dai,4
3430,Dai,4
3431,Sohadra,5
3432,Banas,3
3433,Mashi,4
3434,Banas,3
3435,Galwa,5
3436,Banas,3
3437,Chakan,5
3438,Dai,4
3439,Dai,4
3440,Banas,3
3441,Bajyan,5
3442,Mashi,4
3443,Mashi,4
3444,Mashi,4
3445,Mashi,4
3447,Mendha,3
3448,Mendha,3
3449,Mendha,3
3450,Mendha,3
3451,Sindh,3
3452,Non,4
3453,Parbati,3
3454,Sindh,3
3455,Sindh,3
3456,Pahuj,4
3457,Betwa,2
3458,Ghurari,5
3459,Pahuj,4
3460,Mahuar,4
3461,Sindh,3
3462,Betwa,2
3463,Betwa,2
3464,Betwa,2
3465,Sindh,3
3466,Sindh,3
3467,Sindh,3
3468,Sindh,3
3469,Sindh,3
3470,Mahuar,4
3471,Bilrai,5
3472,Mahuar,4
3473,Mahuar,4
3474,Non,4
3475,Non,4
3476,Non,4
3477,Non,4
3478,Betwa,2
3479,Khari,3
3480,Yamuna,1
3481,Sengur,4
3482,Ganga,1
3483,Rihand,3
3484,Sengur,4
3485,Sindh,3
3486,Indar,5
3487,Sindh,3
3488,Aerma,5
3489,Kakund,5
3490,Banganga,4
3491,Banganga,4
3492,Gambhir,4
3493,Banganga,4
3494,Khari,3
3495,Khari,3
3496,Khari,3
3497,Yamuna,1
3498,Karwan,4
3502,Karwan,4
3503,Karwan,4
3504,Khari,3
3505,Yamuna,1
3506,Yamuna,1
3508,Gambhir,4
3509,Gambhir,4
3510,Banganga,4
3514,Khari,3
3515,Khari,3
3516,Sanwan,4
3517,Sanwan,4
3518,Banganga,4
3519,Sanwan,4
3520,Barah,4
3521,Sanwan,4
3522,Sanwan,4
3523,Banganga,4
3524,Banganga,4
3526,Khari,3
3527,Khari,3
3528,Barah,4
3530,Khari,3
3531,Barah,4
3532,Barah,4
3533,Yamuna,1
3534,Hindon,3
3535,Yamuna,1
3536,Karwan,4
3537,Karwan,4
3538,Karwan,4
3539,Karwan,4
3541,Karwan,4
3543,Kali,3
3544,Kali,3
3545,Kali,3
3547,Kali,3
3548,Kali,3
3549,Kali,3
3550,Kali,3
3551,Hindon,3
3552,Hindon,3
3553,Kali,3
3554,Kali,3
3555,Solani,4
3556,Kali,3
3558,Kali,3
3559,Hindon,3
3560,Amjar,5
3561,Ahu,4
3562,Ahu,4
3563,Kali Sindh,3
3564,Kali Sindh,3
3565,Kali Sindh,3
3566,Ujar,5
3567,Parvan,4
3568,Kali Sindh,3
3569,Kali Sindh,3
3570,Chauli,5
3571,Ghar Ganga,4
3572,Chhapi,4
3573,Chhapi,4
3574,Kali Sindh,3
3575,Kali Sindh,3
3576,Baleti,5
3577,Newaj,4
3578,Kali Sindh,3
3579,Parbati,3
3580,Newaj,4
3581,Newaj,4
3582,Newaj,4
3583,Dudhi,5
3584,Newaj,4
3585,Paru,5
3586,Parbati,3
3587,Parbati,3
3588,Ghora Pachhar,4
3589,Ghora Pachhar,4
3590,Ghora Pachhar,4
3591,Parvan,4
3592,Londri,5
3593,Kali Sindh,3
3594,Lakundar,4
3595,Lakundar,4
3596,Kali Sindh,3
3597,Tila,5
3598,Chhoti Kali Sindh,4
3599,Kanthali,5
3600,Ahu,4
3601,Ahu,4
3602,Ahu,4
3603,Dudhaliya,5
3604,Ahu,4
3605,Chhoti Kali Sindh,4
3606,Ansar,5
3607,Chambal,2
3608,Chambal,2
3609,Khoki,5
3610,Gunjali,4
3611,Gunjali,4
3612,Gunjali,4
3613,Gunjali,4
3614,Chambal,2
3615,Chambal,2
3616,Chambal,2
3617,Chambal,2
3618,Chambal,2
3619,Chandloi,5
3620,Thalera,5
3621,Alnia,5
3622,Chandloi,5
3623,Chambal,2
3624,Kural,5
3625,Mej,4
3626,Mej,4
3627,Kali Sindh,3
3628,Chambal,2
3629,Shipra,4
3630,Chhoti Kali Sindh,4
3631,Shipra,4
3632,Shipra,4
3633,Chambal,2
3634,Chambal,2
3635,Sau,5
3636,Chambal,2
3637,Somli,5
3638,Sau,5
3639,Retam,4
3640,Idar,5
3641,Retam,4
3642,Retam,4
3643,Retam,4
3644,Idar,5
3645,Retam,4
3646,Maleni,5
3647,Maleni,5
3648,Maleni,5
3649,Pingla,5
3650,Chambal,2
3651,Chambal,2
3652,Chambal,2
3653,Kanh,5
3654,Ashamati,5
3655,Gambhir,4
3656,Shipra,4
3657,Chambal,2
3658,Chambal,2
3659,Chhoti Kali Sindh,4
3661,Padma,1
3664,Baveri,5
3665,Chamla,5
3666,Chambal,2
3667,Chambal,2
3668,Padma,1
3669,Padma,1
3670,Padma,1
3671,Padma,1
3672,Padma,1
3673,Padma,1
3674,Padma,1
3675,Padma,1
3677,Padma,1
3678,Padma,1
3679,Padma,1
3683,Padma,1
3684,Padma,1
3685,Padma,1
3686,Padma,1
3687,Padma,1
3688,Padma,1
3689,Nekhadi,5
3690,Kothari,4
3691,Khari,3
3692,Khari,3
3693,Khari,3
3694,Khari,3
3695,Mansi,5
3696,Khari,3
3697,Khari,3
3698,Khari,3
3699,Sameliya,5
3700,Khari,3
3701,Khari,3
3702,Banas,3
3703,Banas,3
3704,Banas,3
3705,Khari,3
3706,Khari,3
3707,Khari,3
3708,Gomti,2
3709,Chandrabhaga,5
3710,Banas,3
3711,Banas,3
3712,Banas,3
3713,Banas,3
3714,Banas,3
3715,Berach,4
3716,Menali,5
3717,Berach,4
3718,Kothari,4
3719,Berach,4
3720,Berach,4
3721,Berach,4
3722,Banas,3
3723,Unli,5
3724,Banas,3
3725,Banas,3
3726,Bahmnai,5
3727,Mej,4
3728,Jashma,5
3729,Berach,4
3730,Berach,4
3731,Berach,4
3732,Berach,4
3733,Berach,4
3734,Berach,4
3735,Berach,4
3736,Berach,4
3737,Gambhiri,4
3738,Gambhiri,4
3739,Kadmali,5
3740,Khan,5
3741,Banas,3
3742,Sukni,5
3743,Khari,3
3744,Parbati,3
3745,Parbati,3
3746,Parbati,3
3747,Chambal,2
3748,Aheli,5
3749,Gadela,5
3750,Ahar,5
3751,Berach,4
3752,Berach,4
3753,Andheri,4
3754,Retili,5
3755,Andheri,4
3756,Upreni,5
3757,Garni,5
3758,Andheri,4
3759,Andheri,4
3760,Parbati,3
3761,Parbati,3
3762,Parbati,3
3763,Bilas,5
3764,Parbati,3
3765,Parbati,3
3766,Khul,4
3767,Bamnidai,5
3769,Banganga,4
3770,Khul,4
3771,Khul,4
3772,Khul,4
3773,Khul,4
3774,Parbati,3
3775,Parbati,3
3776,Parbati,3
3777,Parbati,3
3778,Parbati,3
3779,Chopani,5
3780,Parbati,3
3781,Ghora Pachhar,4
3782,Manoli,5
3783,Manoli,5
3784,Thalera,5
3785,Manoli,5
3786,Machhli,5
3787,Chambal,2
3788,Papras,5
3789,Parbati,3
3790,Ajnal,5
3791,Mej,4
3792,Garra,4
3793,Khaimua,5
3794,Deoha,4
3795,Garra,4
3796,Garra,4
3797,Garra,4
3798,Ganga,1
3799,Ramganga,2
3800,Ganga,1
3801,Ganga,1
3802,Ganga,1
3803,Ganga,1
3804,Ganga,1
3805,Kali,3
3806,Ganga,1
3807,Pandu,5
3808,Kali,3
3809,Kali,3
3810,Ganga,1
3811,Ganga,1
3812,Ganga,1
3813,Sai,3
3814,Ganga,1
3815,Ganga,1
3816,Ganga,1
3817,Ganga,1
3818,Ganga,1
3819,Ganga,1
3820,Rihand,3
3821,Sengur,4
3822,Rihand,3
3823,Non,4
3824,Yamuna,1
3825,Non,4
3826,Sengur,4
3827,Ganga,1
3828,Yamuna,1
3829,Yamuna,1
3830,East Bahgul,5
3831,Afsarha,5
3832,East Bahgul,5
3833,Deoha,4
3834,Ramganga,2
3835,Ramganga,2
3836,Garra,4
3838,Nandhaur,5
3839,Deoha,4
3840,Deoha,4
3841,Ladhiya,5
3842,Gaula,4
3843,Khaimua,5
3844,Khaimua,5
3845,Katna,5
3846,Deoha,4
3847,Sharda,2
3848,Baur,4
3849,Bhakra,5
3850,Baur,4
3851,Baur,4
3852,Baur,4
3853,Gaula,4
3855,Dabka,5
3856,Baur,4
3857,Kosi,2
3858,Kosi,2
3859,Ramganga,2
3860,Gaula,4
3861,Gaula,4
3862,Ramganga,2
3863,Ramganga,2
3864,Ramganga,2
3865,Ramganga,2
3866,Ramganga,2
3867,Bahalla,5
3869,Gangan,4
3870,Ganga,1
3872,Kosi,2
3873,Ramganga,2
3874,Ramganga,2
3875,Ganga,1
3876,Ganga,1
3877,Ganga,1
3878,Ganga,1
3879,Gangan,4
3880,Gangan,4
3881,Khoh,4
3882,Ramganga,2
3883,Ramganga,2
3884,Dhela,5
3885,Gomti,2
3886,Kali Rau,5
3887,Kosi,2
3888,Ramganga,2
3889,Bino,5
3890,Ramganga,2
3891,Ramganga,2
3892,Pindar,3
3893,Gagas,5
3894,Mandal,5
3895,Ramganga,2
3896,Palain,5
3897,Kali,3
3899,Kali,3
3900,Kali,3
3901,Bagad,5
3902,Ganga,1
3904,Rihand,3
3905,Ganga,1
3907,Rihand,3
3908,Ganga,1
3909,Ganga,1
3910,Ganga,1
3911,Ganga,1
3913,Ganga,1
3914,Saswa,5
3915,Song,4
3916,Song,4
3917,Ganga,1
3918,Ganga,1
3919,Ganga,1
3920,Ganga,1
3921,Banganga,4
3922,Malin,5
3923,Banganga,4
3924,Ganga,1
3925,Ganga,1
3926,Solani,4
3927,Solani,4
3928,Ganga,1
3929,Ganga,1
3930,Gomti,2
3931,Gomti,2
3932,Gomti,2
3933,Ganga,1
3934,Ganga,1
3935,Ganga,1
3936,Ganga,1
3937,Ganga,1
3938,Ganga,1
3939,Karmanasa,3
3941,Tamasa,3
3943,Ganga,1
3944,Tamasa,3
3945,Tamasa,3
3946,Gomti,2
3947,Ganga,1
3949,Varuna,4
3950,Tamasa,3
3952,Tamasa,3
3953,Tamasa,3
3954,Tamasa,3
3955,Tamasa,3
3956,Sai,3
3957,Gomti,2
3958,Gomti,2
3959,Ganga,1
3960,Ganga,1
3961,Ganga,1
3962,Karmanasa,3
3964,Son,2
3967,Karmanasa,3
3969,Karmanasa,3
3970,Karmanasa,3
3971,Karmanasa,3
3972,Ganga,1
3973,Belan,3
3974,Sai,3
3975,Sai,3
3976,Ganga,1
3977,Sai,3
3978,Sai,3
3979,Sai,3
3980,Kadhu,5
3981,Sai,3
3982,Kadhu,5
3983,Sai,3
3984,Ganga,1
3986,Sai,3
3987,Sai,3
3988,Sai,3
3989,Sai,3
3990,Sai,3
3991,Sai,3
3992,Sai,3
3993,Sai,3
3994,Kadhu,5
3995,Ganga,1
3996,Varuna,4
3997,Varuna,4
3999,Gomti,2
4000,Gomti,2
4001,Gomti,2
4002,Gomti,2
4003,Gomti,2
4004,Tamasa,3
4005,Tamasa,3
4006,Sai,3
4007,Sai,3
4009,Sai,3
4011,Gomti,2
4012,Gomti,2
4013,Gomti,2
4014,Gomti,2
4015,Gomti,2
4016,Gomti,2
4017,Gomti,2
4018,Gomti,2
4019,Gomti,2
4021,Gomti,2
4023,Gomti,2
4025,Ghaghara,1
4029,Ghaghara,1
4030,Ghaghara,1
4031,Ghaghara,1
4032,Ghaghara,1
4033,Ghaghara,1
4034,Ghaghara,1
4035,Ganga,1
4036,Belan,3
4037,Ganga,1
4038,Ganga,1
4039,Ganga,1
4040,Ganga,1
4041,Varuna,4
4042,Ganga,1
4043,Ganga,1
4044,Yamuna,1
4045,Ganga,1
4046,Gomti,2
4047,Gomti,2
4048,Gomti,2
4049,Gomti,2
4050,Sharda,2
4051,Belan,3
4053,Belan,3
4054,Belan,3
4055,Belan,3
4056,Gopat,4
4057,Son,2
4058,Son,2
4059,Gorma,5
4060,Belan,3
4061,Belan,3
4062,Naina,4
4063,Naina,4
4064,Lapri,5
4065,Belan,3
4066,Tons,2
4067,Tons,2
4068,Tons,2
4069,Asrawal,5
4070,Satna,4
4071,Tons,2
4072,Tons,2
4073,Satna,4
4074,Tons,2
4075,Tons,2
4077,Tons,2
4078,Son,2
4079,Tons,2
4080,Tons,2
4081,Mahana,5
4082,Mahana,5
4083,Mahana,5
4084,Tons,2
4085,Sokar,5
4086,Tons,2
4087,Tons,2
4089,Yamuna,1
4090,Sasur Khaderi,5
4091,Yamuna,1
4092,Sasur Khaderi,5
4093,Baghain,4
4094,Yamuna,1
4095,Yamuna,1
4096,Yamuna,1
4097,Satna,4
4098,Satna,4
4099,Gudne,5
4100,Satna,4
4101,Satna,4
4102,Bhandar,5
4103,Katni,4
4104,Son,2
4105,Son,2
4108,Betwa,2
4109,Betwa,2
4110,Betwa,2
4111,Parwar,5
4112,Betwa,2
4113,Betwa,2
4114,Shyam,4
4115,Yamuna,1
4116,Yamuna,1
4117,Yamuna,1
4118,Sengur,4
4119,Orai,5
4120,Manmaheshwari,5
4121,Betwa,2
4122,Ken,2
4123,Yamuna,1
4124,Dehar,5
4125,Sonar,3
4126,Sonar,3
4128,Kurai,4
4130,Kurai,4
4131,Dhasan,3
4132,Dhasan,3
4133,Dhasan,3
4134,Lakheri,5
4135,Dhasan,3
4136,Lakheri,5
4137,Lakheri,5
4138,Dhasan,3
4139,Dhasan,3
4140,Urmal,5
4141,Dhasan,3
4142,Dhasan,3
4143,Dhasan,3
4144,Bina,4
4145,Dhasan,3
4146,Dhasan,3
4147,Bewas,5
4148,Dhasan,3
4149,Dhasan,3
4150,Kathan,5
4151,Kathan,5
4152,Kathan,5
4153,Dhasan,3
4154,Dhasan,3
4155,Shyamri,5
4156,Urvashi,5
4157,Betwa,2
4158,Betwa,2
4159,Betwa,2
4160,Jamni,4
4161,Jamni,4
4162,Jamni,4
4163,Jamni,4
4164,Sajnam,5
4165,Jamni,4
4166,Jamni,4
4167,Narain,5
4168,Jamni,4
4169,Jamni,4
4171,Bina,4
4172,Bina,4
4173,Kevtan,5
4174,Bina,4
4175,Betwa,2
4176,Betwa,2
4177,Betwa,2
4178,Kethan,5
4179,Betwa,2
4180,Naren,5
4181,Betwa,2
4182,Betwa,2
4183,Betwa,2
4184,Narain,5
4185,Betwa,2
4186,Sanr,5
4187,Betwa,2
4188,Urvashi,5
4189,Urvashi,5
4190,Betwa,2
4191,Ajmar,5
4192,Halali,5
4194,Betwa,2
4195,Betwa,2
4196,Betwa,2
4197,Betwa,2
4198,Baen,5
4199,Sagar,5
4200,Betwa,2
4202,Jalkur,4
4203,Bhagirathi,3
4204,Bhillangana,4
4205,Bhagirathi,3
4206,Lastar,5
4207,Bal Ganga,4
4208,Mandakini,3
4209,Bhillangana,4
4210,Mandakini,3
4211,Mandakini,3
4212,Alaknanda,3
4213,Nayar,4
4214,Ganga,1
4215,Ganga,1
4216,Pashchimi Nayar,4
4217,Purvi Nayar,4
4218,Hiyuni,5
4219,Ganga,1
4220,Alaknanda,3
4221,Alaknanda,3
4222,Madhmaheshwar Ganga,4
4223,Jadh Ganga,4
4224,Jadhang,5
4226,Mana,5
4227,Jadh Ganga,4
4228,Bhagirathi,3
4229,Jadh Ganga,4
4230,Jadh Ganga,4
4231,Jadh Ganga,4
4232,Yamuna,1
4233,Dhauli Ganga,4
4234,Girthi Ganga,4
4235,Dhauli Ganga,4
4236,Rishi Ganga,4
4237,Dhauli Ganga,4
4238,Alaknanda,3
4239,Birahi Ganga,4
4240,Alaknanda,3
4241,Alaknanda,3
4242,Nandakini,3
4243,Kail Ganga,4
4244,Pindar,3
4245,Usra,5
4246,Garara,5
4247,Paisuni,4
4248,Baghain,4
4249,Baghain,4
4250,Ken,2
4251,Yamuna,1
4252,Yamuna,1
4253,Paisuni,4
4254,Yamuna,1
4255,Paisuni,4
4256,Yamuna,1
4257,Ken,2
4258,Ken,2
4259,Ken,2
4260,Ken,2
4261,Shyam,4
4262,Shyam,4
4263,Shyam,4
4264,Shyam,4
4265,Shyam,4
4266,Shyam,4
4267,Shyamri,5
4268,Mirhasan,5
4269,Shyamri,5
4270,Ken,2
4271,Sonar,3
4272,Ken,2
4273,Ken,2
4274,Ken,2
4275,Sonar,3
4276,Banne,5
4277,Ken,2
4278,Banne,5
4279,Banne,5
4280,Khudar,5
4281,Ken,2
4282,Kutni,5
4283,Ken,2
4285,Bearma,3
4286,Bearma,3
4287,Bearma,3
4288,Bearma,3
4289,Bearma,3
4290,Bearma,3
4291,Bearma,3
4292,Bearma,3
4293,Bearma,3
4294,Bearma,3
4295,Sonar,3
4296,Kopra,5
4297,Sonar,3
4298,Sonar,3
4299,Ken,2
4300,Katni,4
4301,Patne,5
4302,Ken,2
4303,Sonar,3
4304,Bewas,5
4305,Bewas,5
4306,Sonar,3
4307,Bearma,3
4308,Bearma,3
4326,Rihand,3
4327,Rihand,3
4328,Neur,5
4329,Gopat,4
4330,Gopat,4
4331,Gopat,4
4332,Gopat,4
4333,Gopat,4
4334,Gopat,4
4335,Gopat,4
4336,Mayar,5
4338,Son,2
4339,Son,2
4340,Rihand,3
4341,Son,2
4342,Son,2
4343,Kanhar,3
4344,Mawai,5
4345,Banas,3
4346,Banas,3
4347,Banas,3
4348,Banas,3
4349,Son,2
4350,Banas,3
4351,Banas,3
4352,Banas,3
4353,Banas,3
4354,Banas,3
4355,Banas,3
4356,Son,2
4357,Son,2
4358,Gopat,4
4359,Goini,4
4360,Son,2
4361,Son,2
4362,Son,2
4369,Katni,4
4370,Katni,4
4371,Ghodchhatra,5
4372,Johilla,5
4373,Johilla,5
4374,Son,2
4375,Son,2
4376,Son,2
4377,Gohirari,5
4378,Tipan,5
4379,Son,2
4380,Son,2
4381,Son,2
4382,Son,2
4383,Son,2
4384,Son,2
4385,Kunu,5
4386,Son,2
4387,Son,2
4388,Son,2
4396,Ghaghara,1
4397,Ghaghara,1
4398,Ghaghara,1
4399,Ghaghara,1
4400,Ganga,1
4401,Ganga,1
4402,Ganga,1
4404,Ganga,1
4405,Ghaghara,1
4406,Ganga,1
4407,Ganga,1
4409,Ganga,1
4410,Ganga,1
4411,Son,2
4414,Rapti,2
4415,Rapti,2
4416,Rapti,2
4417,Rapti,2
4418,Ghaghara,1
4419,Ghaghara,1
4420,Ghaghara,1
4421,Ghaghara,1
4422,Ghaghi,5
4423,Ghaghi,5
4424,Ghaghara,1
4425,Ghaghara,1
4428,Rapti,2
4429,Bansi,5
4430,Gandak,2
4431,Gandak,2
4432,Ghaghara,1
4433,Gandak,2
4434,Gandak,2
4435,Ghaghara,1
4436,Ghaghara,1
4437,Tamasa,3
4438,Gandak,2
4439,Rohini,3
4440,Rohini,3
4441,Dande,5
4442,Gandak,2
4443,Rohini,3
4444,Rohini,3
4445,Rohini,3
4446,Danau,4
4447,Rohini,3
4448,Rohini,3
4449,Rapti,2
4450,Aami,5
4451,Rapti,2
4453,Aami,5
4456,Rapti,2
4457,Rapti,2
4458,Rapti,2
4459,Rapti,2
4460,Rapti,2
4461,Manorama,4
4462,Ghaghara,1
4463,Ghaghara,1
4464,Ghaghara,1
4465,Ghaghara,1
4490,Gandak,2
4491,Gandak,2
4493,Gandak,2
4507,Gandak,2
4508,Gandak,2
4525,Gandak,2
4535,Ganga,1
4536,Adari,5
4537,Dharmauti,5
4538,Punpun,3
4539,Madad,5
4540,Punpun,3
4541,Sorhur,5
4542,Ganga,1
4543,Batane,5
4544,Dharmauti,5
4545,Ganga,1
4547,Punpun,3
4548,Dardha,4
4549,Madad,5
4550,Morhar,4
4551,Dharmauti,5
4552,Ganga,1
4553,Punpun,3
4554,Madad,5
4555,Mohana,4
4556,Lilajan,4
4557,Punpun,3
4558,Morhar,4
4559,Dardha,4
4560,Punpun,3
4561,Phalgu,3
4562,Punpun,3
4563,Tamasa,3
4564,Ganga,1
4565,Koel,3
4566,Son,2
4567,Ganga,1
4568,Ganga,1
4569,Ganga,1
4570,Ganga,1
4571,Gandak,2
4572,Gandak,2
4573,Gandak,2
4574,Gandak,2
4575,Baya,5
4576,Burhi Gandak,2
4577,Gandak,2
4578,Ganga,1
4587,Sukri,5
4588,Auranga,4
4589,Auranga,4
4590,Koel,3
4591,Jinjoi,5
4592,Maila,5
4593,Amanat,4
4594,Amanat,4
4595,Amanat,4
4596,Koel,3
4597,Tahle,5
4598,Koel,3
4599,Danru,5
4600,Koel,3
4601,Koel,3
4602,Kanhar,3
4603,Banki,5
4604,Barhki,5
4605,Koel,3
4607,Kanhar,3
4608,Kanhar,3
4610,Kanhar,3
4611,Kanhar,3
4612,Panda,5
4613,Son,2
4614,Son,2
4615,Chaupat,5
4616,Koel,3
4617,Burha,5
4618,Rihand,3
4619,Rihand,3
4620,Mayar,5
4621,Rihand,3
4622,Rihand,3
4624,Kanhar,3
4644,Bhada,5
4657,Ghaghara,1
4658,Ghaghara,1
4659,Ghaghara,1
4715,Tamasa,3
4716,Tamasa,3
4718,Kuthi Yankti,4
4719,Ghaghara,1
4720,Manorama,4
4721,Ghaghara,1
4722,Ghaghara,1
4723,Ghaghara,1
4724,Ghaghara,1
4725,Ghaghara,1
4726,Karmanasa,3
4727,Karmanasa,3
4728,Karmanasa,3
4729,Karmanasa,3
4730,Karmanasa,3
4731,Surai,5
4732,Rapti,2
4733,Banganga,4
4734,Banganga,4
4735,Banganga,4
4736,Sotwa,4
4737,Sotwa,4
4738,Jamwar,5
4739,Danau,4
4740,Danau,4
4741,Danau,4
4742,Jamwar,5
4743,Jamwar,5
4747,Rapti,2
4749,Rapti,2
4750,Rapti,2
4751,Rapti,2
4752,Bhada,5
4756,Sotwa,4
4757,Sarju,3
4759,Sotwa,4
4760,Ghaghara,1
4761,Ghaghara,1
4762,Ghaghara,1
4763,Sarju,3
4765,Ghaghara,1
4766,Manorama,4
4767,Manorama,4
4768,Ghaghara,1
4770,Man,5
4771,Ghaghara,1
4772,Babai,4
4773,Babai,4
4774,Ghaghara,1
4775,Babai,4
4776,Ghaghara,1
4777,Sharda,2
4778,Sharda,2
4779,Mohana,4
4780,Sharda,2
4781,Mohana,4
4782,Mohana,4
4783,Suheli,4
4784,Mohana,4
4785,Mohana,4
4786,Suheli,4
4787,Surna,5
4788,Surna,5
4789,Surna,5
4790,Sharda,2
4791,Sharda,2
4792,Sharda,2
4793,Mahakali,2
4794,Sarju,3
4795,Mahakali,2
4796,Sharda,2
4797,Sharda,2
4798,Mahakali,2
4799,Mohana,4
4800,Mohana,4
4801,Darma Yankti,4
4802,Lassar Yankti,4
4803,Darma Yankti,4
4804,Sharda,2
4805,Sharda,2
4806,Goriganga,3
4807,Mahakali,2
4808,Ramganga,2
4809,Sarju,3
4810,Sarju,3
4811,Panar,5
4812,Sarju,3
4813,Mahakali,2
4814,Jaulaha,5
4815,Keshaliya,5
4816,Singhyahi,5
4817,Parman,5
4818,Keshaliya,5
4820,Bakra,5
4822,Parman,5
4823,Keshaliya,5
4824,Ratua,5
4825,Panar,5
4826,Kankai,4
4827,Mahananda,2
4828,Mahananda,2
4829,Mahananda,2
4830,Sui,5
4831,Kalindri,5
4832,Ganga,1
4833,Kosi,2
4834,Ganga,1
4835,Ganga,1
4836,Ganga,1
4837,Ganga,1
4838,Ganga,1
4839,Marai,5
4840,Balasan,4
4841,Mahananda,2
4842,Mechi,4
4843,Mahananda,2
4844,Mechi,4
4845,Dahuk,5
4846,Mechi,4
4847,Mahananda,2
4848,Mahananda,2
4850,Kankai,4
4851,Nagar,5
4852,Sudhani,5
4853,Mahananda,2
4854,Kankai,4
4855,Kankai,4
4856,Kankai,4
4857,Kosi,2
4858,Kosi,2
4859,Kosi,2
4860,Kosi,2
4861,Kosi,2
4862,Kosi,2
4863,Ganga,1
4864,Ganga,1
4865,Ganga,1
4866,Kosi,2
4867,Lohra,5
4868,Balasan,4
4872,Bagmati,2
4873,Balan,5
4875,Kamala,3
4876,Kosi,2
4877,Kosi,2
4879,Kosi,2
4880,Bagmati,2
4881,Burhi Gandak,2
4882,Bagmati,2
4883,Kosi,2
4884,Kosi,2
4885,Kosi,2
4886,Kosi,2
4888,Kosi,2
4889,Kosi,2
4891,Balan,5
4892,Kosi,2
4893,Kosi,2
4895,Kosi,2
4896,Kosi,2
4897,Bagmati,2
4898,Kosi,2
4900,Kosi,2
4901,Burhi Gandak,2
4902,Kosi,2
4904,Kosi,2
4907,Bagmati,2
4910,Bagmati,2
4911,Bagmati,2
4913,Bagmati,2
4914,Lakhandei,5
4915,Jhim,5
4916,Bagmati,2
4917,Burhi Gandak,2
4918,Bakalya,5
4919,Bagmati,2
4921,Bagmati,2
4922,Burhi Gandak,2
4924,Bagmati,2
4925,Bagmati,2
4926,Rato,5
4927,Mahara,5
4929,Jamuni,5
4930,Jamuni,5
4931,Kamala,3
4932,Jamuni,5
4933,Kamala,3
4934,Kamala,3
4935,Kamala,3
4936,Kamala,3
4937,Kosi,2
4938,Kamala,3
4939,Kamala,3
4940,Kamala,3
4941,Kamala,3
4942,Kamala,3
4946,Iwa,5
4953,Iwa,5
4955,Iwa,5
4965,Kosi,2
4966,Kosi,2
4968,Kamala,3
5077,Tangon,5
5078,Tangan,4
5080,Kuliki,5
5081,Mahananda,2
5082,Punarbhaba,4
5083,Hooghly,1
5084,Padma,1
5085,Nagar,5
5086,Nagri,5
5087,Sudhani,5
5088,Nagri,5
5089,Nagri,5
5090,Burhi Gandak,2
5091,Balan,5
5092,Phalgu,3
5093,Phalgu,3
5094,Ganga,1
5095,Ganga,1
5096,Ganga,1
5097,Ganga,1
5098,Ganga,1
5099,Ganga,1
5100,Ganga,1
5101,Ganga,1
5103,Garkhe,5
5104,Champa,5
5105,Ganga,1
5106,Ganga,1
5107,Ganga,1
5108,Ganga,1
5109,Chandan,4
5110,Gahra,5
5111,Ganga,1
5112,Ganga,1
5113,Harna,5
5114,Tribani,5
5115,Sunder,5
5117,Burhi Gandak,2
5119,Burhi Gandak,2
5120,Burhi Gandak,2
5121,Dhanauti,5
5123,Burhi Gandak,2
5124,Burhi Gandak,2
5125,Burhi Gandak,2
5126,Burhi Gandak,2
5127,Burhi Gandak,2
5128,Burhi Gandak,2
5129,Burhi Gandak,2
5130,Jamni,4
5131,Burhi Gandak,2
5132,Burhi Gandak,2
5133,Ganga,1
5134,Kiul,3
5135,Kiul,3
5136,Ulai,5
5137,Nakti,5
5138,Kiul,3
5139,Kiul,3
5140,Harohar,3
5141,Burhi Gandak,2
5142,Burhi Gandak,2
5144,Paimar,5
5145,Tilayia,5
5146,Panchane,4
5147,Paimar,5
5148,Panchane,4
5149,Paimar,5
5150,Panchane,4
5151,Harohar,3
5152,Mohana,4
5153,Phalgu,3
5154,Phalgu,3
5155,Sakri,5
5156,Panchane,4
5157,Harohar,3
5158,Phalgu,3
5159,Panchane,4
5160,Harohar,3
5161,Harohar,3
5162,Chalki,5
5163,Kunda,5
5165,Harohar,3
5167,Harohar,3
5168,Harohar,3
5169,Garhi,5
5170,Punpun,3
5171,Jam,5
5172,Lilajan,4
5173,Gandak,2
5174,Gandak,2
5177,Gandak,2
5178,Gandak,2
5179,Gandak,2
5180,Gandak,2
5196,Kosi,2
5274,Sunder,5
5275,Sunder,5
5276,Gahra,5
5277,Chilkara,5
7668,Mendha,3
7669,Mendha,3
7670,Mendha,3
7677,Mendha,3
7678,Mendha,3
7679,Mendha,3
7681,Mendha,3
