river_name,seg_id,tier,BotElev,TopElev,distance_from_outlet
Ganga,4209,1,814,2743,1971197.0
Ganga,4207,1,814,1324,1942172.0
Ganga,4217,1,556,1277,1925845.0
Ganga,4204,1,717,814,1919722.0
Ganga,4216,1,556,1174,1910292.0
Ganga,4205,1,475,717,1896290.0
Ganga,4213,1,467,556,1865892.0
Ganga,4214,1,467,475,1856419.0
Ganga,4215,1,373,467,1843354.0
Ganga,3915,1,410,680,1829926.0
Ganga,3919,1,352,493,1814408.0
Ganga,4218,1,373,415,1811736.0
Ganga,3893,1,762,900,1809777.0
Ganga,4219,1,352,373,1809456.0
Ganga,3914,1,410,444,1807797.0
Ganga,3917,1,308,352,1806290.0
Ganga,3916,1,308,410,1800732.0
Ganga,3888,1,483,762,1793222.0
Ganga,3555,1,245,289,1791468.0
Ganga,3918,1,233,308,1783931.0
Ganga,3926,1,245,272,1771079.0
Ganga,3894,1,483,589,1756213.0
Ganga,3927,1,226,245,1754317.0
Ganga,3558,1,234,236,1754046.0
Ganga,3557,1,234,236,1754001.0
Ganga,3547,1,203,234,1747959.0
Ganga,3921,1,226,238,1745458.0
Ganga,3895,1,347,483,1745435.0
Ganga,3920,1,233,239,1742472.0
Ganga,3924,1,223,233,1741924.0
Ganga,3922,1,221,256,1737209.0
Ganga,3881,1,219,312,1729832.0
Ganga,3923,1,223,226,1718376.0
Ganga,3896,1,347,355,1717468.0
Ganga,3544,1,203,224,1715534.0
Ganga,3882,1,219,347,1710504.0
Ganga,3545,1,211,226,1709419.0
Ganga,3925,1,221,223,1701211.0
Ganga,3928,1,206,221,1694083.0
Ganga,3880,1,198,236,1692439.0
Ganga,3542,1,211,217,1687421.0
Ganga,3879,1,198,234,1686980.0
Ganga,3929,1,206,232,1686409.0
Ganga,3549,1,203,203,1665556.0
Ganga,3546,1,188,213,1663296.0
Ganga,3875,1,161,206,1663260.0
Ganga,3883,1,196,219,1660862.0
Ganga,3548,1,203,211,1658058.0
Ganga,3884,1,196,233,1657275.0
Ganga,3550,1,186,203,1653501.0
Ganga,3543,1,186,201,1625000.0
Ganga,3869,1,189,198,1618955.0
Ganga,3873,1,189,196,1601942.0
Ganga,3901,1,180,198,1596923.0
Ganga,3838,1,192,437,1588683.0
Ganga,3874,1,182,189,1586764.0
Ganga,3871,1,146,214,1586327.0
Ganga,3900,1,167,186,1580657.0
Ganga,3897,1,188,188,1577434.0
Ganga,3859,1,165,182,1569890.0
Ganga,3899,1,167,188,1568506.0
Ganga,3911,1,180,189,1564827.0
Ganga,3865,1,151,190,1558688.0
Ganga,3839,1,194,211,1555949.0
Ganga,3912,1,178,192,1551120.0
Ganga,3837,1,194,196,1543536.0
Ganga,3840,1,192,194,1537370.0
Ganga,3833,1,154,192,1533816.0
Ganga,3913,1,178,180,1531734.0
Ganga,3870,1,161,178,1526062.0
Ganga,3862,1,166,173,1518583.0
Ganga,3863,1,166,165,1512273.0
Ganga,3830,1,157,181,1508278.0
Ganga,3834,1,149,166,1502397.0
Ganga,3808,1,138,167,1499082.0
Ganga,3831,1,157,177,1496510.0
Ganga,3845,1,154,180,1486443.0
Ganga,3844,1,153,180,1465843.0
Ganga,3876,1,156,161,1456588.0
Ganga,3902,1,156,158,1448862.0
Ganga,3868,1,152,161,1447770.0
Ganga,3832,1,142,157,1444229.0
Ganga,3908,1,152,156,1439037.0
Ganga,3864,1,149,152,1432685.0
Ganga,3866,1,151,149,1431554.0
Ganga,3843,1,153,157,1421432.0
Ganga,3835,1,142,151,1419507.0
Ganga,3846,1,148,154,1416788.0
Ganga,3905,1,143,151,1416231.0
Ganga,3793,1,148,153,1414991.0
Ganga,3909,1,143,152,1413262.0
Ganga,3482,1,118,157,1391661.0
Ganga,3794,1,142,148,1384003.0
Ganga,3877,1,146,147,1379661.0
Ganga,3910,1,135,143,1378837.0
Ganga,3799,1,122,142,1377702.0
Ganga,3806,1,129,156,1373371.0
Ganga,3836,1,142,145,1371918.0
Ganga,3878,1,135,146,1367346.0
Ganga,3792,1,135,145,1360559.0
Ganga,3795,1,135,142,1360459.0
Ganga,3810,1,129,135,1348674.0
Ganga,3805,1,138,144,1340895.0
Ganga,3809,1,129,138,1331108.0
Ganga,3811,1,129,129,1314384.0
Ganga,3796,1,130,133,1306912.0
Ganga,3800,1,122,129,1306317.0
Ganga,3797,1,130,135,1306250.0
Ganga,3807,1,106,139,1289975.0
Ganga,3801,1,122,122,1286939.0
Ganga,3798,1,122,130,1281650.0
Ganga,3803,1,118,122,1280331.0
Ganga,3802,1,115,129,1267716.0
Ganga,3804,1,115,118,1231336.0
Ganga,3815,1,112,124,1217753.0
Ganga,3812,1,95,115,1205417.0
Ganga,3814,1,95,115,1200213.0
Ganga,3816,1,112,95,1196306.0
Ganga,3818,1,112,112,1192817.0
Ganga,3817,1,112,119,1191574.0
Ganga,3819,1,106,112,1189480.0
Ganga,3976,1,94,122,1163517.0
Ganga,3827,1,94,106,1136292.0
Ganga,3984,1,82,94,1077306.0
Ganga,4090,1,100,109,1054107.0
Ganga,4256,1,76,100,1027210.0
Ganga,4232,1,74,76,1011925.0
Ganga,4088,1,100,102,1007577.0
Ganga,4092,1,74,100,1002991.0
Ganga,3995,1,82,99,999610.0
Ganga,4042,1,75,82,975213.0
Ganga,4064,1,80,107,974464.0
Ganga,4068,1,71,80,950247.0
Ganga,4044,1,72,74,950057.0
Ganga,4623,1,795,820,941833.0
Ganga,4040,1,75,89,941153.0
Ganga,4624,1,795,818,938915.0
Ganga,4343,1,394,795,927824.0
Ganga,4043,1,72,75,926985.0
Ganga,4045,1,71,72,920978.0
Ganga,1433,1,4646,4647,890302.0
Ganga,4037,1,67,71,886239.0
Ganga,1432,1,4646,4815,885429.0
Ganga,4005,1,89,106,879706.0
Ganga,1434,1,4361,4646,869231.0
Ganga,4607,1,405,459,863630.0
Ganga,5251,1,4541,4671,863053.0
Ganga,3948,1,76,93,862343.0
Ganga,5252,1,4443,4713,855099.0
Ganga,5262,1,4398,4549,853920.0
Ganga,5250,1,4541,4640,853763.0
Ganga,4004,1,89,102,844140.0
Ganga,4606,1,405,407,841293.0
Ganga,5261,1,4398,4434,841274.0
Ganga,4608,1,394,405,840260.0
Ganga,5236,1,4443,4541,836326.0
Ganga,5263,1,4361,4398,833370.0
Ganga,4602,1,231,394,832956.0
Ganga,5268,1,4317,4859,821327.0
Ganga,3949,1,77,88,819006.0
Ganga,5264,1,4342,4361,814004.0
Ganga,4035,1,67,75,810931.0
Ganga,5253,1,4430,4443,810283.0
Ganga,5266,1,4342,4777,809860.0
Ganga,5254,1,4430,4520,806450.0
Ganga,4610,1,231,314,801925.0
Ganga,4038,1,63,67,801911.0
Ganga,3950,1,79,92,801789.0
Ganga,5255,1,4379,4430,798151.0
Ganga,5265,1,4317,4362,790994.0
Ganga,3952,1,79,89,790046.0
Ganga,5271,1,4315,4384,789774.0
Ganga,5267,1,4311,4342,789679.0
Ganga,4041,1,76,85,782348.0
Ganga,5256,1,4379,4573,780062.0
Ganga,5269,1,4311,4317,778300.0
Ganga,5270,1,4315,4311,774808.0
Ganga,4611,1,155,231,772044.0
Ganga,5249,1,4258,4315,770220.0
Ganga,5259,1,4359,4850,765920.0
Ganga,5257,1,4365,4379,765685.0
Ganga,4039,1,63,93,759100.0
Ganga,3945,1,80,87,758984.0
Ganga,3964,1,160,310,758918.0
Ganga,3996,1,77,76,755706.0
Ganga,5247,1,4281,4858,754097.0
Ganga,5258,1,4365,4369,751824.0
Ganga,3997,1,57,77,749553.0
Ganga,5273,1,4304,4430,746457.0
Ganga,5260,1,4359,4365,746000.0
Ganga,3936,1,68,93,740234.0
Ganga,5235,1,4150,4359,739728.0
Ganga,3972,1,57,63,739526.0
Ganga,5205,1,4215,4383,738094.0
Ganga,5206,1,4215,4372,737679.0
Ganga,4342,1,160,160,733959.0
Ganga,5272,1,4304,4396,731867.0
Ganga,5230,1,4169,4333,731228.0
Ganga,4613,1,155,160,730694.0
Ganga,5207,1,3683,4215,728395.0
Ganga,5246,1,4281,4304,720575.0
Ganga,5248,1,4258,4281,716665.0
Ganga,4614,1,133,155,713686.0
Ganga,5239,1,4157,4258,713309.0
Ganga,5245,1,4297,5145,713190.0
Ganga,3953,1,80,79,713035.0
Ganga,5229,1,4178,4405,712384.0
Ganga,5208,1,3683,4072,709496.0
Ganga,5209,1,695,3683,701122.0
Ganga,5228,1,4178,4253,698113.0
Ganga,3933,1,62,57,697508.0
Ganga,3954,1,77,80,696515.0
Ganga,5199,1,2665,4108,689683.0
Ganga,5231,1,4169,4178,683302.0
Ganga,3941,1,77,75,682955.0
Ganga,5198,1,2665,4295,681933.0
Ganga,5244,1,4297,4346,677306.0
Ganga,4612,1,133,177,676607.0
Ganga,3955,1,67,77,676074.0
Ganga,5232,1,4155,4169,675823.0
Ganga,5243,1,3694,4297,674000.0
Ganga,3951,1,55,81,673459.0
Ganga,5227,1,4155,4177,672328.0
Ganga,5238,1,4157,4164,671372.0
Ganga,5210,1,695,2075,671018.0
Ganga,5215,1,815,1346,669276.0
Ganga,5240,1,4145,4157,668139.0
Ganga,5237,1,4150,4155,664843.0
Ganga,3934,1,57,62,663331.0
Ganga,5241,1,4145,4150,661107.0
Ganga,5214,1,815,1013,660312.0
Ganga,5200,1,1604,2980,654923.0
Ganga,5201,1,1604,2665,653879.0
Ganga,4566,1,129,133,652209.0
Ganga,5242,1,3694,4145,651730.0
Ganga,5212,1,620,815,650794.0
Ganga,5202,1,584,1604,645443.0
Ganga,3943,1,68,75,641470.0
Ganga,3935,1,57,70,635582.0
Ganga,5211,1,620,695,633984.0
Ganga,3940,1,68,70,631581.0
Ganga,4411,1,53,129,628377.0
Ganga,3944,1,70,72,627688.0
Ganga,4908,1,538,1208,627486.0
Ganga,3947,1,57,68,626988.0
Ganga,3942,1,67,76,624759.0
Ganga,5189,1,3388,4145,620430.0
Ganga,5182,1,2882,4077,619128.0
Ganga,5213,1,565,620,618664.0
Ganga,4715,1,70,67,616959.0
Ganga,3937,1,68,57,616838.0
Ganga,5188,1,3388,3851,615593.0
Ganga,5184,1,2882,3388,610233.0
Ganga,5219,1,3575,3694,608189.0
Ganga,5203,1,584,1652,607467.0
Ganga,3938,1,57,68,604303.0
Ganga,5185,1,893,2882,603860.0
Ganga,5218,1,3575,4226,602631.0
Ganga,5197,1,2335,4608,600726.0
Ganga,2807,1,372,461,600720.0
Ganga,5216,1,565,625,599708.0
Ganga,5217,1,538,565,597680.0
Ganga,4969,1,407,2149,596290.0
Ganga,4542,1,67,81,591592.0
Ganga,5183,1,834,2881,591471.0
Ganga,4912,1,467,538,589943.0
Ganga,5220,1,2231,3575,587688.0
Ganga,5204,1,467,584,587528.0
Ganga,4716,1,59,70,586512.0
Ganga,5221,1,2231,4072,584877.0
Ganga,5172,1,200,291,582046.0
Ganga,3959,1,58,57,577774.0
Ganga,4534,1,67,71,577291.0
Ganga,5181,1,893,1996,575156.0
Ganga,4550,1,172,238,573263.0
Ganga,4948,1,1528,4623,573218.0
Ganga,5171,1,200,211,573107.0
Ganga,5190,1,589,2190,572195.0
Ganga,3960,1,58,65,568580.0
Ganga,4552,1,58,67,568426.0
Ganga,4556,1,114,200,568343.0
Ganga,5169,1,372,390,568330.0
Ganga,4949,1,1528,4132,567474.0
Ganga,4437,1,59,68,567276.0
Ganga,4970,1,407,467,563829.0
Ganga,4555,1,114,372,563772.0
Ganga,3961,1,54,58,563423.0
Ganga,5186,1,834,893,560162.0
Ganga,5187,1,589,834,557641.0
Ganga,4541,1,172,193,556096.0
Ganga,4567,1,58,54,555892.0
Ganga,5223,1,2335,2231,551986.0
Ganga,5222,1,1125,2335,550012.0
Ganga,4568,1,57,58,547441.0
Ganga,5192,1,461,759,545581.0
Ganga,5191,1,461,589,544664.0
Ganga,5224,1,1125,3660,542704.0
Ganga,4945,1,1505,2490,539266.0
Ganga,4558,1,69,172,538807.0
Ganga,4563,1,55,59,537146.0
Ganga,4971,1,363,407,531496.0
Ganga,5194,1,348,461,531487.0
Ganga,4950,1,1505,1528,530774.0
Ganga,4951,1,665,1505,530188.0
Ganga,4564,1,57,55,528016.0
Ganga,5193,1,363,741,527004.0
Ganga,4569,1,58,57,525167.0
Ganga,4545,1,58,61,523171.0
Ganga,4947,1,665,1806,522836.0
Ganga,4410,1,47,67,517942.0
Ganga,5225,1,382,1125,517739.0
Ganga,4946,1,716,1054,514832.0
Ganga,5195,1,348,363,506685.0
Ganga,4955,1,716,821,506290.0
Ganga,4561,1,48,114,503076.0
Ganga,4953,1,513,716,502886.0
Ganga,4952,1,513,665,501825.0
Ganga,4403,1,55,66,500033.0
Ganga,4402,1,48,58,497425.0
Ganga,4972,1,262,348,497325.0
Ganga,4548,1,69,108,489517.0
Ganga,4954,1,429,513,487165.0
Ganga,4409,1,56,62,486828.0
Ganga,4535,1,48,57,478196.0
Ganga,5226,1,382,678,476474.0
Ganga,5147,1,83,177,476149.0
Ganga,5153,1,49,109,474984.0
Ganga,4575,1,39,66,472784.0
Ganga,4956,1,429,596,471739.0
Ganga,4570,1,47,48,471215.0
Ganga,5196,1,262,470,469010.0
Ganga,4961,1,276,382,468862.0
Ganga,4404,1,47,47,465420.0
Ganga,4960,1,136,429,464525.0
Ganga,4408,1,56,60,464510.0
Ganga,4571,1,55,62,463034.0
Ganga,4958,1,276,464,462274.0
Ganga,4966,1,127,262,458011.0
Ganga,4406,1,47,56,454037.0
Ganga,4405,1,47,47,449980.0
Ganga,4968,1,164,419,445539.0
Ganga,4957,1,265,554,444648.0
Ganga,4962,1,265,276,441383.0
Ganga,5146,1,79,121,436184.0
Ganga,5145,1,77,107,432249.0
Ganga,4963,1,209,265,431749.0
Ganga,5162,1,171,194,430756.0
Ganga,5163,1,171,196,430675.0
Ganga,4407,1,53,47,429749.0
Ganga,5152,1,49,67,428375.0
Ganga,4959,1,209,697,427686.0
Ganga,4559,1,53,69,423524.0
Ganga,4412,1,46,53,422868.0
Ganga,5159,1,79,93,422680.0
Ganga,5144,1,83,87,421026.0
Ganga,5155,1,42,171,420759.0
Ganga,5149,1,69,83,415128.0
Ganga,4967,1,164,242,414832.0
Ganga,4572,1,46,55,407944.0
Ganga,5148,1,77,79,407656.0
Ganga,5150,1,69,77,405441.0
Ganga,4964,1,127,209,404222.0
Ganga,4573,1,42,46,399952.0
Ganga,5156,1,47,69,398704.0
Ganga,5092,1,48,51,395778.0
Ganga,4936,1,70,164,394790.0
Ganga,4903,1,81,145,394022.0
Ganga,4578,1,44,51,393602.0
Ganga,4965,1,136,127,384834.0
Ganga,4904,1,81,136,383791.0
Ganga,5154,1,49,49,382220.0
Ganga,5133,1,44,42,378388.0
Ganga,5095,1,41,44,378264.0
Ganga,5094,1,41,53,377785.0
Ganga,5093,1,49,48,377278.0
Ganga,5158,1,38,49,368967.0
Ganga,2978,1,82,200,364771.0
Ganga,4931,1,57,63,364585.0
Ganga,5151,1,47,56,359191.0
Ganga,5134,1,82,149,354270.0
Ganga,4891,1,55,114,343773.0
Ganga,4872,1,51,52,341948.0
Ganga,5157,1,38,47,337960.0
Ganga,4883,1,45,81,334458.0
Ganga,5136,1,76,97,328898.0
Ganga,4940,1,68,77,328743.0
Ganga,5165,1,49,64,328218.0
Ganga,4935,1,49,57,325328.0
Ganga,5096,1,39,41,324287.0
Ganga,4938,1,70,67,323829.0
Ganga,4937,1,49,54,322445.0
Ganga,5137,1,67,79,321944.0
Ganga,5135,1,76,82,321678.0
Ganga,4939,1,68,70,320403.0
Ganga,5164,1,49,56,317739.0
Ganga,5160,1,42,38,316916.0
Ganga,4942,1,59,67,316613.0
Ganga,5166,1,45,49,316542.0
Ganga,5138,1,67,76,314417.0
Ganga,5167,1,45,49,310160.0
Ganga,4941,1,59,68,309660.0
Ganga,5139,1,41,67,309139.0
Ganga,4899,1,58,66,305227.0
Ganga,5168,1,41,45,304211.0
Ganga,4875,1,50,59,303817.0
Ganga,4876,1,51,49,301483.0
Ganga,4882,1,41,51,300877.0
Ganga,5161,1,41,42,300644.0
Ganga,4944,1,58,65,299554.0
Ganga,4870,1,51,53,297995.0
Ganga,5097,1,35,39,296878.0
Ganga,4849,1,222,517,295407.0
Ganga,5140,1,41,41,293935.0
Ganga,4890,1,55,58,287127.0
Ganga,4840,1,106,283,285345.0
Ganga,4943,1,51,56,283894.0
Ganga,4894,1,51,55,279682.0
Ganga,4819,1,38,86,276297.0
Ganga,4854,1,222,449,273214.0
Ganga,4877,1,43,51,272811.0
Ganga,5103,1,35,41,269740.0
Ganga,4871,1,43,45,268906.0
Ganga,4850,1,44,222,264446.0
Ganga,4868,1,106,113,261572.0
Ganga,4874,1,50,51,258465.0
Ganga,4843,1,71,106,256939.0
Ganga,4892,1,41,56,247133.0
Ganga,4815,1,67,91,244135.0
Ganga,4900,1,38,61,243888.0
Ganga,4878,1,45,50,242623.0
Ganga,4879,1,44,43,240261.0
Ganga,4884,1,44,45,239035.0
Ganga,5098,1,32,35,237634.0
Ganga,4889,1,42,47,236797.0
Ganga,5102,1,38,152,230440.0
Ganga,4888,1,38,46,227411.0
Ganga,4841,1,71,76,224780.0
Ganga,4824,1,50,99,224485.0
Ganga,4887,1,41,45,223730.0
Ganga,4814,1,67,70,223291.0
Ganga,4816,1,58,76,222643.0
Ganga,4820,1,53,96,220898.0
Ganga,4845,1,50,69,218151.0
Ganga,5100,1,28,69,214380.0
Ganga,4847,1,50,71,212180.0
Ganga,4818,1,58,67,211965.0
Ganga,4885,1,41,44,210169.0
Ganga,5099,1,28,32,209166.0
Ganga,4817,1,53,73,208378.0
Ganga,4886,1,42,41,207461.0
Ganga,4896,1,34,42,205504.0
Ganga,4897,1,31,34,203504.0
Ganga,4855,1,50,68,199917.0
Ganga,4893,1,38,41,197541.0
Ganga,4895,1,34,38,194825.0
Ganga,4823,1,44,58,194149.0
Ganga,4861,1,23,55,191500.0
Ganga,5105,1,38,44,180190.0
Ganga,5101,1,27,28,178733.0
Ganga,4848,1,50,50,174183.0
Ganga,4898,1,31,34,173523.0
Ganga,4902,1,38,31,168411.0
Ganga,4822,1,44,53,168096.0
Ganga,4856,1,44,50,165622.0
Ganga,4853,1,35,50,164807.0
Ganga,5106,1,27,38,162300.0
Ganga,5104,1,29,33,152580.0
Ganga,4857,1,38,40,151633.0
Ganga,4826,1,35,44,145878.0
Ganga,5107,1,29,27,143587.0
Ganga,4821,1,37,45,139808.0
Ganga,4858,1,35,38,138603.0
Ganga,4859,1,35,38,137316.0
Ganga,4825,1,28,44,136778.0
Ganga,5108,1,27,29,131063.0
Ganga,4867,1,27,41,129777.0
Ganga,4827,1,28,35,121600.0
Ganga,4866,1,37,37,118898.0
Ganga,4860,1,23,35,116459.0
Ganga,5112,1,27,27,109891.0
Ganga,4864,1,26,27,108062.0
Ganga,4865,1,27,37,106964.0
Ganga,4833,1,25,37,102700.0
Ganga,4862,1,26,23,96548.0
Ganga,4863,1,27,26,89904.0
Ganga,4828,1,24,28,87758.0
Ganga,4834,1,25,27,80095.0
Ganga,4829,1,24,29,68497.0
Ganga,4832,1,25,29,62207.0
Ganga,4831,1,26,24,49593.0
Ganga,4835,1,25,25,49571.0
Ganga,4836,1,26,25,43783.0
Ganga,4837,1,23,24,4201.0
Ganga,4838,1,23,26,1151.0
Ganga,2959,1,18,23,0.0
Alaknanda,4233,2,3224,3888,170920.0
Alaknanda,4234,2,3224,3510,165801.0
Alaknanda,4235,2,1942,3224,147073.0
Alaknanda,4238,2,1436,4334,139022.0
Alaknanda,4236,2,1942,4097,136431.0
Alaknanda,4244,2,1285,2015,133640.0
Alaknanda,4237,2,1436,1942,114179.0
Alaknanda,4243,2,1285,1677,102290.0
Alaknanda,4240,2,1027,1436,93320.0
Alaknanda,3892,2,755,1285,89852.0
Alaknanda,4242,2,852,1652,78239.0
Alaknanda,4239,2,1027,1356,76737.0
Alaknanda,4241,2,852,1027,66434.0
Alaknanda,4220,2,755,852,49556.0
Alaknanda,4221,2,609,755,33208.0
Alaknanda,4212,2,475,609,0.0
Bhagirathi,4226,2,3559,4556,176499.0
Bhagirathi,4224,2,3667,4128,174578.0
Bhagirathi,4223,2,3667,3737,159909.0
Bhagirathi,4228,2,2688,4258,159554.0
Bhagirathi,4227,2,3559,3667,157817.0
Bhagirathi,4229,2,3342,3559,154771.0
Bhagirathi,4230,2,3342,3320,143627.0
Bhagirathi,4231,2,2688,3342,143200.0
Bhagirathi,3323,2,699,2688,129040.0
Bhagirathi,4202,2,699,795,2717.0
Bhagirathi,4203,2,717,699,0.0
Mandakini,4208,2,1099,1632,43969.0
Mandakini,4222,2,1099,1689,42217.0
Mandakini,4210,2,716,1099,29090.0
Mandakini,4206,2,716,855,5801.0
Mandakini,4211,2,609,716,0.0
Burhi Gandak,5141,3,81,137,399545.0
Burhi Gandak,5142,3,81,91,367752.0
Burhi Gandak,5117,3,76,96,365556.0
Burhi Gandak,5121,3,62,73,360878.0
Burhi Gandak,5125,3,76,81,346097.0
Burhi Gandak,5120,3,75,83,338533.0
Burhi Gandak,5122,3,67,99,330980.0
Burhi Gandak,5118,3,75,87,330921.0
Burhi Gandak,5127,3,76,76,324165.0
Burhi Gandak,5119,3,69,95,311391.0
Burhi Gandak,5124,3,76,75,309256.0
Burhi Gandak,5128,3,71,76,306190.0
Burhi Gandak,5116,3,69,80,292924.0
Burhi Gandak,5130,3,68,80,292590.0
Burhi Gandak,4917,3,64,77,278879.0
Burhi Gandak,5123,3,67,69,273752.0
Burhi Gandak,5126,3,71,67,271060.0
Burhi Gandak,5129,3,68,71,267829.0
Burhi Gandak,5131,3,64,68,264015.0
Burhi Gandak,5132,3,62,64,249651.0
Burhi Gandak,4576,3,61,62,233925.0
Burhi Gandak,4922,3,61,62,192961.0
Burhi Gandak,4881,3,48,61,176069.0
Burhi Gandak,5091,3,52,58,144989.0
Burhi Gandak,4923,3,52,53,141735.0
Burhi Gandak,4873,3,41,52,107416.0
Burhi Gandak,4869,3,48,47,32053.0
Burhi Gandak,5090,3,41,48,3773.0
Burhi Gandak,4901,3,32,41,0.0
Gandak,4496,3,3299,4137,653399.0
Gandak,4497,3,3299,3698,651079.0
Gandak,4494,3,3299,3460,636653.0
Gandak,4498,3,3299,3299,634777.0
Gandak,4499,3,3184,3299,634562.0
Gandak,4495,3,3151,3483,631833.0
Gandak,4500,3,3184,3275,631139.0
Gandak,4501,3,3151,3184,627336.0
Gandak,4502,3,2873,3151,624097.0
Gandak,4503,3,2873,3569,617540.0
Gandak,4476,3,1304,2873,602853.0
Gandak,4582,3,1794,4411,560717.0
Gandak,4467,3,825,1569,560459.0
Gandak,4474,3,1304,1679,545428.0
Gandak,4468,3,869,1304,541860.0
Gandak,4466,3,869,1656,536032.0
Gandak,4471,3,683,1501,527502.0
Gandak,4469,3,825,869,522243.0
Gandak,4472,3,683,825,518455.0
Gandak,4470,3,729,1115,505794.0
Gandak,4527,3,3591,4376,501953.0
Gandak,4477,3,512,752,496108.0
Gandak,4473,3,512,683,495179.0
Gandak,4480,3,729,931,491053.0
Gandak,4483,3,660,874,484106.0
Gandak,4526,3,3591,3968,482516.0
Gandak,4482,3,660,729,482094.0
Gandak,4580,3,2373,3370,481736.0
Gandak,4528,3,3329,3591,479638.0
Gandak,4585,3,1430,3942,479101.0
Gandak,4529,3,3329,3719,476758.0
Gandak,4579,3,2373,3083,474547.0
Gandak,4478,3,510,660,471959.0
Gandak,4531,3,2578,3565,471018.0
Gandak,4512,3,3245,3544,470117.0
Gandak,4530,3,2578,3329,469185.0
Gandak,4581,3,1794,2373,468448.0
Gandak,4484,3,464,706,464430.0
Gandak,4510,3,3489,4020,463669.0
Gandak,4532,3,1991,3960,460746.0
Gandak,4583,3,1469,1794,458111.0
Gandak,4479,3,510,512,458096.0
Gandak,4509,3,3489,3981,456629.0
Gandak,4533,3,1991,2578,454000.0
Gandak,4584,3,1469,1746,450450.0
Gandak,4511,3,3245,3489,449774.0
Gandak,4586,3,1430,1469,445817.0
Gandak,4522,3,473,1430,443690.0
Gandak,4485,3,464,510,443026.0
Gandak,4486,3,188,464,437938.0
Gandak,4519,3,404,1991,434431.0
Gandak,4492,3,2397,3245,433120.0
Gandak,4513,3,2397,2705,431406.0
Gandak,4521,3,473,709,424041.0
Gandak,4475,3,309,1609,423262.0
Gandak,4518,3,404,1400,420746.0
Gandak,4515,3,556,2397,419863.0
Gandak,4487,3,309,1558,397369.0
Gandak,4523,3,419,473,394844.0
Gandak,4520,3,419,495,381725.0
Gandak,4514,3,556,885,381684.0
Gandak,4524,3,351,419,377576.0
Gandak,4506,3,328,404,371289.0
Gandak,4516,3,433,556,369698.0
Gandak,4517,3,433,585,367728.0
Gandak,4525,3,351,397,358208.0
Gandak,4504,3,316,600,356631.0
Gandak,4507,3,328,351,355008.0
Gandak,4906,3,284,473,354585.0
Gandak,4489,3,316,433,354066.0
Gandak,4508,3,313,328,347669.0
Gandak,5175,3,284,404,332517.0
Gandak,4488,3,227,309,330587.0
Gandak,4505,3,313,316,319892.0
Gandak,5176,3,183,284,318842.0
Gandak,4493,3,227,313,313238.0
Gandak,4490,3,188,227,298769.0
Gandak,4491,3,134,188,280505.0
Gandak,5177,3,183,188,277528.0
Gandak,5173,3,140,183,275623.0
Gandak,5143,3,140,170,257931.0
Gandak,5174,3,134,140,237030.0
Gandak,5178,3,120,134,229173.0
Gandak,5179,3,120,174,221938.0
Gandak,4442,3,118,158,219198.0
Gandak,5180,3,118,120,212615.0
Gandak,4431,3,82,118,207033.0
Gandak,4429,3,74,95,150303.0
Gandak,4433,3,82,92,138715.0
Gandak,4434,3,74,82,101378.0
Gandak,4438,3,65,74,60480.0
Gandak,4574,3,65,65,5303.0
Gandak,4577,3,42,65,0.0
Ghaghara,4752,3,398,574,776666.0
Ghaghara,4643,3,398,1010,767348.0
Ghaghara,4644,3,135,398,698036.0
Ghaghara,4024,3,118,150,619290.0
Ghaghara,4770,3,130,147,583658.0
Ghaghara,4775,3,135,132,564317.0
Ghaghara,4772,3,130,135,562591.0
Ghaghara,4773,3,114,130,555059.0
Ghaghara,4769,3,116,123,538570.0
Ghaghara,4771,3,116,134,531559.0
Ghaghara,4025,3,118,119,503929.0
Ghaghara,4032,3,109,114,503082.0
Ghaghara,4029,3,114,118,501520.0
Ghaghara,4757,3,97,111,495723.0
Ghaghara,4030,3,93,116,490272.0
Ghaghara,4756,3,104,113,486050.0
Ghaghara,4028,3,107,120,484207.0
Ghaghara,4026,3,114,115,477938.0
Ghaghara,4031,3,109,114,471660.0
Ghaghara,4753,3,104,107,462090.0
Ghaghara,4033,3,107,109,461971.0
Ghaghara,4759,3,92,104,451507.0
Ghaghara,4034,3,96,107,426989.0
Ghaghara,4755,3,92,114,421994.0
Ghaghara,4734,3,97,116,420997.0
Ghaghara,4441,3,84,349,419802.0
Ghaghara,4758,3,86,108,417098.0
Ghaghara,4027,3,96,109,410609.0
Ghaghara,4733,3,97,102,406503.0
Ghaghara,4735,3,86,97,397888.0
Ghaghara,4754,3,86,108,397093.0
Ghaghara,4731,3,89,96,396217.0
Ghaghara,4446,3,87,109,394641.0
Ghaghara,4768,3,93,96,391611.0
Ghaghara,4736,3,89,92,390771.0
Ghaghara,4737,3,86,89,386236.0
Ghaghara,4763,3,97,99,381593.0
Ghaghara,4764,3,98,97,377850.0
Ghaghara,4732,3,85,84,373948.0
Ghaghara,4722,3,89,93,371987.0
Ghaghara,4765,3,98,98,367002.0
Ghaghara,4741,3,87,94,366001.0
Ghaghara,4721,3,90,98,360076.0
Ghaghara,4458,3,82,85,359310.0
Ghaghara,4743,3,83,88,355969.0
Ghaghara,4739,3,81,87,355498.0
Ghaghara,4742,3,83,92,354916.0
Ghaghara,4720,3,83,102,353503.0
Ghaghara,4457,3,82,86,351606.0
Ghaghara,4738,3,81,83,339282.0
Ghaghara,4719,3,89,94,338994.0
Ghaghara,4459,3,80,82,338306.0
Ghaghara,4723,3,90,89,334562.0
Ghaghara,4740,3,84,81,330920.0
Ghaghara,4460,3,80,84,329375.0
Ghaghara,4724,3,79,90,327025.0
Ghaghara,4455,3,85,86,312792.0
Ghaghara,4449,3,77,80,305714.0
Ghaghara,4454,3,82,88,302169.0
Ghaghara,4453,3,76,82,301872.0
Ghaghara,4766,3,85,86,294681.0
Ghaghara,4452,3,76,79,286406.0
Ghaghara,4450,3,75,76,284891.0
Ghaghara,4767,3,83,85,280264.0
Ghaghara,4774,3,79,86,261460.0
Ghaghara,4461,3,82,83,259326.0
Ghaghara,4463,3,64,79,253855.0
Ghaghara,4451,3,75,77,244238.0
Ghaghara,4430,3,71,88,235215.0
Ghaghara,4462,3,69,82,231274.0
Ghaghara,4760,3,64,82,215679.0
Ghaghara,4725,3,68,78,213573.0
Ghaghara,4761,3,69,64,200498.0
Ghaghara,4416,3,66,75,197107.0
Ghaghara,4428,3,72,79,195364.0
Ghaghara,4422,3,64,80,186047.0
Ghaghara,4762,3,68,69,181977.0
Ghaghara,4427,3,72,76,176694.0
Ghaghara,4464,3,64,74,175261.0
Ghaghara,4465,3,64,68,171259.0
Ghaghara,4426,3,71,80,161167.0
Ghaghara,4413,3,71,68,160222.0
Ghaghara,4414,3,71,72,157902.0
Ghaghara,4415,3,66,71,147400.0
Ghaghara,4418,3,62,64,144702.0
Ghaghara,4423,3,64,71,144503.0
Ghaghara,4417,3,62,66,141690.0
Ghaghara,4419,3,59,62,123716.0
Ghaghara,4424,3,57,64,121543.0
Ghaghara,4396,3,57,70,113303.0
Ghaghara,4420,3,59,65,112247.0
Ghaghara,4432,3,57,73,106899.0
Ghaghara,4421,3,57,59,100846.0
Ghaghara,4425,3,57,57,74603.0
Ghaghara,4435,3,52,57,62794.0
Ghaghara,4395,3,57,63,61478.0
Ghaghara,4436,3,52,57,55910.0
Ghaghara,4397,3,49,52,45667.0
Ghaghara,4400,3,49,59,31432.0
Ghaghara,4398,3,49,57,21053.0
Ghaghara,4399,3,49,49,17419.0
Ghaghara,4401,3,47,49,0.0
Gomti,4047,3,160,166,636136.0
Gomti,4046,3,160,165,628756.0
Gomti,4012,3,127,165,623901.0
Gomti,4048,3,140,160,619639.0
Gomti,4023,3,143,147,580634.0
Gomti,4049,3,140,140,564599.0
Gomti,4022,3,143,141,564000.0
Gomti,4015,3,127,140,561320.0
Gomti,4007,3,140,141,558944.0
Gomti,4021,3,133,143,554676.0
Gomti,4006,3,140,140,547771.0
Gomti,3813,3,119,140,545236.0
Gomti,4020,3,133,137,535833.0
Gomti,4013,3,125,133,522188.0
Gomti,4017,3,116,127,515454.0
Gomti,4010,3,125,134,507743.0
Gomti,4014,3,124,125,492097.0
Gomti,4008,3,124,120,482557.0
Gomti,4016,3,116,124,481908.0
Gomti,4011,3,108,133,465981.0
Gomti,4018,3,108,116,446436.0
Gomti,4000,3,105,131,431116.0
Gomti,4009,3,119,119,409860.0
Gomti,4019,3,107,108,407813.0
Gomti,3999,3,107,121,407756.0
Gomti,3977,3,114,119,399160.0
Gomti,3974,3,114,116,376293.0
Gomti,3978,3,110,114,368606.0
Gomti,3975,3,110,116,358871.0
Gomti,4002,3,106,107,358594.0
Gomti,3979,3,98,110,333185.0
Gomti,3998,3,105,105,322751.0
Gomti,3982,3,99,115,318057.0
Gomti,4001,3,106,105,312688.0
Gomti,4003,3,93,106,298211.0
Gomti,3981,3,98,104,283800.0
Gomti,3980,3,99,102,268270.0
Gomti,3985,3,88,103,259292.0
Gomti,3983,3,88,98,249704.0
Gomti,3994,3,93,99,248246.0
Gomti,3987,3,88,106,240475.0
Gomti,3957,3,75,93,233930.0
Gomti,3991,3,87,104,228444.0
Gomti,3986,3,88,96,213476.0
Gomti,3988,3,88,88,196996.0
Gomti,3989,3,91,88,195494.0
Gomti,3992,3,91,87,192422.0
Gomti,3990,3,88,91,190437.0
Gomti,3993,3,87,88,179113.0
Gomti,3956,3,74,87,169624.0
Gomti,3946,3,75,91,137829.0
Gomti,3958,3,74,75,93018.0
Gomti,3931,3,61,74,49123.0
Gomti,3930,3,61,82,37248.0
Gomti,3932,3,62,61,0.0
Ramganga,3890,3,823,1088,34470.0
Ramganga,3889,3,823,882,10497.0
Ramganga,3891,3,762,823,0.0
Rapti,4745,3,654,1251,304936.0
Rapti,4744,3,654,1171,283502.0
Rapti,4748,3,402,934,275595.0
Rapti,4746,3,515,654,256474.0
Rapti,4747,3,515,575,233646.0
Rapti,4749,3,402,515,229560.0
Rapti,4750,3,127,402,204278.0
Rapti,4751,3,127,126,10291.0
Rapti,4456,3,85,127,0.0
Sarju,4809,3,869,1133,85935.0
Sarju,3885,3,869,1074,74076.0
Sarju,4810,3,510,869,58139.0
Sarju,4811,3,510,687,14169.0
Sarju,4812,3,489,510,0.0
Bagmati,4907,4,286,1300,294593.0
Bagmati,4905,4,286,419,233682.0
Bagmati,4909,4,166,319,226120.0
Bagmati,4910,4,166,286,218582.0
Bagmati,4918,4,70,249,194995.0
Bagmati,4911,4,80,166,187228.0
Bagmati,4913,4,80,89,144403.0
Bagmati,4916,4,70,80,131002.0
Bagmati,4914,4,63,88,122014.0
Bagmati,4921,4,59,70,100367.0
Bagmati,4919,4,63,68,94502.0
Bagmati,4920,4,59,63,89683.0
Bagmati,4924,4,57,63,58913.0
Bagmati,4925,4,57,59,51967.0
Bagmati,4880,4,51,57,0.0
Kamala,4915,4,54,89,74782.0
Kamala,4927,4,57,100,61811.0
Kamala,4930,4,63,76,50476.0
Kamala,4926,4,57,79,47276.0
Kamala,4929,4,63,64,32271.0
Kamala,4932,4,59,63,24965.0
Kamala,4928,4,59,57,14073.0
Kamala,4933,4,54,59,4852.0
Kamala,4934,4,57,54,0.0
Kosi,3887,4,1046,1206,196891.0
Kosi,3886,4,1046,1105,179889.0
Kosi,3857,4,246,1046,177045.0
Kosi,3855,4,246,276,69240.0
Kosi,3858,4,189,246,63301.0
Kosi,3867,4,189,209,31016.0
Kosi,3872,4,182,189,0.0
Mahananda,4851,4,30,55,136390.0
Mahananda,4852,4,29,41,104311.0
Mahananda,5080,4,30,42,104179.0
Mahananda,5087,4,29,34,74021.0
Mahananda,4830,4,33,29,68181.0
Mahananda,5085,4,33,30,45275.0
Mahananda,5086,4,26,33,40709.0
Mahananda,5079,4,25,31,34289.0
Mahananda,5088,4,26,22,13787.0
Mahananda,5089,4,25,26,1058.0
Mahananda,5081,4,21,25,0.0
Mechi,4842,4,54,107,53504.0
Mechi,4844,4,54,120,50820.0
Mechi,4846,4,50,54,0.0
Betwa,4191,5,435,508,523657.0
Betwa,4190,5,435,439,490839.0
Betwa,4194,5,412,435,480972.0
Betwa,4192,5,412,479,480862.0
Betwa,4172,5,493,506,449158.0
Betwa,4198,5,397,448,444060.0
Betwa,4196,5,405,428,434051.0
Betwa,4170,5,493,494,424183.0
Betwa,4144,5,423,493,422341.0
Betwa,4199,5,397,446,413994.0
Betwa,4195,5,405,412,413383.0
Betwa,4171,5,423,444,402671.0
Betwa,4197,5,397,405,400025.0
Betwa,4200,5,397,397,381210.0
Betwa,4173,5,383,409,373612.0
Betwa,4174,5,391,423,373276.0
Betwa,4181,5,383,397,372118.0
Betwa,4178,5,378,434,354192.0
Betwa,4180,5,384,408,346721.0
Betwa,4143,5,465,498,345488.0
Betwa,4175,5,384,383,338909.0
Betwa,4176,5,391,384,335148.0
Betwa,4184,5,382,414,329047.0
Betwa,4177,5,378,391,319974.0
Betwa,4142,5,465,467,304934.0
Betwa,4145,5,394,465,301442.0
Betwa,4179,5,374,378,296112.0
Betwa,4188,5,377,456,294666.0
Betwa,4186,5,382,384,293035.0
Betwa,4167,5,368,382,289254.0
Betwa,4182,5,374,380,282233.0
Betwa,4183,5,368,374,281377.0
Betwa,4163,5,333,404,277534.0
Betwa,4185,5,359,368,273645.0
Betwa,4187,5,359,383,271881.0
Betwa,4146,5,394,443,268383.0
Betwa,4157,5,331,359,260199.0
Betwa,4148,5,348,394,254241.0
Betwa,4189,5,377,437,252205.0
Betwa,4164,5,302,368,247217.0
Betwa,4156,5,331,377,241844.0
Betwa,4160,5,290,359,237252.0
Betwa,4162,5,333,342,225954.0
Betwa,4149,5,348,351,225006.0
Betwa,4165,5,302,333,221521.0
Betwa,4153,5,275,348,219226.0
Betwa,4158,5,299,331,214208.0
Betwa,4151,5,324,355,210225.0
Betwa,4150,5,324,346,208155.0
Betwa,3478,5,299,330,200360.0
Betwa,4152,5,275,324,192927.0
Betwa,4166,5,290,302,190424.0
Betwa,4169,5,279,288,181293.0
Betwa,4159,5,247,299,175029.0
Betwa,4168,5,279,290,174480.0
Betwa,4161,5,247,279,170104.0
Betwa,4129,5,206,294,165338.0
Betwa,4141,5,184,275,160877.0
Betwa,3458,5,194,272,156662.0
Betwa,3462,5,194,247,147392.0
Betwa,4154,5,206,228,128191.0
Betwa,3463,5,196,194,124614.0
Betwa,3457,5,196,213,123387.0
Betwa,4131,5,184,206,120863.0
Betwa,4128,5,199,224,114879.0
Betwa,4127,5,199,212,109693.0
Betwa,3464,5,114,196,104764.0
Betwa,4130,5,179,199,102410.0
Betwa,4132,5,179,184,96358.0
Betwa,4133,5,128,179,85306.0
Betwa,4137,5,157,180,75133.0
Betwa,4136,5,157,171,69861.0
Betwa,4134,5,128,157,58035.0
Betwa,4135,5,114,128,32834.0
Betwa,4138,5,114,124,10155.0
Betwa,4139,5,114,114,6849.0
Betwa,4121,5,103,114,0.0
Chambal,3657,5,496,526,602853.0
Chambal,3654,5,486,519,589187.0
Chambal,3655,5,451,541,589107.0
Chambal,3665,5,467,528,582598.0
Chambal,3664,5,496,522,580519.0
Chambal,3653,5,486,519,574957.0
Chambal,3741,5,533,711,574126.0
Chambal,3658,5,467,496,565050.0
Chambal,3750,5,496,587,539896.0
Chambal,3656,5,451,486,533822.0
Chambal,3708,5,518,592,526352.0
Chambal,3740,5,533,594,521267.0
Chambal,3598,5,487,499,514519.0
Chambal,3749,5,496,524,512266.0
Chambal,3659,5,487,496,512192.0
Chambal,3710,5,518,533,504613.0
Chambal,3752,5,469,505,502646.0
Chambal,3605,5,430,487,501118.0
Chambal,3709,5,471,546,500263.0
Chambal,3751,5,469,496,499742.0
Chambal,3711,5,471,518,495235.0
Chambal,3666,5,459,467,493888.0
Chambal,3646,5,446,469,485288.0
Chambal,3731,5,426,469,482691.0
Chambal,3667,5,459,460,481247.0
Chambal,3631,5,407,451,480366.0
Chambal,3650,5,421,459,479477.0
Chambal,3789,5,487,503,475451.0
Chambal,3647,5,446,460,475415.0
Chambal,3728,5,426,451,472409.0
Chambal,3729,5,421,449,469173.0
Chambal,3648,5,418,446,467165.0
Chambal,3730,5,409,437,463818.0
Chambal,3788,5,487,490,462760.0
Chambal,3690,5,470,534,462404.0
Chambal,3579,5,468,487,460617.0
Chambal,3712,5,423,471,458343.0
Chambal,3738,5,422,438,451982.0
Chambal,3739,5,422,433,451659.0
Chambal,3732,5,421,426,450182.0
Chambal,3638,5,427,486,448204.0
Chambal,3790,5,468,479,445043.0
Chambal,3691,5,453,583,441893.0
Chambal,3733,5,409,421,439428.0
Chambal,3726,5,470,482,439311.0
Chambal,3649,5,418,436,437657.0
Chambal,3737,5,383,422,437561.0
Chambal,3735,5,398,412,431909.0
Chambal,3651,5,421,418,431759.0
Chambal,3652,5,399,421,431339.0
Chambal,3586,5,442,468,430943.0
Chambal,3603,5,430,438,430929.0
Chambal,3734,5,398,409,430856.0
Chambal,3718,5,341,470,430014.0
Chambal,3713,5,423,439,429854.0
Chambal,3630,5,390,430,426611.0
Chambal,3736,5,383,398,424692.0
Chambal,3714,5,344,423,423014.0
Chambal,3642,5,424,465,411445.0
Chambal,3629,5,407,413,409195.0
Chambal,3632,5,399,407,408503.0
Chambal,3719,5,369,383,407254.0
Chambal,3689,5,453,502,406839.0
Chambal,3637,5,427,447,403894.0
Chambal,3585,5,442,465,403774.0
Chambal,3633,5,390,399,397931.0
Chambal,3641,5,424,437,392156.0
Chambal,3693,5,418,453,391449.0
Chambal,3717,5,369,400,391319.0
Chambal,3695,5,351,450,389806.0
Chambal,3635,5,387,427,388763.0
Chambal,3587,5,404,442,387756.0
Chambal,3645,5,392,424,383307.0
Chambal,3634,5,387,390,383224.0
Chambal,3720,5,351,369,381767.0
Chambal,3715,5,351,370,371484.0
Chambal,3692,5,418,426,370766.0
Chambal,3694,5,390,421,367591.0
Chambal,3696,5,390,418,366017.0
Chambal,3721,5,344,351,365391.0
Chambal,3644,5,385,414,363844.0
Chambal,3643,5,392,394,361142.0
Chambal,3716,5,346,365,359623.0
Chambal,3639,5,385,392,355321.0
Chambal,3636,5,389,387,350400.0
Chambal,3722,5,346,344,345700.0
Chambal,3724,5,342,346,345450.0
Chambal,3439,5,373,397,344603.0
Chambal,3427,5,343,395,344385.0
Chambal,3697,5,351,390,343781.0
Chambal,3640,5,389,385,343730.0
Chambal,3417,5,332,445,342731.0
Chambal,3607,5,386,389,341415.0
Chambal,3723,5,342,344,341037.0
Chambal,3699,5,335,378,340091.0
Chambal,3438,5,373,392,338800.0
Chambal,3725,5,341,342,338197.0
Chambal,3775,5,404,443,337426.0
Chambal,3704,5,331,341,332474.0
Chambal,3429,5,343,373,329978.0
Chambal,3606,5,386,391,328070.0
Chambal,3610,5,349,399,327729.0
Chambal,3698,5,335,367,326555.0
Chambal,3703,5,331,346,325979.0
Chambal,3702,5,305,331,317730.0
Chambal,3608,5,346,386,311820.0
Chambal,3776,5,380,404,311450.0
Chambal,3609,5,349,462,310746.0
Chambal,3701,5,327,351,308776.0
Chambal,3430,5,308,343,299280.0
Chambal,3612,5,346,349,295582.0
Chambal,3614,5,303,399,294582.0
Chambal,3443,5,349,369,293532.0
Chambal,3700,5,327,335,289753.0
Chambal,3705,5,311,327,285416.0
Chambal,3416,5,332,350,284090.0
Chambal,3442,5,349,355,283619.0
Chambal,3611,5,346,346,282684.0
Chambal,3445,5,328,342,282411.0
Chambal,3777,5,380,400,281723.0
Chambal,3613,5,346,346,281247.0
Chambal,3444,5,328,349,279392.0
Chambal,3778,5,381,380,276181.0
Chambal,3706,5,311,324,276084.0
Chambal,3615,5,303,346,274105.0
Chambal,3399,5,279,332,269969.0
Chambal,3779,5,381,432,268681.0
Chambal,3707,5,305,311,263887.0
Chambal,3420,5,317,328,261581.0
Chambal,3418,5,317,321,258957.0
Chambal,3440,5,308,305,257398.0
Chambal,3421,5,289,317,251066.0
Chambal,3727,5,242,333,250066.0
Chambal,3340,5,376,433,248232.0
Chambal,3432,5,261,308,243652.0
Chambal,3780,5,376,381,242062.0
Chambal,3617,5,301,454,241432.0
Chambal,3428,5,285,324,239564.0
Chambal,3419,5,289,313,238819.0
Chambal,3616,5,301,303,237604.0
Chambal,3618,5,229,301,226597.0
Chambal,3760,5,306,376,223871.0
Chambal,3397,5,289,356,222877.0
Chambal,3753,5,316,340,222743.0
Chambal,3422,5,279,289,217124.0
Chambal,3783,5,253,332,212061.0
Chambal,3754,5,316,329,211787.0
Chambal,3756,5,306,363,211499.0
Chambal,3426,5,285,291,208974.0
Chambal,3755,5,303,326,208721.0
Chambal,3441,5,242,287,206758.0
Chambal,3758,5,303,316,202105.0
Chambal,3431,5,267,285,201684.0
Chambal,3757,5,263,373,200323.0
Chambal,3424,5,267,279,198501.0
Chambal,3782,5,253,256,197932.0
Chambal,3620,5,233,265,193018.0
Chambal,3785,5,226,253,192993.0
Chambal,3761,5,263,306,192039.0
Chambal,3401,5,270,308,190295.0
Chambal,3759,5,261,303,189386.0
Chambal,3621,5,246,256,188815.0
Chambal,3423,5,267,276,187198.0
Chambal,3396,5,289,298,181632.0
Chambal,3619,5,246,247,181315.0
Chambal,3791,5,229,242,181181.0
Chambal,3781,5,233,233,180653.0
Chambal,3622,5,229,246,178616.0
Chambal,3786,5,229,242,176904.0
Chambal,3784,5,226,233,176811.0
Chambal,3425,5,267,267,175707.0
Chambal,3433,5,261,267,174384.0
Chambal,3400,5,270,289,173826.0
Chambal,3763,5,253,316,171805.0
Chambal,3435,5,234,283,169319.0
Chambal,3625,5,219,229,169199.0
Chambal,3434,5,236,261,168704.0
Chambal,3624,5,219,226,168083.0
Chambal,3623,5,189,229,167526.0
Chambal,3762,5,261,263,167345.0
Chambal,3764,5,253,261,165724.0
Chambal,3402,5,217,270,154614.0
Chambal,3406,5,236,273,152210.0
Chambal,3765,5,208,253,151315.0
Chambal,3770,5,250,319,147649.0
Chambal,3626,5,187,219,137186.0
Chambal,3766,5,215,262,132769.0
Chambal,3769,5,211,243,130645.0
Chambal,3768,5,250,254,128961.0
Chambal,3771,5,215,250,126750.0
Chambal,3409,5,234,247,120960.0
Chambal,3403,5,234,250,118864.0
Chambal,3772,5,211,215,118325.0
Chambal,3436,5,234,236,117250.0
Chambal,3767,5,211,230,113541.0
Chambal,3414,5,210,234,109765.0
Chambal,3773,5,208,211,108169.0
Chambal,3774,5,211,208,104252.0
Chambal,3404,5,234,236,103353.0
Chambal,3338,5,211,244,102344.0
Chambal,3405,5,234,234,102066.0
Chambal,3413,5,210,248,101421.0
Chambal,3748,5,193,222,100452.0
Chambal,3407,5,217,234,99858.0
Chambal,3628,5,187,189,98679.0
Chambal,3744,5,193,211,95754.0
Chambal,3437,5,187,235,91572.0
Chambal,3410,5,216,229,87527.0
Chambal,3408,5,216,217,83046.0
Chambal,3787,5,187,187,78996.0
Chambal,3411,5,211,216,77925.0
Chambal,3745,5,187,193,76605.0
Chambal,3415,5,208,210,74291.0
Chambal,3742,5,187,205,73393.0
Chambal,3412,5,208,211,70900.0
Chambal,3746,5,177,187,70016.0
Chambal,3330,5,197,244,67187.0
Chambal,3747,5,177,187,66748.0
Chambal,3332,5,176,208,65060.0
Chambal,3333,5,176,177,39589.0
Chambal,3328,5,197,237,35207.0
Chambal,3329,5,166,261,30226.0
Chambal,3331,5,176,197,22537.0
Chambal,3334,5,176,176,16770.0
Chambal,3335,5,166,176,16646.0
Chambal,3336,5,152,166,0.0
Ken,4147,5,355,520,317519.0
Ken,4307,5,345,412,312626.0
Ken,4308,5,345,388,294032.0
Ken,4124,5,384,472,289287.0
Ken,4125,5,384,444,285960.0
Ken,4287,5,328,345,266881.0
Ken,4285,5,331,383,262586.0
Ken,4126,5,378,384,250555.0
Ken,4296,5,327,384,248148.0
Ken,4284,5,331,347,238079.0
Ken,4303,5,378,384,237953.0
Ken,4306,5,342,378,234313.0
Ken,4286,5,328,331,227480.0
Ken,4301,5,308,419,222608.0
Ken,4289,5,320,328,220669.0
Ken,4304,5,355,370,215856.0
Ken,4288,5,320,337,212933.0
Ken,4290,5,320,320,204284.0
Ken,4305,5,342,355,200906.0
Ken,4299,5,313,355,193665.0
Ken,4297,5,327,342,187605.0
Ken,4291,5,320,326,183076.0
Ken,4099,5,313,353,180939.0
Ken,4292,5,306,320,176610.0
Ken,4295,5,325,331,171883.0
Ken,4298,5,325,327,169779.0
Ken,4275,5,299,325,167896.0
Ken,4293,5,306,319,167868.0
Ken,4294,5,299,306,157762.0
Ken,4302,5,308,313,147552.0
Ken,4268,5,290,322,139669.0
Ken,4267,5,260,349,124262.0
Ken,4270,5,295,308,120555.0
Ken,4271,5,295,299,112390.0
Ken,4155,5,260,326,102207.0
Ken,4272,5,290,295,97983.0
Ken,4273,5,232,290,94577.0
Ken,4279,5,248,295,82942.0
Ken,4269,5,232,260,82604.0
Ken,4278,5,248,268,76204.0
Ken,4276,5,219,248,66608.0
Ken,4274,5,219,232,62302.0
Ken,4277,5,135,219,50269.0
Ken,4280,5,135,189,9427.0
Ken,4281,5,132,135,0.0
Son,4372,5,417,825,557562.0
Son,2480,5,486,560,543547.0
Son,2481,5,486,522,515201.0
Son,4378,5,461,519,490501.0
Son,4379,5,465,486,488865.0
Son,4377,5,465,483,479784.0
Son,4380,5,461,465,470777.0
Son,4364,5,473,567,469054.0
Son,4381,5,435,461,457873.0
Son,4363,5,473,522,454749.0
Son,4385,5,399,479,439401.0
Son,4366,5,420,473,438265.0
Son,4376,5,435,444,435554.0
Son,4382,5,407,435,431109.0
Son,4384,5,407,461,428895.0
Son,4371,5,417,475,419697.0
Son,4383,5,399,407,415540.0
Son,4367,5,420,429,408529.0
Son,4368,5,353,420,405858.0
Son,4386,5,384,399,399102.0
Son,4387,5,384,443,398744.0
Son,4373,5,371,417,395864.0
Son,4369,5,353,414,377468.0
Son,4388,5,371,384,374171.0
Son,4300,5,339,388,370029.0
Son,4349,5,358,433,369363.0
Son,4360,5,364,385,348007.0
Son,4361,5,364,371,347500.0
Son,4362,5,358,364,341653.0
Son,4345,5,363,505,341550.0
Son,4105,5,310,358,339752.0
Son,4370,5,339,353,331636.0
Son,4103,5,319,339,312667.0
Son,4358,5,530,584,311566.0
Son,4359,5,530,550,303223.0
Son,4328,5,407,480,296964.0
Son,4329,5,407,530,295421.0
Son,4102,5,319,358,291658.0
Son,4344,5,363,405,288373.0
Son,4347,5,354,402,284045.0
Son,4346,5,354,363,271348.0
Son,4104,5,310,319,268873.0
Son,4330,5,335,407,262432.0
Son,4348,5,351,354,260843.0
Son,4375,5,283,310,259715.0
Son,4350,5,351,360,258732.0
Son,4351,5,337,351,256877.0
Son,4352,5,337,337,243397.0
Son,4353,5,254,337,240927.0
Son,4374,5,283,320,227708.0
Son,4354,5,254,326,221642.0
Son,4356,5,249,283,214680.0
Son,4331,5,335,375,207095.0
Son,4332,5,274,335,199586.0
Son,4355,5,249,254,196044.0
Son,4078,5,228,249,194707.0
Son,4335,5,231,376,161127.0
Son,4333,5,274,290,156173.0
Son,4357,5,228,247,155423.0
Son,4334,5,231,274,153851.0
Son,4057,5,193,228,153085.0
Son,4056,5,193,231,112431.0
Son,4338,5,222,336,78852.0
Son,4058,5,161,193,76436.0
Son,4337,5,222,269,50071.0
Son,4339,5,161,222,38779.0
Son,4341,5,160,161,0.0
Tons,4098,5,319,329,201510.0
Tons,3973,5,171,296,199303.0
Tons,4101,5,276,343,198574.0
Tons,4097,5,319,329,196385.0
Tons,4100,5,276,319,181028.0
Tons,4077,5,301,319,146474.0
Tons,4073,5,268,276,144771.0
Tons,4076,5,301,314,142305.0
Tons,4070,5,286,302,141060.0
Tons,4051,5,171,242,128100.0
Tons,4072,5,215,301,118442.0
Tons,4053,5,176,213,114231.0
Tons,4052,5,176,190,109950.0
Tons,4069,5,286,281,109888.0
Tons,4071,5,268,286,101947.0
Tons,4079,5,97,208,101905.0
Tons,4055,5,140,171,99170.0
Tons,4054,5,140,176,98997.0
Tons,4074,5,215,268,98702.0
Tons,4083,5,290,292,80483.0
Tons,4082,5,290,292,78231.0
Tons,4075,5,97,215,76056.0
Tons,4036,5,118,140,74943.0
Tons,4081,5,98,290,73320.0
Tons,4080,5,98,97,60743.0
Tons,4060,5,118,127,57994.0
Tons,4062,5,95,324,54959.0
Tons,4059,5,95,343,47735.0
Tons,4061,5,99,118,45303.0
Tons,4085,5,101,116,40975.0
Tons,4084,5,101,98,36951.0
Tons,4063,5,99,95,21408.0
Tons,4065,5,98,99,18622.0
Tons,4086,5,93,101,14278.0
Tons,4087,5,93,97,12392.0
Tons,4066,5,98,93,11562.0
Tons,4067,5,80,98,0.0
Yamuna,3395,5,1539,2935,1417235.0
Yamuna,3310,5,924,2017,1410657.0
Yamuna,3308,5,1264,2197,1408836.0
Yamuna,3394,5,1539,2061,1402790.0
Yamuna,3309,5,1264,1539,1393181.0
Yamuna,3326,5,906,1427,1383883.0
Yamuna,3311,5,924,1264,1383200.0
Yamuna,3322,5,674,2060,1373186.0
Yamuna,3316,5,790,1240,1349452.0
Yamuna,3312,5,790,924,1348744.0
Yamuna,3325,5,906,981,1342254.0
Yamuna,3286,5,400,906,1338108.0
Yamuna,3317,5,725,790,1326786.0
Yamuna,3318,5,725,793,1319748.0
Yamuna,3319,5,459,725,1317243.0
Yamuna,3321,5,674,955,1299611.0
Yamuna,3320,5,459,674,1289219.0
Yamuna,3285,5,384,525,1274521.0
Yamuna,3324,5,400,459,1263866.0
Yamuna,3245,5,350,416,1254663.0
Yamuna,3287,5,384,400,1246237.0
Yamuna,3288,5,368,384,1240455.0
Yamuna,3284,5,368,380,1238438.0
Yamuna,3244,5,307,417,1236487.0
Yamuna,3289,5,274,368,1234863.0
Yamuna,3243,5,350,371,1224440.0
Yamuna,3267,5,257,347,1222195.0
Yamuna,3276,5,213,234,1216203.0
Yamuna,3247,5,280,347,1215474.0
Yamuna,3246,5,307,350,1212821.0
Yamuna,3291,5,269,285,1203924.0
Yamuna,3290,5,274,287,1202398.0
Yamuna,3295,5,261,278,1196123.0
Yamuna,3292,5,269,274,1191596.0
Yamuna,3293,5,237,269,1184821.0
Yamuna,3265,5,257,293,1182010.0
Yamuna,3248,5,281,307,1177556.0
Yamuna,3294,5,261,260,1171757.0
Yamuna,3297,5,237,261,1169304.0
Yamuna,3283,5,280,295,1168756.0
Yamuna,3249,5,281,300,1158873.0
Yamuna,3269,5,217,257,1153663.0
Yamuna,3271,5,213,280,1152886.0
Yamuna,3251,5,253,284,1152764.0
Yamuna,3250,5,253,281,1148035.0
Yamuna,3296,5,235,253,1145309.0
Yamuna,3236,5,224,250,1123899.0
Yamuna,3272,5,213,215,1121989.0
Yamuna,3252,5,227,253,1117047.0
Yamuna,3273,5,213,210,1115979.0
Yamuna,3237,5,224,235,1111790.0
Yamuna,3270,5,217,213,1105723.0
Yamuna,3298,5,235,237,1103600.0
Yamuna,3254,5,227,246,1103249.0
Yamuna,3301,5,213,242,1102984.0
Yamuna,3238,5,215,224,1091527.0
Yamuna,3277,5,213,217,1091129.0
Yamuna,3300,5,225,235,1087591.0
Yamuna,3303,5,225,225,1081581.0
Yamuna,3241,5,213,227,1081398.0
Yamuna,3239,5,215,213,1079586.0
Yamuna,3240,5,213,215,1069525.0
Yamuna,3257,5,213,216,1068305.0
Yamuna,3304,5,221,225,1063091.0
Yamuna,3279,5,215,217,1059953.0
Yamuna,3242,5,209,213,1058435.0
Yamuna,3256,5,209,218,1049861.0
Yamuna,3305,5,221,217,1048415.0
Yamuna,3278,5,215,213,1039891.0
Yamuna,3261,5,206,221,1039699.0
Yamuna,3258,5,213,209,1035043.0
Yamuna,3552,5,206,213,1034330.0
Yamuna,3281,5,213,215,1030790.0
Yamuna,3259,5,213,213,1027943.0
Yamuna,3263,5,205,213,1015497.0
Yamuna,3551,5,206,219,1009602.0
Yamuna,3260,5,206,208,1008637.0
Yamuna,3262,5,205,206,1005178.0
Yamuna,3534,5,195,206,1002389.0
Yamuna,3264,5,195,205,988039.0
Yamuna,3535,5,171,195,935249.0
Yamuna,3253,5,190,249,905286.0
Yamuna,3398,5,276,412,902291.0
Yamuna,3341,5,306,371,873379.0
Yamuna,3342,5,306,356,872893.0
Yamuna,3533,5,171,196,863751.0
Yamuna,3519,5,289,334,861734.0
Yamuna,3346,5,331,362,851136.0
Yamuna,3255,5,190,191,850883.0
Yamuna,3520,5,240,302,850748.0
Yamuna,3347,5,331,376,848872.0
Yamuna,3517,5,290,314,847801.0
Yamuna,3343,5,279,306,841036.0
Yamuna,3516,5,289,297,839369.0
Yamuna,3348,5,279,331,838527.0
Yamuna,3521,5,290,289,837758.0
Yamuna,3522,5,241,290,837138.0
Yamuna,3502,5,175,208,835219.0
Yamuna,3365,5,214,252,834223.0
Yamuna,3511,5,240,258,828605.0
Yamuna,3500,5,184,193,828484.0
Yamuna,3525,5,185,190,823892.0
Yamuna,3518,5,276,282,821336.0
Yamuna,3337,5,152,279,820348.0
Yamuna,3531,5,227,250,815061.0
Yamuna,3523,5,241,276,813765.0
Yamuna,3532,5,227,240,813089.0
Yamuna,3505,5,162,171,812734.0
Yamuna,3508,5,216,228,805011.0
Yamuna,3510,5,235,270,802933.0
Yamuna,3507,5,216,226,797986.0
Yamuna,3509,5,214,216,794153.0
Yamuna,3528,5,180,227,791842.0
Yamuna,3526,5,185,185,789538.0
Yamuna,3373,5,205,214,788696.0
Yamuna,3512,5,179,242,785542.0
Yamuna,3513,5,180,223,785060.0
Yamuna,3527,5,185,185,784512.0
Yamuna,3497,5,162,167,780062.0
Yamuna,3524,5,235,241,779910.0
Yamuna,3506,5,146,162,778291.0
Yamuna,3355,5,205,213,776113.0
Yamuna,3491,5,209,235,773112.0
Yamuna,3378,5,192,205,766786.0
Yamuna,3529,5,184,183,761208.0
Yamuna,3501,5,185,184,757336.0
Yamuna,3358,5,206,233,753497.0
Yamuna,3541,5,184,187,753086.0
Yamuna,3530,5,180,185,750231.0
Yamuna,3490,5,209,221,749201.0
Yamuna,3540,5,184,183,746633.0
Yamuna,3537,5,165,184,738364.0
Yamuna,3352,5,206,215,735092.0
Yamuna,3493,5,174,209,734953.0
Yamuna,3489,5,192,187,730648.0
Yamuna,3364,5,180,206,729341.0
Yamuna,3498,5,175,178,728559.0
Yamuna,3492,5,165,192,726587.0
Yamuna,3515,5,180,180,724256.0
Yamuna,3514,5,179,180,714754.0
Yamuna,3504,5,175,179,710223.0
Yamuna,3499,5,175,177,707178.0
Yamuna,3351,5,180,184,706932.0
Yamuna,3495,5,153,177,706640.0
Yamuna,3359,5,165,183,706191.0
Yamuna,3503,5,165,175,705922.0
Yamuna,3369,5,162,180,705603.0
Yamuna,3494,5,174,175,700691.0
Yamuna,3339,5,107,152,700066.0
Yamuna,3538,5,160,165,678305.0
Yamuna,3536,5,160,169,672802.0
Yamuna,3382,5,162,165,671260.0
Yamuna,3496,5,153,174,670803.0
Yamuna,3539,5,146,160,656656.0
Yamuna,3385,5,144,162,652876.0
Yamuna,3480,5,136,146,649796.0
Yamuna,3479,5,144,153,631003.0
Yamuna,3389,5,136,144,603354.0
Yamuna,3898,5,166,184,567399.0
Yamuna,3391,5,107,136,554433.0
Yamuna,3904,5,157,172,550814.0
Yamuna,3906,5,166,174,541838.0
Yamuna,3903,5,157,170,531185.0
Yamuna,4118,5,166,166,498030.0
Yamuna,3371,5,148,166,497226.0
Yamuna,3907,5,166,157,492841.0
Yamuna,3483,5,137,166,482391.0
Yamuna,3368,5,148,161,474100.0
Yamuna,3379,5,145,148,388044.0
Yamuna,3354,5,145,146,387803.0
Yamuna,4140,5,135,243,372031.0
Yamuna,3380,5,144,145,370626.0
Yamuna,3481,5,144,146,370028.0
Yamuna,3392,5,105,107,365580.0
Yamuna,3393,5,99,105,355863.0
Yamuna,3484,5,103,144,351370.0
Yamuna,3822,5,137,142,347904.0
Yamuna,3367,5,107,149,345798.0
Yamuna,3820,5,80,137,344576.0
Yamuna,4108,5,142,182,335420.0
Yamuna,4120,5,122,142,331776.0
Yamuna,4282,5,132,204,324513.0
Yamuna,4119,5,122,135,315117.0
Yamuna,4107,5,142,173,308441.0
Yamuna,4283,5,135,132,305288.0
Yamuna,3823,5,107,122,304597.0
Yamuna,4250,5,110,135,300846.0
Yamuna,4109,5,117,142,286473.0
Yamuna,3825,5,99,107,285676.0
Yamuna,3828,5,95,99,272858.0
Yamuna,4111,5,103,138,272637.0
Yamuna,4258,5,104,176,272220.0
Yamuna,4106,5,117,122,255751.0
Yamuna,4110,5,95,117,252999.0
Yamuna,4112,5,95,103,248423.0
Yamuna,4257,5,110,125,240663.0
Yamuna,3821,5,103,109,238191.0
Yamuna,3826,5,95,103,234329.0
Yamuna,3829,5,88,95,233015.0
Yamuna,4259,5,104,110,230723.0
Yamuna,4260,5,90,104,225200.0
Yamuna,4266,5,115,141,224018.0
Yamuna,4113,5,88,95,223591.0
Yamuna,3824,5,89,124,219555.0
Yamuna,4265,5,115,130,207165.0
Yamuna,4261,5,109,118,191540.0
Yamuna,4262,5,109,115,187906.0
Yamuna,4115,5,89,88,178310.0
Yamuna,4263,5,102,109,176382.0
Yamuna,4249,5,126,209,175251.0
Yamuna,4248,5,126,184,174026.0
Yamuna,4114,5,102,108,164879.0
Yamuna,4116,5,80,89,159627.0
Yamuna,4264,5,90,102,156290.0
Yamuna,4117,5,87,80,140586.0
Yamuna,4122,5,87,90,135289.0
Yamuna,4093,5,81,126,129782.0
Yamuna,4246,5,95,118,128844.0
Yamuna,4245,5,95,113,120182.0
Yamuna,4123,5,84,87,118354.0
Yamuna,4247,5,92,288,105719.0
Yamuna,4091,5,79,116,100533.0
Yamuna,4252,5,84,95,91883.0
Yamuna,4094,5,83,84,88433.0
Yamuna,4089,5,83,105,65519.0
Yamuna,4095,5,81,83,53224.0
Yamuna,4255,5,92,108,37216.0
Yamuna,4096,5,79,81,31275.0
Yamuna,4253,5,76,92,19521.0
Yamuna,4251,5,76,79,18546.0
Yamuna,4254,5,76,76,0.0
Hindon,3302,6,221,269,97573.0
Hindon,3554,6,242,251,83858.0
Hindon,3553,6,242,248,73352.0
Hindon,3556,6,221,242,63332.0
Hindon,3559,6,213,221,0.0
Kali Sindh,3577,6,446,469,388506.0
Kali Sindh,3593,6,452,507,370034.0
Kali Sindh,3576,6,446,447,362498.0
Kali Sindh,3580,6,434,446,356823.0
Kali Sindh,3592,6,452,476,347568.0
Kali Sindh,3581,6,434,443,344446.0
Kali Sindh,3582,6,381,434,340251.0
Kali Sindh,3578,6,346,452,333341.0
Kali Sindh,3583,6,381,430,283606.0
Kali Sindh,3594,6,400,440,273259.0
Kali Sindh,3588,6,334,413,259898.0
Kali Sindh,3584,6,301,381,256856.0
Kali Sindh,3597,6,400,409,238733.0
Kali Sindh,3595,6,346,400,236495.0
Kali Sindh,3589,6,334,389,235181.0
Kali Sindh,3600,6,359,428,229384.0
Kali Sindh,3571,6,311,399,225582.0
Kali Sindh,3572,6,311,368,209935.0
Kali Sindh,3590,6,301,334,203375.0
Kali Sindh,3604,6,359,396,198829.0
Kali Sindh,3596,6,329,346,193704.0
Kali Sindh,3602,6,321,359,182943.0
Kali Sindh,3599,6,329,355,179674.0
Kali Sindh,3591,6,289,301,167052.0
Kali Sindh,3573,6,289,311,166854.0
Kali Sindh,3560,6,304,341,165438.0
Kali Sindh,3601,6,321,355,162959.0
Kali Sindh,3574,6,330,329,159630.0
Kali Sindh,3570,6,330,339,158756.0
Kali Sindh,3563,6,289,330,147237.0
Kali Sindh,3567,6,227,289,146887.0
Kali Sindh,3561,6,304,321,141420.0
Kali Sindh,3566,6,241,313,125070.0
Kali Sindh,3562,6,289,304,116938.0
Kali Sindh,3564,6,241,289,104595.0
Kali Sindh,3565,6,241,255,66545.0
Kali Sindh,3568,6,241,241,46519.0
Kali Sindh,3569,6,227,241,45688.0
Kali Sindh,3575,6,196,227,37104.0
Kali Sindh,3743,6,196,233,22189.0
Kali Sindh,3627,6,189,196,0.0
Karmanasa,3968,6,77,363,190295.0
Karmanasa,3967,6,75,154,140177.0
Karmanasa,3970,6,78,90,128466.0
Karmanasa,3965,6,78,225,120049.0
Karmanasa,3966,6,75,96,97051.0
Karmanasa,3971,6,77,78,80120.0
Karmanasa,4546,6,69,88,79016.0
Karmanasa,3939,6,68,77,73598.0
Karmanasa,3963,6,69,74,60930.0
Karmanasa,3969,6,69,75,59645.0
Karmanasa,4544,6,69,90,55695.0
Karmanasa,4726,6,69,69,53745.0
Karmanasa,4537,6,69,75,30432.0
Karmanasa,4727,6,68,69,29024.0
Karmanasa,4729,6,59,71,23504.0
Karmanasa,4551,6,59,69,21740.0
Karmanasa,4728,6,59,68,18680.0
Karmanasa,4730,6,59,59,3497.0
Karmanasa,3962,6,54,59,0.0
North Koel,3217,6,463,646,207898.0
North Koel,4615,6,463,552,167187.0
North Koel,4617,6,364,603,162155.0
North Koel,4593,6,207,492,161303.0
North Koel,4616,6,364,463,155080.0
North Koel,4588,6,323,379,139670.0
North Koel,4587,6,323,369,130609.0
North Koel,4590,6,227,364,124719.0
North Koel,4589,6,227,323,108705.0
North Koel,4596,6,193,227,70639.0
North Koel,4592,6,207,231,69360.0
North Koel,4597,6,174,264,66201.0
North Koel,4594,6,199,207,57776.0
North Koel,4591,6,199,210,53760.0
North Koel,4595,6,193,199,49021.0
North Koel,4598,6,174,193,46125.0
North Koel,4599,6,170,219,43540.0
North Koel,4600,6,170,174,28879.0
North Koel,4601,6,153,170,21766.0
North Koel,4604,6,148,194,21160.0
North Koel,4603,6,153,190,20259.0
North Koel,4605,6,148,153,4251.0
North Koel,4565,6,129,148,0.0
Punpun,4543,6,98,171,205173.0
Punpun,4547,6,98,116,173251.0
Punpun,4536,6,93,104,155540.0
Punpun,4553,6,93,98,146635.0
Punpun,4549,6,84,95,145361.0
Punpun,4539,6,84,94,140557.0
Punpun,4557,6,83,93,139687.0
Punpun,4554,6,83,84,127053.0
Punpun,4560,6,74,83,119342.0
Punpun,4538,6,74,84,94841.0
Punpun,4562,6,54,74,79695.0
Punpun,4540,6,54,61,33925.0
Punpun,5170,6,53,54,0.0
Sharda,4699,6,3909,4479,680574.0
Sharda,4698,6,3909,4400,654102.0
Sharda,4683,6,3898,4322,646207.0
Sharda,4704,6,4165,4629,627671.0
Sharda,4700,6,3859,3909,626707.0
Sharda,4696,6,3859,3934,624736.0
Sharda,4701,6,3718,3859,621047.0
Sharda,4682,6,3898,3871,615512.0
Sharda,4703,6,4165,4260,611690.0
Sharda,4697,6,3718,3815,608648.0
Sharda,4705,6,3437,4165,608028.0
Sharda,4702,6,3437,3718,603845.0
Sharda,4684,6,3602,3898,596932.0
Sharda,4706,6,2088,3437,580208.0
Sharda,4685,6,3602,3832,569033.0
Sharda,4708,6,2442,4109,561029.0
Sharda,4686,6,2379,3602,555097.0
Sharda,4687,6,2379,3564,552775.0
Sharda,4661,6,3391,4393,547899.0
Sharda,4707,6,2442,3299,536622.0
Sharda,4709,6,2088,2442,526218.0
Sharda,4688,6,1404,2379,523721.0
Sharda,4713,6,1652,3723,522394.0
Sharda,4718,6,3436,3897,518555.0
Sharda,4710,6,1584,2088,518015.0
Sharda,4802,6,3683,3665,511611.0
Sharda,4660,6,3391,3622,507438.0
Sharda,4712,6,1652,3407,503890.0
Sharda,4662,6,2614,3391,503113.0
Sharda,4801,6,3683,3628,502888.0
Sharda,4806,6,601,3363,502758.0
Sharda,4803,6,1136,3683,495927.0
Sharda,4663,6,2614,3910,494447.0
Sharda,4813,6,3436,3587,489916.0
Sharda,4804,6,1136,3436,487603.0
Sharda,4711,6,1584,1652,484471.0
Sharda,4689,6,1404,1584,478175.0
Sharda,4665,6,2073,3620,475015.0
Sharda,4625,6,2348,2810,473451.0
Sharda,4664,6,2073,2614,470658.0
Sharda,4691,6,1178,2725,470657.0
Sharda,4626,6,1702,3985,468680.0
Sharda,4667,6,2030,2888,467973.0
Sharda,4670,6,2348,2681,466196.0
Sharda,4481,6,1445,2766,451906.0
Sharda,4634,6,2214,2843,451307.0
Sharda,4805,6,601,1136,450883.0
Sharda,4690,6,1178,1404,450643.0
Sharda,4647,6,527,1747,449757.0
Sharda,4668,6,2185,2348,448816.0
Sharda,4633,6,2214,2414,444027.0
Sharda,4627,6,1702,2073,443306.0
Sharda,4692,6,1122,1178,441365.0
Sharda,4635,6,1445,2214,440961.0
Sharda,4679,6,3068,3727,439166.0
Sharda,4678,6,3068,3806,438157.0
Sharda,4693,6,1122,1249,435415.0
Sharda,4666,6,2185,2406,435127.0
Sharda,4808,6,489,981,431715.0
Sharda,4695,6,956,1122,431698.0
Sharda,4681,6,1927,2926,424154.0
Sharda,4680,6,1927,3068,423466.0
Sharda,4669,6,2030,2185,423134.0
Sharda,4671,6,1258,2030,413299.0
Sharda,4636,6,1128,1445,413044.0
Sharda,4628,6,844,1702,410093.0
Sharda,4648,6,821,1927,408582.0
Sharda,4807,6,527,601,407805.0
Sharda,4637,6,1128,1421,402537.0
Sharda,4694,6,956,1020,400187.0
Sharda,4654,6,741,956,398399.0
Sharda,4638,6,745,1128,394423.0
Sharda,4672,6,1258,1572,390446.0
Sharda,4673,6,741,1258,386764.0
Sharda,4629,6,844,1567,385761.0
Sharda,4790,6,433,527,385438.0
Sharda,4788,6,612,1150,370398.0
Sharda,4674,6,569,741,367966.0
Sharda,4794,6,433,489,367339.0
Sharda,4631,6,745,844,364007.0
Sharda,4646,6,821,1232,362887.0
Sharda,3841,6,340,938,353979.0
Sharda,4632,6,611,745,351481.0
Sharda,4787,6,612,806,350545.0
Sharda,4792,6,381,433,346109.0
Sharda,4789,6,381,612,343094.0
Sharda,4649,6,488,821,339975.0
Sharda,4639,6,858,1020,339286.0
Sharda,4630,6,858,1068,337451.0
Sharda,4677,6,708,838,337283.0
Sharda,4676,6,708,759,330310.0
Sharda,4640,6,611,858,328626.0
Sharda,4791,6,340,381,326172.0
Sharda,4653,6,537,1745,324475.0
Sharda,4675,6,569,708,324208.0
Sharda,4795,6,310,479,311893.0
Sharda,4641,6,430,611,309940.0
Sharda,4655,6,330,569,307572.0
Sharda,4793,6,310,340,302280.0
Sharda,4798,6,179,310,293852.0
Sharda,4652,6,537,672,274716.0
Sharda,4657,6,310,921,269355.0
Sharda,4650,6,488,537,267736.0
Sharda,4796,6,179,193,256574.0
Sharda,4651,6,330,488,252316.0
Sharda,4797,6,173,193,248521.0
Sharda,3847,6,173,179,239768.0
Sharda,4642,6,430,453,238667.0
Sharda,4645,6,211,430,236399.0
Sharda,4656,6,310,330,230446.0
Sharda,4050,6,132,173,222893.0
Sharda,4783,6,130,193,217335.0
Sharda,4658,6,211,310,214956.0
Sharda,4800,6,167,183,192939.0
Sharda,4799,6,167,171,175272.0
Sharda,4782,6,144,167,167430.0
Sharda,4659,6,135,211,154515.0
Sharda,4779,6,144,163,149240.0
Sharda,4781,6,141,145,115770.0
Sharda,4784,6,141,144,113844.0
Sharda,4785,6,135,141,108363.0
Sharda,4780,6,132,139,99902.0
Sharda,4786,6,130,135,82963.0
Sharda,4776,6,114,130,77449.0
Sharda,4778,6,114,132,63348.0
Sharda,4777,6,114,114,0.0
Sindh,3344,6,435,493,475177.0
Sindh,3485,6,435,465,401914.0
Sindh,3345,6,427,435,373888.0
Sindh,3486,6,427,438,363106.0
Sindh,3487,6,366,427,350547.0
Sindh,3349,6,170,265,340099.0
Sindh,3488,6,366,415,337948.0
Sindh,3453,6,192,393,326595.0
Sindh,3467,6,303,366,314120.0
Sindh,3465,6,303,355,288349.0
Sindh,3472,6,232,362,286985.0
Sindh,3468,6,268,303,277694.0
Sindh,3466,6,268,318,270775.0
Sindh,3469,6,192,268,257553.0
Sindh,3366,6,155,252,255134.0
Sindh,3357,6,170,178,239071.0
Sindh,3471,6,232,248,238835.0
Sindh,3362,6,155,255,235281.0
Sindh,3473,6,211,232,232229.0
Sindh,3476,6,219,239,226949.0
Sindh,3470,6,211,223,221144.0
Sindh,3376,6,135,170,219808.0
Sindh,3460,6,184,211,214766.0
Sindh,3474,6,219,220,210437.0
Sindh,3477,6,218,219,208602.0
Sindh,3475,6,218,219,208560.0
Sindh,3452,6,191,218,206144.0
Sindh,3461,6,184,192,200522.0
Sindh,3454,6,191,184,195934.0
Sindh,3459,6,158,233,194425.0
Sindh,3455,6,171,191,183705.0
Sindh,3372,6,135,155,170085.0
Sindh,3451,6,171,182,167989.0
Sindh,3386,6,113,171,160126.0
Sindh,3356,6,161,187,158894.0
Sindh,3360,6,161,175,155149.0
Sindh,3456,6,158,184,141582.0
Sindh,3370,6,130,161,133675.0
Sindh,3383,6,138,135,126150.0
Sindh,3375,6,125,158,119458.0
Sindh,3350,6,138,140,111612.0
Sindh,3384,6,108,138,109936.0
Sindh,3363,6,125,177,107872.0
Sindh,3361,6,130,148,96682.0
Sindh,3374,6,127,130,75326.0
Sindh,3353,6,127,134,70768.0
Sindh,3377,6,113,127,67075.0
Sindh,3381,6,109,125,48788.0
Sindh,3387,6,109,113,46918.0
Sindh,3388,6,108,109,3443.0
Sindh,3390,6,105,108,0.0
Gaula,3842,7,180,793,155696.0
Gaula,3849,7,178,251,100103.0
Gaula,3856,7,197,209,91338.0
Gaula,3854,7,197,200,74603.0
Gaula,3860,7,167,204,73103.0
Gaula,3850,7,167,197,71157.0
Gaula,3848,7,180,195,67877.0
Gaula,3851,7,178,180,34554.0
Gaula,3852,7,167,178,31446.0
Gaula,3853,7,167,167,12616.0
Gaula,3861,7,165,167,0.0
Gerua,2977,7,97,189,112216.0
Gerua,5277,7,97,108,81983.0
Gerua,5109,7,28,97,79523.0
Gerua,5114,7,68,105,70912.0
Gerua,5113,7,68,71,53471.0
Gerua,5115,7,44,68,46297.0
Gerua,5274,7,44,58,37048.0
Gerua,5275,7,37,44,24699.0
Gerua,5276,7,37,39,14713.0
Gerua,5110,7,28,37,14525.0
Gerua,5111,7,27,28,0.0
Rihand,2451,7,526,584,245875.0
Rihand,4318,7,534,598,244334.0
Rihand,4311,7,526,620,236521.0
Rihand,4310,7,534,581,232461.0
Rihand,2441,7,526,577,229559.0
Rihand,4312,7,526,534,214305.0
Rihand,4313,7,520,526,199194.0
Rihand,4314,7,520,534,198174.0
Rihand,2453,7,495,526,188688.0
Rihand,4316,7,504,520,184871.0
Rihand,4315,7,504,547,184805.0
Rihand,4609,7,400,486,166108.0
Rihand,4317,7,397,504,162709.0
Rihand,4321,7,495,515,160501.0
Rihand,4319,7,397,495,140264.0
Rihand,4322,7,394,432,128456.0
Rihand,4618,7,400,423,124575.0
Rihand,4320,7,394,397,122892.0
Rihand,4323,7,344,394,115024.0
Rihand,4326,7,338,400,109374.0
Rihand,4324,7,344,399,83839.0
Rihand,4325,7,338,344,78243.0
Rihand,4336,7,265,309,66458.0
Rihand,4327,7,265,338,61573.0
Rihand,4620,7,265,277,41712.0
Rihand,4621,7,265,265,33896.0
Rihand,4622,7,263,265,29612.0
Rihand,4619,7,263,305,25767.0
Rihand,4340,7,160,263,0.0
Rohini,4440,7,90,107,101145.0
Rohini,4439,7,90,100,100009.0
Rohini,4444,7,82,90,70338.0
Rohini,4443,7,82,93,51061.0
Rohini,4445,7,77,82,44986.0
Rohini,4447,7,77,79,27488.0
Rohini,4448,7,77,77,0.0
