seg_id,river_name,tier,intervention_year,n_upstream_dams,total_upstream_capacity_mcm,pre_years,post_years,pre_mean_m3s,post_mean_m3s,pre_cv,post_cv,pct_change_post_vs_pre,mann_whitney_U,p_value,dam_effect,a6_category,a6_severity
2480,Kevai,99,1976,1,3.08,25,47,22.5353,23.132,0.2297,0.3493,2.65,595.0,0.934003322151419,No Significant Change,Stable,Stable
2807,Mohana,99,1982,1,12.34,31,41,11.2197,12.0023,0.3644,0.4022,6.97,583.0,0.5542721060212299,No Significant Change,Stable,Stable
2954,Gumani,99,1976,2,278.89,25,47,11.5552,12.9779,0.3601,0.4269,12.31,516.0,0.4010284082015607,No Significant Change,Stable,Stable
2959,Ganga,1,1968,30,2202.14,17,55,12543.5981,11663.4017,0.1947,0.2061,-7.02,583.0,0.12730168026192618,No Significant Change,Stable,Stable
2977,Chandan,99,1968,1,157.23,17,55,10.1472,11.8536,0.455,0.4033,16.82,360.0,0.15597068476287115,No Significant Change,Stable,Stable
2978,Barnar,99,2005,1,80.21,54,18,11.6211,8.5426,0.4273,0.4569,-26.49,692.0,0.007530194545988157,Significant Reduction,Stable,Stable
3287,Yamuna,99,1972,3,602.62,21,51,201.3339,126.5409,0.2474,0.4481,-37.15,929.0,1.1224566686662617e-06,Significant Reduction,Drying,Moderate Drying
3288,Yamuna,99,1972,3,602.62,21,51,228.4493,143.944,0.2384,0.434,-36.99,934.0,8.189286769939153e-07,Significant Reduction,Drying,Moderate Drying
3319,Tons,99,1972,1,8.93,21,51,75.7189,50.4631,0.3628,0.5268,-33.35,840.0,0.0001657242083977225,Significant Reduction,Drying,Moderate Drying
3323,Bhagirathi,99,1984,1,0.6,33,39,77.4295,71.4855,0.3833,0.4718,-7.68,717.0,0.40936206647970386,No Significant Change,Stable,Stable
3333,Chambal,99,1957,152,10195.82,6,66,803.5173,817.8647,0.475,0.5123,1.79,206.0,0.8815880356767472,No Significant Change,Stable,Stable
3334,Chambal,99,1957,154,10251.52,6,66,813.6628,832.7745,0.4762,0.507,2.35,203.0,0.9287918474186981,No Significant Change,Stable,Stable
3335,Chambal,99,1957,226,12992.0,6,66,1047.3501,1049.717,0.5069,0.4928,0.23,206.0,0.8815880356767472,No Significant Change,Stable,Stable
3339,Chambal,99,1990,229,13023.39,39,33,1120.629,1133.5506,0.4478,0.5108,1.15,659.0,0.8653845001655556,No Significant Change,Stable,Stable
3347,Manki,99,1982,1,2.33,31,41,4.6285,4.161,0.5005,0.6164,-10.1,726.0,0.3060591599066024,No Significant Change,Stable,Stable
3348,Kuno,99,1982,1,2.33,31,41,9.1515,8.4785,0.5169,0.5989,-7.35,700.0,0.46671105099226584,No Significant Change,Stable,Stable
3355,Sesar,99,1957,1,34.97,6,66,1.8324,1.6978,0.7552,0.6851,-7.35,201.0,0.9604050228000827,No Significant Change,Drying,Moderate Drying
3358,Parbati,99,1963,1,115.17,12,60,4.0805,2.5434,0.6181,0.6837,-37.67,502.0,0.03251207519303151,Significant Reduction,Drying,Severe Drying
3363,Pahuj,99,1985,2,5.03,34,38,9.5114,5.147,0.4224,0.5168,-45.89,1044.0,7.336502714505525e-06,Significant Reduction,Drying,Severe Drying
3364,Parbati,99,1963,1,115.17,12,60,7.281,4.5572,0.5959,0.6745,-37.41,506.0,0.027913686222595335,Significant Reduction,Drying,Severe Drying
3365,Gambhir,99,2006,1,54.95,55,17,5.7463,4.2211,0.6771,0.6376,-26.54,565.0,0.1983871006178366,No Significant Change,Drying,Moderate Drying
3369,Parbati,99,1963,1,115.17,12,60,14.7809,8.92,0.5255,0.6177,-39.65,531.0,0.009987956230250904,Significant Reduction,Drying,Moderate Drying
3375,Pahuj,99,1988,4,76.89,37,35,28.629,18.2234,0.4836,0.568,-36.35,933.0,0.0013227780367349447,Significant Reduction,Drying,Severe Drying
3378,Gambhir,99,1957,3,205.42,6,66,15.6267,15.7317,0.806,0.6447,0.67,184.0,0.7885283606820909,No Significant Change,Drying,Moderate Drying
3381,Pahuj,99,1985,6,81.92,34,38,43.7528,26.146,0.434,0.577,-40.24,994.0,8.86595394016112e-05,Significant Reduction,Drying,Severe Drying
3385,Gambhir,99,1963,5,373.23,12,60,53.9323,33.9898,0.5236,0.5859,-36.98,521.0,0.015302209694913983,Significant Reduction,Drying,Moderate Drying
3388,Sindh,99,1985,34,472.83,34,38,218.0353,161.5033,0.3861,0.4294,-25.93,904.0,0.003678104304638776,Significant Reduction,Drying,Moderate Drying
3389,Yamuna,99,1963,13,536.55,12,60,142.8744,98.6201,0.4949,0.5655,-30.97,516.0,0.018793757750594723,Significant Reduction,Drying,Moderate Drying
3390,Sindh,99,1985,40,595.88,34,38,276.1,197.8319,0.3859,0.4375,-28.35,920.0,0.0020355167462149577,Significant Reduction,Drying,Moderate Drying
3391,Yamuna,99,1963,16,1139.17,12,60,692.5053,480.4922,0.2813,0.4223,-30.62,562.0,0.002329478658518178,Significant Reduction,Drying,Moderate Drying
3392,Yamuna,99,1963,245,14162.57,12,60,1958.5215,1579.4664,0.3496,0.3789,-19.35,493.0,0.04527741914138302,Significant Reduction,Stable,Stable
3393,Yamuna,99,1985,285,14758.45,34,38,2045.5801,1742.9161,0.3355,0.3949,-14.8,825.0,0.0440695967434888,Significant Reduction,Drying,Mild Drying
3402,Morel,99,1959,4,138.69,8,64,17.9592,19.4915,0.7849,0.7808,8.53,239.0,0.7717169620090447,No Significant Change,Stable,Stable
3408,Morel,99,1959,5,151.62,8,64,26.0137,27.2862,0.7783,0.7483,4.89,241.0,0.7987756480919068,No Significant Change,Stable,Stable
3411,Morel,99,1959,5,151.62,8,64,28.4918,29.5255,0.7794,0.7377,3.63,246.0,0.8673813189616796,No Significant Change,Stable,Stable
3413,Gambhir,99,1958,1,25.98,7,65,3.9248,3.742,0.9066,0.6454,-4.66,212.0,0.7802257774007577,No Significant Change,Stable,Stable
3415,Banas,99,1958,66,2547.16,7,65,201.7516,175.9812,0.6095,0.5815,-12.77,253.0,0.6415664219940542,No Significant Change,Stable,Stable
3424,Mashi,99,1960,4,111.29,9,63,22.508,18.6358,0.7524,0.853,-17.2,323.0,0.5066568524624671,No Significant Change,Stable,Stable
3425,Mashi,99,1960,4,111.29,9,63,24.2357,19.8588,0.7536,0.8482,-18.06,326.0,0.4745267273261997,No Significant Change,Stable,Stable
3430,Dai,99,1981,1,11.49,30,42,7.4673,6.7185,0.789,0.8707,-10.03,724.0,0.2855379513907642,No Significant Change,Stable,Stable
3432,Banas,99,1999,58,2286.29,48,24,124.6897,138.544,0.6006,0.7179,11.11,585.0,0.9191246419695164,No Significant Change,Stable,Stable
3433,Mashi,99,1960,5,158.43,9,63,29.5122,24.9092,0.707,0.8232,-15.6,327.0,0.46407079146325214,No Significant Change,Stable,Stable
3434,Banas,99,1960,63,2444.72,9,63,182.7268,156.1673,0.5248,0.6131,-14.54,337.0,0.36682848106487875,No Significant Change,Stable,Stable
3435,Galwa,99,1960,1,48.73,9,63,7.4304,5.5266,0.7343,0.7143,-25.62,348.0,0.27583350066733925,No Significant Change,Stable,Stable
3440,Banas,99,1959,56,1178.96,8,64,130.3115,114.493,0.6224,0.6699,-12.14,286.0,0.6035368055134861,No Significant Change,Stable,Stable
3454,Sindh,99,1963,24,343.67,12,60,130.0232,104.4042,0.4309,0.4485,-19.7,459.0,0.13666394178668384,No Significant Change,Stable,Stable
3458,Ghurari,99,1986,1,9.92,35,37,5.5367,4.77,0.5439,0.524,-13.85,742.0,0.2895706817860303,No Significant Change,Stable,Stable
3462,Betwa,99,1967,64,4232.59,16,56,403.5483,368.3862,0.3662,0.4194,-8.71,513.0,0.3823117136248291,No Significant Change,Drying,Mild Drying
3476,Non,99,1976,1,4.31,25,47,4.1743,2.6261,0.4626,0.4767,-37.09,856.0,0.0015249335497918945,Significant Reduction,Drying,Moderate Drying
3477,Non,99,1976,1,4.31,25,47,7.3376,4.7754,0.4644,0.4732,-34.92,844.0,0.002462101565402471,Significant Reduction,Drying,Moderate Drying
3491,Banganga,99,1992,6,130.75,41,31,18.9997,17.0492,0.6426,0.7268,-10.27,686.0,0.5696102355694258,No Significant Change,Stable,Stable
3510,Banganga,99,1992,1,5.29,41,31,1.6321,1.289,0.624,0.8173,-21.02,770.0,0.12752953194693445,No Significant Change,Drying,Moderate Drying
3560,Amjar,99,2001,2,63.56,50,22,8.3615,8.9142,0.594,0.7385,6.61,557.0,0.9366670888667148,No Significant Change,Stable,Stable
3561,Ahu,99,2011,7,85.31,60,12,31.1195,44.6374,0.626,0.652,43.44,249.0,0.09498879838186677,No Significant Change,Stable,Stable
3562,Ahu,99,2001,9,148.87,50,22,41.5888,44.905,0.587,0.745,7.97,548.0,0.9853701513356573,No Significant Change,Stable,Stable
3563,Kali Sindh,99,1983,28,5676.14,32,40,88.2234,92.6379,0.5792,0.5919,5.0,630.0,0.9142666908186152,No Significant Change,Stable,Stable
3564,Kali Sindh,99,2001,37,5825.02,50,22,136.1078,142.8438,0.5224,0.7023,4.95,582.0,0.7001831108220863,No Significant Change,Stable,Stable
3566,Ujar,99,1997,1,76.55,46,26,13.551,14.0193,0.5348,0.72,3.46,624.0,0.7649754512867194,No Significant Change,Stable,Stable
3568,Kali Sindh,99,2001,37,5825.02,50,22,141.5426,148.2696,0.5202,0.7004,4.75,581.0,0.7092610185564028,No Significant Change,Stable,Stable
3569,Kali Sindh,99,2001,38,5901.57,50,22,155.852,163.3827,0.5132,0.6971,4.83,579.0,0.7275400651307906,No Significant Change,Stable,Stable
3570,Chauli,99,1989,2,55.4,38,34,3.5918,4.0422,0.6309,0.7122,12.54,602.0,0.6236617163417643,No Significant Change,Stable,Stable
3571,Ghar Ganga,99,1978,2,5.93,27,45,9.6795,9.2667,0.5441,0.6505,-4.26,648.0,0.6417411881446631,No Significant Change,Stable,Stable
3572,Chhapi,99,1975,5,101.04,24,48,5.3605,5.3813,0.8099,0.8907,0.39,579.0,0.9761757918928984,No Significant Change,Stable,Stable
3573,Chhapi,99,2005,7,106.97,54,18,16.346,20.6686,0.5879,0.7805,26.44,433.0,0.4947711332008319,No Significant Change,Stable,Stable
3574,Kali Sindh,99,2003,23,173.09,52,20,77.1043,85.9775,0.5439,0.6892,11.51,511.0,0.9148968689647261,No Significant Change,Stable,Stable
3575,Kali Sindh,99,2001,59,6075.81,50,22,275.64,282.6878,0.4797,0.6842,2.56,595.0,0.5864466776936931,No Significant Change,Stable,Stable
3577,Newaj,99,2002,1,1.04,51,21,8.7152,8.0663,0.4952,0.6453,-7.44,611.0,0.3528003916334058,No Significant Change,Stable,Stable
3579,Parbati,99,1980,2,5.52,29,43,16.2769,13.7138,0.4843,0.5316,-15.75,760.0,0.11841185428205789,No Significant Change,Stable,Stable
3580,Newaj,99,2002,1,1.04,51,21,16.5484,15.1585,0.4923,0.6532,-8.4,614.0,0.33387507459325927,No Significant Change,Stable,Stable
3582,Newaj,99,2002,5,13.27,51,21,40.3635,38.0787,0.4703,0.6505,-5.66,611.0,0.3528003916334058,No Significant Change,Stable,Stable
3583,Dudhi,99,1982,3,34.15,31,41,12.2466,12.2332,0.5113,0.5014,-0.11,643.0,0.9365493611731861,No Significant Change,Stable,Stable
3584,Newaj,99,2002,8,47.42,51,21,62.1246,60.2823,0.4562,0.6424,-2.97,608.0,0.37239062095966047,No Significant Change,Stable,Stable
3586,Parbati,99,2000,8,17.4,49,23,36.5377,30.8334,0.4522,0.6128,-15.61,703.0,0.09320378438522854,No Significant Change,Stable,Stable
3587,Parbati,99,1961,24,83.1,10,62,67.2646,65.3975,0.4248,0.4859,-2.78,343.0,0.5966693590725624,No Significant Change,Stable,Stable
3588,Ghora Pachhar,99,2002,2,3.56,51,21,7.6041,8.243,0.4772,0.6756,8.4,554.0,0.8235346674293567,No Significant Change,Stable,Stable
3595,Lakundar,99,1974,16,155.92,23,49,26.0339,24.3774,0.6528,0.6272,-6.36,600.0,0.6637219943667773,No Significant Change,Stable,Stable
3596,Kali Sindh,99,2003,23,173.09,52,20,69.6348,76.7178,0.5495,0.6864,10.17,511.0,0.9148968689647261,No Significant Change,Stable,Stable
3597,Tila,99,1987,2,53.67,36,36,3.7224,3.5679,0.6328,0.6697,-4.15,702.0,0.5468197391672234,No Significant Change,Stable,Stable
3602,Ahu,99,2011,7,85.31,60,12,22.8388,34.0082,0.6419,0.6488,48.91,233.0,0.05595212936167135,No Significant Change,Stable,Stable
3605,Chhoti Kali Sindh,99,1979,2,10.23,28,44,26.0039,23.1135,0.6193,0.6236,-11.12,683.0,0.4423986530891669,No Significant Change,Stable,Stable
3607,Chambal,99,1988,29,317.82,37,35,229.9676,232.9149,0.6009,0.5988,1.28,636.0,0.9013683170693009,No Significant Change,Stable,Stable
3608,Chambal,99,1988,29,317.82,37,35,239.6279,242.6868,0.5949,0.6004,1.28,640.0,0.9371388409791629,No Significant Change,Stable,Stable
3609,Khoki,99,2002,1,2.03,51,21,2.7688,3.3163,0.5677,0.7307,19.78,490.0,0.5771840181060728,No Significant Change,Stable,Stable
3612,Gunjali,99,2002,1,2.03,51,21,8.7384,10.7811,0.5701,0.7056,23.38,469.0,0.4135452911558537,No Significant Change,Stable,Stable
3613,Gunjali,99,2002,1,2.03,51,21,13.4562,15.8978,0.5636,0.7085,18.14,492.0,0.5942240977981931,No Significant Change,Stable,Stable
3614,Chambal,99,1990,2,18.55,39,33,11.0848,13.0941,0.6239,0.6269,18.13,546.0,0.2729671228753344,No Significant Change,Stable,Stable
3615,Chambal,99,1970,31,3218.54,19,53,252.1565,264.8257,0.5629,0.5976,5.02,490.0,0.8680818124064414,No Significant Change,Stable,Stable
3616,Chambal,99,1970,33,3237.09,19,53,265.9442,278.2776,0.5566,0.5933,4.64,489.0,0.8580381667636532,No Significant Change,Stable,Stable
3618,Chambal,99,1972,35,3416.22,21,51,276.0454,282.9044,0.5325,0.6005,2.48,544.0,0.921049669698394,No Significant Change,Stable,Stable
3621,Alnia,99,1960,1,43.72,9,63,3.2483,2.9573,0.558,0.6841,-8.96,319.0,0.5512124029769667,No Significant Change,Stable,Stable
3622,Chandloi,99,1960,1,43.72,9,63,6.636,5.9184,0.568,0.6873,-10.81,320.0,0.5398952948884193,No Significant Change,Stable,Stable
3624,Kural,99,2010,3,63.51,59,13,13.7078,18.2176,0.6373,0.6269,32.9,281.0,0.13537251471304956,No Significant Change,Stable,Stable
3625,Mej,99,1957,9,154.79,6,66,20.9724,17.0343,0.7425,0.639,-18.78,220.0,0.6689877274359854,No Significant Change,Stable,Stable
3626,Mej,99,1957,12,218.3,6,66,41.9713,34.9455,0.758,0.6204,-16.74,216.0,0.7279703081386105,No Significant Change,Stable,Stable
3627,Kali Sindh,99,2001,59,6075.81,50,22,281.7529,289.4205,0.4766,0.6819,2.72,594.0,0.5948867665946145,No Significant Change,Stable,Stable
3630,Chhoti Kali Sindh,99,1980,2,10.23,29,43,37.5638,34.6525,0.632,0.6375,-7.75,678.0,0.5352596323591312,No Significant Change,Stable,Stable
3631,Shipra,99,1978,13,137.89,27,45,66.245,54.3258,0.6258,0.5622,-17.99,706.0,0.2543275538228439,No Significant Change,Stable,Stable
3632,Shipra,99,1983,13,137.89,32,40,65.2072,59.9333,0.6465,0.5579,-8.09,671.0,0.7296132504532233,No Significant Change,Stable,Stable
3633,Chambal,99,1988,20,212.84,37,35,135.9066,135.4108,0.6332,0.5723,-0.36,636.0,0.9013683170693009,No Significant Change,Stable,Stable
3634,Chambal,99,1960,24,297.33,9,63,180.5456,177.7006,0.5161,0.613,-1.58,303.0,0.7463070303688362,No Significant Change,Stable,Stable
3635,Sau,99,2000,3,9.76,49,23,22.7038,25.833,0.5897,0.8849,13.78,570.0,0.9422331609212151,No Significant Change,Stable,Stable
3636,Chambal,99,1988,27,307.09,37,35,202.1436,203.3164,0.6147,0.5947,0.58,636.0,0.9013683170693009,No Significant Change,Stable,Stable
3638,Sau,99,2006,2,6.21,55,17,11.4499,16.8947,0.6219,0.7539,47.55,335.0,0.08007710829150852,No Significant Change,Stable,Stable
3639,Retam,99,1980,2,10.73,29,43,17.7439,17.764,0.6072,0.7189,0.11,645.0,0.8094698461930347,No Significant Change,Stable,Stable
3640,Idar,99,1980,2,10.73,29,43,22.3624,22.3768,0.5985,0.7115,0.06,646.0,0.800583937251995,No Significant Change,Stable,Stable
3642,Retam,99,1964,1,5.07,13,59,9.5622,7.998,0.4902,0.7441,-16.36,482.0,0.1513759114103702,No Significant Change,Stable,Stable
3645,Retam,99,1980,2,10.73,29,43,14.4697,14.481,0.6081,0.7142,0.08,642.0,0.8362709212531012,No Significant Change,Stable,Stable
3649,Pingla,99,1997,1,13.57,46,26,3.6471,3.6647,0.639,0.8374,0.48,640.0,0.6265897924692578,No Significant Change,Stable,Stable
3650,Chambal,99,2001,3,51.57,50,22,45.879,47.4245,0.5991,0.6138,3.37,542.0,0.9269490158453517,No Significant Change,Stable,Stable
3651,Chambal,99,1997,2,19.4,46,26,19.9197,20.3453,0.6206,0.7459,2.14,622.0,0.7829273199118789,No Significant Change,Stable,Stable
3652,Chambal,99,1980,7,74.95,29,43,76.0689,69.3085,0.6384,0.5864,-8.89,659.0,0.6877943962569335,No Significant Change,Stable,Stable
3654,Ashamati,99,1964,2,4.14,13,59,16.1883,12.6881,0.5916,0.5985,-21.62,463.0,0.2474625857447026,No Significant Change,Stable,Stable
3656,Shipra,99,1981,4,17.45,30,42,34.8397,29.2794,0.621,0.5787,-15.96,728.0,0.2654295712004504,No Significant Change,Stable,Stable
3666,Chambal,99,2001,3,51.57,50,22,36.6291,37.7812,0.5996,0.6042,3.15,553.0,0.9756193477646926,No Significant Change,Stable,Stable
3690,Kothari,99,1966,1,3.79,15,57,1.9951,2.2392,0.7865,0.8609,12.23,389.0,0.5982617416832618,No Significant Change,Stable,Stable
3691,Khari,99,1957,2,43.21,6,66,2.2593,1.6757,0.6999,0.7871,-25.83,234.0,0.4790851072768635,No Significant Change,Stable,Stable
3693,Khari,99,1984,4,51.42,33,39,2.7812,2.7922,0.8488,0.7063,0.39,620.0,0.7949125302119793,No Significant Change,Stable,Stable
3695,Mansi,99,1957,3,104.84,6,66,5.7858,4.0795,0.639,0.8326,-29.49,260.0,0.21611406807835593,No Significant Change,Stable,Stable
3696,Khari,99,1984,4,51.42,33,39,3.6662,3.7823,0.8201,0.7216,3.17,619.0,0.7862076867044195,No Significant Change,Stable,Stable
3697,Khari,99,1984,4,51.42,33,39,5.4554,6.0002,0.755,0.7508,9.99,605.0,0.6675879244889215,No Significant Change,Stable,Stable
3698,Khari,99,1981,1,7.78,30,42,2.8003,3.0091,0.6972,0.8219,7.46,637.0,0.9408167911634012,No Significant Change,Stable,Stable
3700,Khari,99,1981,2,32.41,30,42,5.4712,6.0014,0.7078,0.8485,9.69,633.0,0.9772194096983509,No Significant Change,Stable,Stable
3701,Khari,99,1957,7,156.26,6,66,12.9155,10.0414,0.5679,0.7802,-22.25,251.0,0.2927516236864635,No Significant Change,Stable,Stable
3702,Banas,99,1959,47,990.29,8,64,109.2909,96.021,0.6486,0.6718,-12.14,283.0,0.6409609418910022,No Significant Change,Stable,Stable
3703,Banas,99,1980,1,10.34,29,43,2.2001,2.3761,0.648,0.7663,8.0,625.0,0.9908393458721586,No Significant Change,Stable,Stable
3705,Khari,99,1981,9,188.67,30,42,15.679,16.9494,0.7128,0.7716,8.1,601.0,0.7447812505040297,No Significant Change,Stable,Stable
3707,Khari,99,1981,9,188.67,30,42,17.3294,18.5174,0.7009,0.7658,6.86,612.0,0.8415698867889978,No Significant Change,Stable,Stable
3709,Chandrabhaga,99,1982,2,12.34,31,41,2.3783,2.3613,0.9977,0.7562,-0.71,579.0,0.5242155885443416,No Significant Change,Stable,Stable
3710,Banas,99,1958,1,21.22,7,65,4.7743,5.4947,0.5858,0.94,15.09,228.0,1.0,No Significant Change,Stable,Stable
3711,Banas,99,1964,3,130.41,13,59,9.1383,9.1328,0.4826,0.9352,-0.06,450.0,0.3339347485443007,No Significant Change,Stable,Stable
3712,Banas,99,1991,6,193.42,40,32,12.7503,15.1807,0.9208,0.7378,19.06,549.0,0.30508598580329016,No Significant Change,Stable,Stable
3714,Banas,99,1987,8,204.55,36,36,18.7062,20.9182,0.832,0.7254,11.82,589.0,0.5099959853626868,No Significant Change,Stable,Stable
3715,Berach,99,2004,1,9.71,53,19,1.7231,2.4559,0.7443,0.778,42.53,378.0,0.11024967922907951,No Significant Change,Stable,Stable
3717,Berach,99,1973,2,58.48,22,50,3.5032,3.7042,0.6023,0.7528,5.74,567.0,0.8401473060632098,No Significant Change,Stable,Stable
3718,Kothari,99,1973,7,141.46,22,50,7.8925,9.5318,0.8305,0.7678,20.77,465.0,0.3016158782347763,No Significant Change,Stable,Stable
3719,Berach,99,1979,21,520.44,28,44,48.3742,44.1735,0.6943,0.6581,-8.68,656.0,0.6481965742789084,No Significant Change,Stable,Stable
3720,Berach,99,1973,23,578.92,22,50,50.5508,52.5901,0.594,0.699,4.03,545.0,0.9561301216974759,No Significant Change,Stable,Stable
3721,Berach,99,2004,24,588.63,53,19,49.7186,69.5759,0.6649,0.6113,39.94,343.0,0.04092865429632711,Significant Increase,Stable,Stable
3722,Banas,99,2004,32,793.18,53,19,67.319,95.568,0.6868,0.6227,41.96,336.0,0.03286832333542793,Significant Increase,Stable,Stable
3723,Unli,99,1978,3,23.07,27,45,1.8774,2.0166,0.5878,0.6449,7.42,585.0,0.7980310353025457,No Significant Change,Stable,Stable
3724,Banas,99,1997,35,810.28,46,26,76.3374,81.0415,0.63,0.7566,6.16,614.0,0.8558049084343247,No Significant Change,Stable,Stable
3725,Banas,99,1981,38,833.35,30,42,79.3119,81.1168,0.7062,0.6565,2.28,611.0,0.8326470511291815,No Significant Change,Stable,Stable
3726,Bahmnai,99,1961,1,5.24,10,62,1.7825,1.6191,0.801,0.897,-9.17,331.0,0.7385299747838949,No Significant Change,Stable,Stable
3727,Mej,99,1957,7,113.43,6,66,10.3641,8.2028,0.7499,0.6117,-20.85,224.0,0.6118862018672071,No Significant Change,Stable,Stable
3729,Berach,99,1984,1,2.92,33,39,4.2214,3.8159,0.7919,0.6937,-9.6,667.0,0.7949125302119793,No Significant Change,Stable,Stable
3730,Berach,99,1984,2,45.83,33,39,9.4786,8.7234,0.7025,0.637,-7.97,671.0,0.7602570970814251,No Significant Change,Stable,Stable
3731,Berach,99,1973,6,261.43,22,50,8.5193,9.7197,0.5712,0.8921,14.09,560.0,0.9075469637462513,No Significant Change,Stable,Stable
3733,Berach,99,1984,8,282.89,33,39,17.847,17.4665,0.8319,0.7309,-2.13,639.0,0.9639427940540467,No Significant Change,Stable,Stable
3735,Berach,99,1962,1,9.43,11,61,3.3604,2.3924,0.6179,0.7554,-28.81,436.0,0.11753763199806655,No Significant Change,Stable,Stable
3736,Berach,99,1979,13,418.66,28,44,33.4559,29.2602,0.7503,0.6844,-12.54,672.0,0.5214663019994337,No Significant Change,Stable,Stable
3737,Gambhiri,99,1968,8,101.78,17,55,11.538,11.5909,0.5836,0.6243,0.46,482.0,0.8527338335310883,No Significant Change,Stable,Stable
3738,Gambhiri,99,1958,2,71.44,7,65,4.338,4.1512,0.6419,0.6382,-4.31,236.0,0.8817487472066781,No Significant Change,Stable,Stable
3739,Kadmali,99,1984,2,12.09,33,39,4.3996,4.5173,0.6212,0.6071,2.68,620.0,0.7949125302119793,No Significant Change,Stable,Stable
3741,Banas,99,1958,1,21.22,7,65,3.2254,3.7753,0.5348,0.982,17.05,239.0,0.8379124070993156,No Significant Change,Stable,Stable
3747,Chambal,99,1957,110,9792.62,6,66,627.8912,622.6063,0.4593,0.547,-0.84,215.0,0.7429741636443082,No Significant Change,Stable,Stable
3751,Berach,99,1972,4,210.49,21,51,5.413,6.1187,0.5165,0.9158,13.04,563.0,0.73800107080259,No Significant Change,Stable,Stable
3760,Parbati,99,1965,38,292.25,14,58,125.0975,112.1002,0.3971,0.4648,-10.39,486.0,0.25799403721541037,No Significant Change,Stable,Stable
3761,Parbati,99,1965,38,292.25,14,58,135.6534,122.1713,0.399,0.4648,-9.94,478.0,0.3090016290700639,No Significant Change,Stable,Stable
3762,Parbati,99,1965,38,292.25,14,58,141.7746,128.1894,0.401,0.4656,-9.58,476.0,0.32273033633604875,No Significant Change,Stable,Stable
3763,Bilas,99,1996,1,28.9,45,27,3.9258,3.8606,0.5455,0.7803,-1.66,689.0,0.34610916282781956,No Significant Change,Stable,Stable
3765,Parbati,99,1996,40,351.95,45,27,162.1919,153.7445,0.4063,0.551,-5.21,695.0,0.3115605659605224,No Significant Change,Stable,Stable
3766,Khul,99,1980,1,32.65,29,43,2.899,2.8879,0.6275,0.6841,-0.38,644.0,0.8183803876954127,No Significant Change,Stable,Stable
3777,Parbati,99,1985,2,39.03,34,38,3.4778,3.427,0.4889,0.5647,-1.46,685.0,0.6640932307299134,No Significant Change,Stable,Stable
3778,Parbati,99,1985,30,161.05,34,38,98.5002,92.1281,0.4401,0.4745,-6.47,723.0,0.3881936499467874,No Significant Change,Stable,Stable
3780,Parbati,99,1965,32,198.33,14,58,114.6267,102.7664,0.4009,0.4657,-10.35,483.0,0.27639193124695915,No Significant Change,Stable,Stable
3783,Manoli,99,1958,3,63.51,7,65,3.2124,2.7148,0.7439,0.5998,-15.49,241.0,0.8089449514616734,No Significant Change,Stable,Stable
3785,Manoli,99,2010,3,63.51,59,13,6.1213,7.7131,0.6185,0.6521,26.0,315.0,0.3194940810254201,No Significant Change,Stable,Stable
3786,Machhli,99,1957,1,12.96,6,66,3.0143,2.7586,0.8188,0.7478,-8.48,204.0,0.9130229840060071,No Significant Change,Stable,Stable
3787,Chambal,99,1957,107,9754.05,6,66,619.6764,613.6112,0.4576,0.5508,-0.98,217.0,0.7130640339600941,No Significant Change,Stable,Stable
3788,Papras,99,1980,1,3.79,29,43,3.6014,3.152,0.5026,0.5619,-12.48,749.0,0.15123618257941762,No Significant Change,Stable,Stable
3789,Parbati,99,1997,1,1.73,46,26,6.2301,5.5965,0.491,0.5815,-10.17,690.0,0.2833986271132335,No Significant Change,Stable,Stable
3794,Deoha,99,1962,1,209.0,11,61,100.9823,73.6439,0.4056,0.4038,-27.07,464.0,0.045129308915650874,Significant Reduction,Drying,Moderate Drying
3795,Garra,2,1962,1,209.0,11,61,114.6395,80.4962,0.4136,0.4034,-29.78,478.0,0.02624452256476861,Significant Reduction,Drying,Moderate Drying
3797,Garra,2,1962,1,209.0,11,61,126.9704,87.0344,0.4172,0.4023,-31.45,492.0,0.014618236775776533,Significant Reduction,Drying,Moderate Drying
3798,Ganga,1,1962,1,209.0,11,61,134.0941,90.2235,0.4191,0.4017,-32.72,499.0,0.010733274170189403,Significant Reduction,Drying,Moderate Drying
3799,Ramganga,99,1968,10,926.78,17,55,494.9287,316.0791,0.3009,0.397,-36.14,769.0,6.577448915470385e-05,Significant Reduction,Drying,Moderate Drying
3800,Ganga,1,2014,9,4072.31,63,9,635.3683,588.549,0.3053,0.239,-7.37,318.0,0.5626449290735304,No Significant Change,Stable,Stable
3801,Ganga,1,1968,19,4999.1,17,55,1243.2612,909.0485,0.2368,0.3213,-26.88,744.0,0.00025261879890695705,Significant Reduction,Drying,Moderate Drying
3803,Ganga,1,1968,20,5208.1,17,55,1368.2907,1002.955,0.2451,0.3195,-26.7,733.0,0.00044184992315504353,Significant Reduction,Drying,Moderate Drying
3804,Ganga,1,1968,20,5208.1,17,55,1388.644,1015.9456,0.2465,0.3194,-26.84,733.0,0.00044184992315504353,Significant Reduction,Drying,Moderate Drying
3810,Ganga,1,2014,9,4072.31,63,9,550.9904,549.3495,0.3,0.247,-0.3,273.0,0.8647979489415829,No Significant Change,Stable,Stable
3811,Ganga,1,2014,9,4072.31,63,9,556.354,551.1351,0.2994,0.2463,-0.94,276.0,0.9051257239896171,No Significant Change,Stable,Stable
3812,Ganga,1,1968,20,5208.1,17,55,1398.1145,1021.6091,0.2472,0.3191,-26.93,732.0,0.00046442510632449085,Significant Reduction,Drying,Moderate Drying
3816,Ganga,1,1968,20,5208.1,17,55,1401.1621,1023.8894,0.2474,0.3191,-26.93,732.0,0.00046442510632449085,Significant Reduction,Drying,Moderate Drying
3818,Ganga,1,1968,20,5208.1,17,55,1405.7792,1027.4297,0.2477,0.319,-26.91,733.0,0.00044184992315504353,Significant Reduction,Drying,Moderate Drying
3819,Ganga,1,1968,20,5208.1,17,55,1415.8949,1034.926,0.2478,0.3187,-26.91,732.0,0.00046442510632449085,Significant Reduction,Drying,Moderate Drying
3827,Ganga,1,1962,20,5208.1,11,61,1473.5157,1087.5109,0.269,0.3165,-26.2,513.0,0.005598889213453581,Significant Reduction,Drying,Moderate Drying
3828,Yamuna,99,1988,285,14758.45,37,35,2047.2005,1759.7363,0.3329,0.3994,-14.04,818.0,0.055450646156981864,No Significant Change,Drying,Moderate Drying
3829,Yamuna,99,1988,285,14758.45,37,35,2098.6387,1786.3766,0.3286,0.395,-14.88,826.0,0.04491374150935221,Significant Reduction,Drying,Moderate Drying
3833,Deoha,99,1962,1,209.0,11,61,51.7634,40.7222,0.3533,0.4142,-21.33,450.0,0.07437165496080958,No Significant Change,Stable,Stable
3834,Ramganga,99,1968,10,926.78,17,55,414.7675,265.4202,0.2745,0.3967,-36.01,779.0,3.7288496804933136e-05,Significant Reduction,Drying,Moderate Drying
3835,Ramganga,99,1968,10,926.78,17,55,451.3409,288.9079,0.285,0.3985,-35.99,770.0,6.219235733370661e-05,Significant Reduction,Drying,Moderate Drying
3839,Deoha,99,1962,1,209.0,11,61,13.1323,10.4526,0.3148,0.4726,-20.41,440.0,0.10356711925814671,No Significant Change,Stable,Stable
3840,Deoha,99,1962,1,209.0,11,61,19.4506,16.1616,0.3174,0.44,-16.91,432.0,0.13294598950173747,No Significant Change,Stable,Stable
3842,Gaula,99,1960,2,252.24,9,63,27.0138,20.3016,0.3178,0.4669,-24.85,403.0,0.042743187836697595,Significant Reduction,Stable,Stable
3846,Deoha,99,1962,1,209.0,11,61,76.7312,57.3609,0.3868,0.4049,-25.24,470.0,0.03596182590102261,Significant Reduction,Drying,Moderate Drying
3847,Sharda,99,1962,5,427.12,11,61,323.1991,284.9072,0.2568,0.4108,-11.85,446.0,0.0851216222572342,No Significant Change,Drying,Mild Drying
3849,Bhakra,99,1967,2,131.69,16,56,26.8487,18.5711,0.3475,0.479,-30.83,669.0,0.0028205591718813037,Significant Reduction,Stable,Stable
3851,Baur,99,1960,2,252.24,9,63,38.2069,29.5281,0.342,0.4744,-22.72,393.0,0.0634619708983822,No Significant Change,Stable,Stable
3852,Baur,99,1960,4,383.93,9,63,65.9574,49.8173,0.3394,0.4639,-24.47,402.0,0.04451764361081393,Significant Reduction,Stable,Stable
3853,Gaula,99,1960,4,383.93,9,63,100.2608,74.4137,0.3357,0.4472,-25.78,406.0,0.037774640988211865,Significant Reduction,Stable,Stable
3859,Ramganga,99,1961,5,472.13,10,62,282.9816,181.6027,0.2663,0.421,-35.83,512.0,0.001034337367856109,Significant Reduction,Drying,Moderate Drying
3860,Gaula,99,1968,1,70.72,17,55,15.9611,12.3038,0.3828,0.5461,-22.91,628.0,0.033879610751345254,Significant Reduction,Stable,Stable
3861,Gaula,99,1968,5,454.65,17,55,117.0982,83.2066,0.3288,0.4538,-28.94,693.0,0.002851008783705131,Significant Reduction,Stable,Stable
3863,Ramganga,99,1968,10,926.78,17,55,395.9788,253.7411,0.2668,0.3962,-35.92,782.0,3.1347888105892196e-05,Significant Reduction,Drying,Moderate Drying
3866,Ramganga,99,1968,10,926.78,17,55,419.2476,267.7934,0.2762,0.3964,-36.13,780.0,3.51986215523164e-05,Significant Reduction,Drying,Moderate Drying
3873,Ramganga,99,1961,5,472.13,10,62,158.7709,95.3709,0.2576,0.4607,-39.93,537.0,0.000225943405880276,Significant Reduction,Drying,Severe Drying
3874,Ramganga,99,1961,5,472.13,10,62,189.0457,119.6036,0.2675,0.4379,-36.73,519.0,0.0006862932773984582,Significant Reduction,Drying,Severe Drying
3875,Ganga,1,2011,9,4072.31,60,12,467.3105,514.1966,0.3058,0.2601,10.03,293.0,0.31498763293389864,No Significant Change,Stable,Stable
3876,Ganga,1,2014,9,4072.31,63,9,494.5974,524.204,0.3031,0.2565,5.99,242.0,0.4851107557065665,No Significant Change,Stable,Stable
3882,Ramganga,99,1968,3,300.26,17,55,89.0116,47.9013,0.2409,0.4506,-46.19,849.0,4.376068100930393e-07,Significant Reduction,Drying,Severe Drying
3883,Ramganga,99,1968,3,300.26,17,55,135.533,76.3396,0.2366,0.4386,-43.67,837.0,9.945531613154901e-07,Significant Reduction,Drying,Severe Drying
3884,Dhela,99,1961,2,171.87,10,62,20.6998,12.0731,0.3276,0.5365,-41.68,518.0,0.000728256905579925,Significant Reduction,Drying,Severe Drying
3908,Ganga,1,2014,9,4072.31,63,9,498.1545,526.0975,0.3025,0.2557,5.61,243.0,0.49582134025972746,No Significant Change,Stable,Stable
3909,Ganga,1,2014,9,4072.31,63,9,507.3844,530.5267,0.3016,0.2541,4.56,245.0,0.5176155719488609,No Significant Change,Stable,Stable
3910,Ganga,1,2014,9,4072.31,63,9,514.5849,533.2009,0.3003,0.253,3.62,252.0,0.5976128727512098,No Significant Change,Stable,Stable
3917,Ganga,1,2011,9,4072.31,60,12,336.3901,410.6723,0.3218,0.3114,22.08,234.0,0.05792060238133255,No Significant Change,Stable,Stable
3918,Ganga,1,2011,9,4072.31,60,12,370.0529,444.301,0.3143,0.2964,20.06,236.0,0.06203038762503052,No Significant Change,Stable,Stable
3924,Ganga,1,2011,9,4072.31,60,12,382.547,453.3428,0.3124,0.2917,18.51,245.0,0.08361438481405882,No Significant Change,Stable,Stable
3925,Ganga,1,2011,9,4072.31,60,12,420.2897,485.5979,0.3095,0.2757,15.54,259.0,0.1288758837902278,No Significant Change,Stable,Stable
3928,Ganga,1,2011,9,4072.31,60,12,435.4121,495.4417,0.3078,0.2715,13.79,269.0,0.17148423182827321,No Significant Change,Stable,Stable
3933,Ganga,1,1958,553,27367.98,7,65,5044.0766,4594.1402,0.2582,0.2957,-8.92,267.0,0.4667157171887045,No Significant Change,Drying,Moderate Drying
3934,Ganga,1,1958,553,27367.98,7,65,5484.3887,4912.3858,0.2564,0.2936,-10.43,276.0,0.3694116673879437,No Significant Change,Drying,Moderate Drying
3937,Ganga,1,1958,553,27367.98,7,65,5490.3583,4917.2402,0.2564,0.2935,-10.44,276.0,0.3694116673879437,No Significant Change,Drying,Moderate Drying
3938,Ganga,1,1958,553,27367.98,7,65,5518.2541,4935.0037,0.2564,0.2932,-10.57,278.0,0.3495595640988325,No Significant Change,Drying,Moderate Drying
3939,Karmanasa,99,1968,2,173.5,17,55,37.2864,39.5349,0.3799,0.4821,6.03,465.0,0.9788435622496214,No Significant Change,Stable,Stable
3947,Ganga,1,1992,1,0.89,41,31,11.6915,7.3491,0.5072,0.5216,-37.14,974.0,0.0001210898342338383,Significant Reduction,Drying,Severe Drying
3959,Ganga,1,1992,554,27368.87,41,31,5301.0714,4606.8986,0.2739,0.2962,-13.09,812.0,0.045331840404617574,Significant Reduction,Drying,Moderate Drying
3961,Ganga,1,1992,554,27368.87,41,31,5304.388,4609.1681,0.2738,0.2961,-13.11,812.0,0.045331840404617574,Significant Reduction,Drying,Moderate Drying
3962,Karmanasa,2,1962,4,489.53,11,61,107.1993,91.3873,0.2972,0.4206,-14.75,436.0,0.11753763199806655,No Significant Change,Stable,Stable
3967,Karmanasa,99,1962,2,316.03,11,61,15.7194,12.0678,0.3257,0.4189,-23.23,485.0,0.019693445006195846,Significant Reduction,Stable,Stable
3969,Karmanasa,99,1962,2,316.03,11,61,27.2956,21.435,0.3247,0.4239,-21.47,482.0,0.02230216001054366,Significant Reduction,Stable,Stable
3971,Karmanasa,99,1968,2,173.5,17,55,12.9174,14.7822,0.4726,0.5566,14.44,427.0,0.5958516730226202,No Significant Change,Stable,Stable
3972,Ganga,1,1958,553,27367.98,7,65,4994.3616,4560.295,0.2577,0.2964,-8.69,268.0,0.45527823228567926,No Significant Change,Drying,Moderate Drying
3984,Ganga,1,1962,20,5208.1,11,61,1499.6952,1108.408,0.267,0.314,-26.09,513.0,0.005598889213453581,Significant Reduction,Drying,Moderate Drying
4032,Ghaghara,99,1962,5,427.12,11,61,914.3828,854.4617,0.2106,0.2868,-6.55,393.0,0.37230713378211333,No Significant Change,Drying,Moderate Drying
4033,Ghaghara,99,1962,5,427.12,11,61,954.5247,890.6124,0.213,0.2851,-6.7,401.0,0.3089748161923327,No Significant Change,Drying,Moderate Drying
4034,Ghaghara,99,1962,5,427.12,11,61,977.653,908.3043,0.2159,0.2843,-7.09,404.0,0.28717863081055306,No Significant Change,Drying,Moderate Drying
4035,Ganga,1,1983,1,0.56,32,40,4.9007,6.1861,0.4586,0.7289,26.23,590.0,0.5747654967536759,No Significant Change,Stable,Stable
4036,Belan,99,1966,21,726.35,15,57,40.1982,46.0634,0.4054,0.5264,14.59,390.0,0.6078972701763485,No Significant Change,Stable,Stable
4037,Ganga,1,1979,543,26851.84,28,44,5116.0167,4221.4619,0.2612,0.2907,-17.49,852.0,0.006522524780323212,Significant Reduction,Drying,Moderate Drying
4039,Ganga,1,1958,3,156.12,7,65,6.0142,5.4307,0.4932,0.5798,-9.7,260.0,0.5508746251528327,No Significant Change,Stable,Stable
4042,Ganga,1,1962,20,5208.1,11,61,1512.8069,1117.5958,0.2659,0.3122,-26.12,514.0,0.005335566656381966,Significant Reduction,Drying,Moderate Drying
4043,Ganga,1,1962,20,5208.1,11,61,1519.1675,1121.816,0.2657,0.3113,-26.16,513.0,0.005598889213453581,Significant Reduction,Drying,Moderate Drying
4044,Yamuna,2,1975,473,20725.69,24,48,3463.7512,2955.59,0.2986,0.3374,-14.67,744.0,0.04540695152163918,Significant Reduction,Drying,Mild Drying
4045,Ganga,1,1975,493,25933.78,24,48,4828.0533,4055.7556,0.276,0.2949,-16.0,771.0,0.020158083550194866,Significant Reduction,Drying,Moderate Drying
4050,Sharda,99,1962,5,427.12,11,61,363.3431,322.3157,0.2467,0.3802,-11.29,446.0,0.0851216222572342,No Significant Change,Drying,Mild Drying
4056,Gopat,99,1984,24,202.4,33,39,90.8267,107.884,0.3258,0.4431,18.78,530.0,0.20150124361118016,No Significant Change,Stable,Stable
4057,Son,99,1963,78,6875.14,12,60,457.162,420.3551,0.2153,0.3287,-8.05,416.0,0.4016926510800066,No Significant Change,Stable,Stable
4058,Son,99,1970,104,7080.48,19,53,530.5852,542.2322,0.2874,0.3242,2.2,495.0,0.918587925097642,No Significant Change,Stable,Stable
4061,Belan,99,1966,21,726.35,15,57,46.8686,54.0164,0.4008,0.5094,15.25,368.0,0.41323384181795564,No Significant Change,Stable,Stable
4062,Naina,99,1969,3,7.37,18,54,11.6885,15.5058,0.5049,0.5528,32.66,351.0,0.08022255449503328,No Significant Change,Wetting,Significant Wetting
4063,Naina,99,1972,3,7.37,21,51,17.3094,21.4301,0.4738,0.533,23.81,416.0,0.1403410984999779,No Significant Change,Wetting,Significant Wetting
4065,Belan,99,1972,24,733.72,21,51,66.1454,78.8362,0.4265,0.5065,19.19,440.0,0.23913986642105545,No Significant Change,Wetting,Significant Wetting
4066,Tons,2,1982,24,146.19,31,41,148.4295,164.092,0.3865,0.5006,10.55,588.0,0.5929306049998072,No Significant Change,Stable,Stable
4067,Tons,2,1982,48,879.9,31,41,214.4411,247.1286,0.3635,0.4892,15.24,558.0,0.381125568346805,No Significant Change,Stable,Stable
4068,Tons,2,1980,49,887.29,29,43,222.5605,262.3829,0.3756,0.4878,17.89,532.0,0.2961107500161362,No Significant Change,Stable,Stable
4070,Satna,99,1972,2,13.01,21,51,11.2957,13.3915,0.4162,0.5892,18.55,477.0,0.47234144390864063,No Significant Change,Stable,Stable
4073,Satna,99,1971,10,51.79,20,52,54.7459,61.6659,0.3806,0.4603,12.64,445.0,0.34887059876586834,No Significant Change,Stable,Stable
4074,Tons,99,1980,15,119.76,29,43,77.4052,86.5404,0.4055,0.4822,11.8,551.0,0.4083527690873817,No Significant Change,Stable,Stable
4075,Tons,99,1991,21,138.39,40,32,105.1042,116.8793,0.3794,0.4902,11.2,560.0,0.36754818575790205,No Significant Change,Stable,Stable
4078,Son,99,1975,72,6856.83,24,48,406.0402,405.0077,0.285,0.3282,-0.25,588.0,0.8907361187955236,No Significant Change,Stable,Stable
4079,Tons,99,1958,1,1.85,7,65,9.1772,10.0585,0.3026,0.6118,9.6,234.0,0.9091878955441286,No Significant Change,Stable,Stable
4080,Tons,99,1991,22,140.24,40,32,115.5983,130.1908,0.3768,0.5018,12.62,556.0,0.3439381723779189,No Significant Change,Stable,Stable
4084,Tons,99,1991,22,140.24,40,32,134.3595,153.9624,0.3703,0.5113,14.59,561.0,0.37360486425554995,No Significant Change,Stable,Stable
4085,Sokar,99,1965,1,4.75,14,58,9.5663,10.1041,0.3139,0.6999,5.62,459.0,0.45503781568600576,No Significant Change,Stable,Stable
4086,Tons,99,1965,23,144.99,14,58,148.2633,154.2969,0.2618,0.4918,4.07,403.0,0.9716201901266929,No Significant Change,Stable,Stable
4098,Satna,99,1962,4,17.55,11,61,8.5438,8.6314,0.2857,0.5886,1.03,369.0,0.6054376507518056,No Significant Change,Stable,Stable
4099,Gudne,99,1975,2,7.41,24,48,11.0375,11.6807,0.4231,0.4993,5.83,569.0,0.9381001119194803,No Significant Change,Stable,Stable
4101,Satna,99,1960,3,20.85,9,63,22.8018,22.7303,0.3205,0.4487,-0.31,303.0,0.7462676351745027,No Significant Change,Stable,Stable
4102,Bhandar,99,1984,2,8.04,33,39,7.9407,6.8525,0.4447,0.4099,-13.7,788.0,0.10359019386499418,No Significant Change,Stable,Stable
4104,Son,99,1990,16,75.35,39,33,106.0461,98.1833,0.4022,0.4244,-7.41,729.0,0.33673523511717207,No Significant Change,Stable,Stable
4105,Son,99,1978,34,224.81,27,45,215.4979,213.6811,0.2672,0.3211,-0.84,626.0,0.834159746700815,No Significant Change,Stable,Stable
4109,Betwa,99,2003,3,294.67,52,20,19.6218,14.2583,0.5016,0.7353,-27.33,718.0,0.013027501600570394,Significant Reduction,Drying,Mild Drying
4110,Betwa,99,2003,3,294.67,52,20,24.5169,17.2996,0.4892,0.7157,-29.44,739.0,0.0060136981247582875,Significant Reduction,Drying,Mild Drying
4112,Betwa,99,1966,99,4814.88,15,57,626.2249,536.2229,0.3001,0.4192,-14.37,527.0,0.16984002948226407,No Significant Change,Drying,Moderate Drying
4113,Betwa,99,2003,102,5109.55,52,20,618.8658,484.6422,0.3397,0.5144,-21.69,711.0,0.016619868931396466,Significant Reduction,Drying,Moderate Drying
4115,Yamuna,99,2003,387,19867.99,52,20,2622.0866,2288.4445,0.3226,0.425,-12.72,657.0,0.08614187321330866,No Significant Change,Drying,Moderate Drying
4116,Yamuna,99,2003,387,19867.99,52,20,2632.275,2293.8691,0.3221,0.4242,-12.86,660.0,0.07946016951603785,No Significant Change,Drying,Moderate Drying
4117,Yamuna,99,2003,387,19867.99,52,20,2670.4251,2316.5393,0.3206,0.4208,-13.25,656.0,0.08846743814911544,No Significant Change,Drying,Moderate Drying
4124,Dehar,99,1964,3,7.26,13,59,8.9417,7.4741,0.36,0.4988,-16.41,489.0,0.12425262922734931,No Significant Change,Drying,Mild Drying
4125,Sonar,99,1978,2,14.55,27,45,9.7618,8.3663,0.3746,0.5249,-14.3,778.0,0.0479987761755241,Significant Reduction,Drying,Mild Drying
4126,Sonar,99,1964,5,21.81,13,59,20.3244,17.028,0.3575,0.4913,-16.22,495.0,0.10416166233496275,No Significant Change,Drying,Mild Drying
4131,Dhasan,99,1972,4,17.46,21,51,21.257,17.776,0.3306,0.577,-16.38,693.0,0.05176716062117454,No Significant Change,Drying,Moderate Drying
4132,Dhasan,99,1972,20,123.69,21,51,130.1945,110.9207,0.3286,0.5292,-14.8,670.0,0.09689048779477524,No Significant Change,Drying,Moderate Drying
4141,Dhasan,99,1963,16,106.23,12,60,112.7112,93.8193,0.2786,0.5085,-16.76,460.0,0.1327256854079635,No Significant Change,Drying,Moderate Drying
4145,Dhasan,99,1974,3,0.62,23,49,29.7759,24.6549,0.3777,0.5366,-17.2,724.0,0.05331553829154341,No Significant Change,Drying,Moderate Drying
4147,Bewas,99,1969,4,101.1,18,54,25.1972,22.0011,0.3708,0.5041,-12.68,583.0,0.20950011004589397,No Significant Change,Drying,Moderate Drying
4150,Kathan,99,1966,3,4.59,15,57,5.9993,5.5304,0.3478,0.5677,-7.82,488.0,0.4054369946887778,No Significant Change,Drying,Moderate Drying
4151,Kathan,99,1980,1,2.6,29,43,9.8647,8.3738,0.3958,0.6051,-15.11,756.0,0.12963350621851377,No Significant Change,Drying,Moderate Drying
4152,Kathan,99,1966,5,15.14,15,57,21.8229,19.6961,0.3277,0.5629,-9.75,500.0,0.31811433925862254,No Significant Change,Drying,Moderate Drying
4154,Dhasan,99,1966,3,5.37,15,57,3.8637,3.4036,0.312,0.5968,-11.91,534.0,0.14162165249139955,No Significant Change,Drying,Moderate Drying
4155,Shyamri,99,1975,1,2.32,24,48,5.837,5.8649,0.4036,0.5637,0.48,603.0,0.7515814794523764,No Significant Change,Stable,Stable
4156,Urvashi,99,1981,5,20.8,30,42,25.4419,21.7209,0.5042,0.5154,-14.63,743.0,0.19879919583561945,No Significant Change,Stable,Stable
4157,Betwa,99,2000,40,2488.26,49,23,290.6036,246.552,0.3816,0.4821,-15.16,700.0,0.10048582699400231,No Significant Change,Stable,Stable
4161,Jamni,99,1970,11,491.86,19,53,66.9511,50.7642,0.3691,0.5382,-24.18,687.0,0.019381372825642444,Significant Reduction,Drying,Moderate Drying
4162,Jamni,99,1973,1,18.46,22,50,5.5374,4.2679,0.3443,0.5711,-22.93,737.0,0.022614900687531077,Significant Reduction,Drying,Moderate Drying
4163,Jamni,99,1973,2,104.6,22,50,14.5942,10.8848,0.3494,0.5721,-25.42,768.0,0.007841032137839418,Significant Reduction,Drying,Moderate Drying
4164,Sajnam,99,1990,1,83.5,39,33,13.9689,10.4116,0.4847,0.5414,-25.47,846.0,0.022434896547009836,Significant Reduction,Drying,Moderate Drying
4165,Jamni,99,1976,5,127.46,25,47,25.3099,19.2018,0.3346,0.5743,-24.13,799.0,0.012570818316898848,Significant Reduction,Drying,Moderate Drying
4168,Jamni,99,1992,8,437.84,41,31,54.4356,41.2484,0.4571,0.5546,-24.23,833.0,0.02506594340374807,Significant Reduction,Drying,Moderate Drying
4169,Jamni,99,1964,3,54.02,13,59,4.6039,3.7312,0.3094,0.5823,-18.96,501.0,0.08674156080554878,No Significant Change,Stable,Stable
4173,Kevtan,99,1968,2,9.33,17,55,15.2677,15.416,0.4378,0.4521,0.97,461.0,0.9365901436385358,No Significant Change,Stable,Stable
4174,Bina,99,1989,5,10.52,38,34,52.1506,48.7448,0.4128,0.4909,-6.53,722.0,0.3944260853675353,No Significant Change,Stable,Stable
4175,Betwa,99,1968,29,248.62,17,55,153.1677,154.4605,0.429,0.4211,0.84,461.0,0.9365901436385358,No Significant Change,Stable,Stable
4176,Betwa,99,1968,29,248.62,17,55,162.6304,163.9181,0.4255,0.4202,0.79,463.0,0.9577019965606357,No Significant Change,Stable,Stable
4177,Betwa,99,1968,34,259.15,17,55,218.7581,218.6029,0.4191,0.4212,-0.07,458.0,0.9050103780362742,No Significant Change,Stable,Stable
4181,Betwa,99,1981,27,239.3,30,42,142.2462,135.9751,0.4227,0.4255,-4.41,679.0,0.5795998898817984,No Significant Change,Stable,Stable
4190,Betwa,99,1958,3,19.41,7,65,11.1166,11.252,0.5163,0.4261,1.22,218.0,0.867091502100376,No Significant Change,Stable,Stable
4191,Ajmar,99,1958,6,105.12,7,65,12.2502,12.714,0.5032,0.4339,3.79,212.0,0.7802257774007577,No Significant Change,Stable,Stable
4192,Halali,99,1964,5,37.45,13,59,20.9107,21.2698,0.4612,0.4401,1.72,372.0,0.8720646899780177,No Significant Change,Stable,Stable
4194,Betwa,99,1958,16,155.35,7,65,45.1143,47.5721,0.5026,0.4174,5.45,203.0,0.654994642544287,No Significant Change,Stable,Stable
4195,Betwa,99,1964,21,192.8,13,59,76.1467,73.3365,0.446,0.4225,-3.69,391.0,0.9183774784955209,No Significant Change,Stable,Stable
4196,Betwa,99,1978,2,7.39,27,45,22.1134,19.7436,0.4193,0.4649,-10.72,695.0,0.3115605659605224,No Significant Change,Stable,Stable
4197,Betwa,99,1964,23,200.19,13,59,101.801,97.6889,0.4461,0.4218,-4.04,390.0,0.930005382969716,No Significant Change,Stable,Stable
4198,Baen,99,1957,2,17.28,6,66,17.1999,18.6127,0.5158,0.4487,8.21,173.0,0.6259691471985966,No Significant Change,Stable,Stable
4200,Betwa,99,1957,25,217.47,6,66,116.3782,118.5778,0.4835,0.422,1.89,189.0,0.8659336507907494,No Significant Change,Stable,Stable
4203,Bhagirathi,99,1984,1,0.6,33,39,83.5606,77.5305,0.3736,0.4607,-7.22,713.0,0.4355024972549352,No Significant Change,Stable,Stable
4205,Bhagirathi,99,2006,3,3629.5,55,17,104.0833,120.824,0.3792,0.4278,16.08,371.0,0.20305318176078246,No Significant Change,Stable,Stable
4208,Mandakini,99,2012,2,0.12,61,11,5.9073,12.8785,0.5778,0.4494,118.01,87.0,0.00010373776870684912,Significant Increase,Wetting,Significant Wetting
4210,Mandakini,99,2012,2,0.12,61,11,15.9231,33.9776,0.5291,0.4099,113.39,87.0,0.00010373776870684912,Significant Increase,Stable,Stable
4211,Mandakini,99,2012,2,0.12,61,11,20.1742,39.5834,0.4955,0.3892,96.21,98.0,0.0002076626281537948,Significant Increase,Stable,Stable
4212,Alaknanda,2,2014,6,442.81,63,9,185.3863,240.9725,0.3828,0.3611,29.98,170.0,0.05434845351784304,No Significant Change,Stable,Stable
4214,Ganga,1,2011,9,4072.31,60,12,289.5782,369.3764,0.334,0.3292,27.56,222.0,0.03774458181478008,Significant Increase,Stable,Stable
4215,Ganga,1,2011,9,4072.31,60,12,322.3949,397.8015,0.3262,0.318,23.39,231.0,0.05218212570117869,No Significant Change,Stable,Stable
4219,Ganga,1,2011,9,4072.31,60,12,326.4886,402.035,0.3251,0.3161,23.14,231.0,0.05218212570117869,No Significant Change,Stable,Stable
4237,Dhauli Ganga,99,2006,2,1.69,55,17,63.832,67.4987,0.4844,0.4898,5.74,436.0,0.6810425143230439,No Significant Change,Stable,Stable
4247,Paisuni,99,1957,4,71.06,6,66,12.218,10.9596,0.2255,0.7223,-10.3,262.0,0.19571074210100092,No Significant Change,Stable,Stable
4249,Baghain,99,1975,2,1.49,24,48,9.3621,12.4681,0.4303,0.6298,33.18,477.0,0.2392684601438161,No Significant Change,Stable,Stable
4250,Ken,99,2000,68,626.4,49,23,396.3263,314.8895,0.3608,0.5774,-20.55,742.0,0.03157527732792358,Significant Reduction,Stable,Stable
4253,Paisuni,99,1975,4,71.06,24,48,16.0377,20.5495,0.4885,0.7399,28.13,520.0,0.5072794698557171,No Significant Change,Stable,Stable
4254,Yamuna,99,1962,465,20632.52,11,61,3733.0312,2970.4238,0.2909,0.3292,-20.43,473.0,0.0320076887631945,Significant Reduction,Drying,Moderate Drying
4259,Ken,99,1960,68,626.4,9,63,410.0271,368.7378,0.2729,0.452,-10.07,337.0,0.36682848106487875,No Significant Change,Stable,Stable
4268,Mirhasan,99,1961,5,6.45,10,62,18.6464,17.0822,0.2661,0.5205,-8.39,368.0,0.34913409587407085,No Significant Change,Stable,Stable
4269,Shyamri,99,1975,1,2.32,24,48,18.553,18.101,0.4091,0.5594,-2.44,617.0,0.6285340513644078,No Significant Change,Drying,Moderate Drying
4270,Ken,99,1976,11,25.18,25,47,67.249,62.342,0.45,0.5055,-7.3,645.0,0.5001877546319797,No Significant Change,Stable,Stable
4271,Sonar,99,2001,39,214.05,50,22,215.3244,173.7095,0.3815,0.6048,-19.33,709.0,0.05267313678414854,No Significant Change,Drying,Mild Drying
4272,Ken,99,1976,50,239.24,25,47,289.4746,254.66,0.3475,0.489,-12.03,710.0,0.14901695266527998,No Significant Change,Drying,Mild Drying
4273,Ken,99,1989,55,245.69,38,34,300.6516,274.912,0.3622,0.5213,-8.56,751.0,0.2385058250908817,No Significant Change,Drying,Mild Drying
4275,Sonar,99,1986,11,127.97,35,37,114.7285,97.2074,0.3512,0.5538,-15.27,807.0,0.07322988087800875,No Significant Change,Drying,Moderate Drying
4276,Banne,99,1988,4,178.8,37,35,12.5827,10.2062,0.4639,0.562,-18.89,805.0,0.07691690093669053,No Significant Change,Stable,Stable
4278,Banne,99,1969,3,14.56,18,54,4.1332,4.3131,0.3765,0.544,4.35,491.0,0.9533339752146197,No Significant Change,Stable,Stable
4281,Ken,99,1974,63,519.21,23,49,357.8816,323.686,0.3514,0.4787,-9.56,653.0,0.28243149450080385,No Significant Change,Stable,Stable
4282,Kutni,99,2000,1,3.5,49,23,9.9824,6.8565,0.439,0.6804,-31.31,803.0,0.0038960562127655753,Significant Reduction,Drying,Moderate Drying
4283,Ken,99,2000,64,522.7,49,23,368.519,291.6318,0.3654,0.5848,-20.86,747.0,0.02709596303580769,Significant Reduction,Stable,Stable
4286,Bearma,99,1958,5,9.9,7,65,16.6335,15.7546,0.381,0.4801,-5.28,252.0,0.654994642544287,No Significant Change,Stable,Stable
4287,Bearma,99,1961,5,17.48,10,62,47.0749,41.2433,0.3328,0.4653,-12.39,377.0,0.27888973796056615,No Significant Change,Drying,Mild Drying
4292,Bearma,99,2001,28,86.08,50,22,85.3498,72.3686,0.3863,0.6052,-15.21,678.0,0.11908397487294549,No Significant Change,Stable,Stable
4294,Bearma,99,2001,28,86.08,50,22,99.7012,84.3926,0.3898,0.6076,-15.35,681.0,0.11064434715623549,No Significant Change,Stable,Stable
4296,Kopra,99,1979,2,5.07,28,44,19.6842,16.6097,0.3397,0.5314,-15.62,778.0,0.06211068309080535,No Significant Change,Drying,Mild Drying
4297,Sonar,99,1986,9,122.91,35,37,73.2705,61.438,0.352,0.5595,-16.15,838.0,0.03230138061763164,Significant Reduction,Drying,Mild Drying
4298,Sonar,99,1981,11,127.97,30,42,94.2399,78.4445,0.3501,0.5311,-16.76,802.0,0.050126729427806556,No Significant Change,Drying,Mild Drying
4299,Ken,99,1976,2,3.27,25,47,19.512,18.4913,0.443,0.487,-5.23,634.0,0.5863818282704669,No Significant Change,Stable,Stable
4302,Ken,99,1975,4,10.68,24,48,34.8737,35.3158,0.4298,0.4908,1.27,579.0,0.9761757918928984,No Significant Change,Stable,Stable
4305,Bewas,99,1986,4,101.1,35,37,32.4419,26.3803,0.3527,0.5752,-18.68,859.0,0.01744176814659133,Significant Reduction,Drying,Moderate Drying
4306,Sonar,99,1964,5,21.81,13,59,40.2578,32.8965,0.34,0.4822,-18.29,505.0,0.07649404528027112,No Significant Change,Drying,Mild Drying
4308,Bearma,99,1962,2,7.42,11,61,15.446,12.8193,0.3508,0.4779,-17.01,435.0,0.12125167585054017,No Significant Change,Stable,Stable
4326,Rihand,99,1992,1,1.55,41,31,29.4039,30.8635,0.3461,0.4991,4.96,613.0,0.8024363413899283,No Significant Change,Stable,Stable
4327,Rihand,99,1992,1,1.55,41,31,200.1232,192.5828,0.3029,0.3494,-3.77,657.0,0.8112430211652333,No Significant Change,Stable,Stable
4330,Gopat,99,1972,3,14.59,21,51,46.2476,48.3329,0.3058,0.4751,4.51,563.0,0.7379604844725894,No Significant Change,Stable,Stable
4331,Gopat,99,1975,1,4.2,24,48,4.8612,4.9919,0.3572,0.3845,2.69,558.0,0.8343864079541257,No Significant Change,Stable,Stable
4332,Gopat,99,1979,9,42.06,28,44,60.697,64.4677,0.2975,0.4416,6.21,616.0,1.0,No Significant Change,Stable,Stable
4333,Gopat,99,2001,1,1.46,50,22,3.9233,4.6125,0.3758,0.5101,17.57,472.0,0.34339488988480626,No Significant Change,Stable,Stable
4334,Gopat,99,1973,15,54.89,22,50,72.2886,77.2697,0.3264,0.419,6.89,540.0,0.9075321621109808,No Significant Change,Stable,Stable
4335,Gopat,99,1978,8,145.21,27,45,17.2656,20.8787,0.4033,0.5327,20.93,520.0,0.31148275557724303,No Significant Change,Stable,Stable
4336,Mayar,99,1977,7,11.68,26,46,6.9882,8.3521,0.3447,0.7772,19.52,639.0,0.6348961518472087,No Significant Change,Stable,Stable
4340,Rihand,99,1962,14,10829.59,11,61,244.6373,224.2823,0.3517,0.3425,-8.32,373.0,0.5625072222270513,No Significant Change,Stable,Stable
4341,Son,99,1978,104,7080.48,27,45,558.7678,554.5199,0.2943,0.3338,-0.76,619.0,0.8981900693076912,No Significant Change,Stable,Stable
4342,Son,99,1978,118,17910.07,27,45,790.606,780.3272,0.2814,0.3324,-1.3,630.0,0.7980310353025457,No Significant Change,Stable,Stable
4347,Banas,99,1979,3,4.65,28,44,8.9741,8.6443,0.3658,0.3807,-3.67,657.0,0.6398594512279607,No Significant Change,Stable,Stable
4348,Banas,99,1979,4,12.38,28,44,34.5786,33.5707,0.3345,0.3825,-2.91,662.0,0.5991243402842671,No Significant Change,Stable,Stable
4349,Son,99,1983,1,1.47,32,40,9.0889,9.1243,0.3833,0.3334,0.39,635.0,0.9593221157832156,No Significant Change,Stable,Stable
4351,Banas,99,2002,5,14.01,51,21,39.9172,37.6773,0.333,0.4436,-5.61,597.0,0.4497406864850092,No Significant Change,Stable,Stable
4352,Banas,99,1982,2,2.97,31,41,4.6509,4.4793,0.4552,0.3568,-3.69,631.0,0.9637108749864155,No Significant Change,Stable,Stable
4353,Banas,99,1972,9,29.04,21,51,51.7228,49.9972,0.3306,0.3817,-3.34,575.0,0.6289205757264098,No Significant Change,Stable,Stable
4354,Banas,99,1974,5,144.25,23,49,9.1827,8.9509,0.4264,0.4068,-2.52,571.0,0.932615822847899,No Significant Change,Stable,Stable
4355,Banas,99,2009,14,173.29,58,14,59.6827,58.9665,0.3639,0.3891,-1.2,373.0,0.6437284215941029,No Significant Change,Stable,Stable
4356,Son,99,1974,58,6683.54,23,49,343.0049,333.6526,0.2718,0.3368,-2.73,606.0,0.611983948018563,No Significant Change,Stable,Stable
4361,Son,99,1980,30,220.38,29,43,173.9765,181.8372,0.2693,0.3231,4.52,587.0,0.6793637800352874,No Significant Change,Stable,Stable
4362,Son,99,1980,30,220.38,29,43,178.377,186.143,0.2708,0.3218,4.35,593.0,0.730513240440277,No Significant Change,Stable,Stable
4371,Ghodchhatra,99,1976,1,0.95,25,47,7.0915,6.3098,0.3459,0.378,-11.02,705.0,0.16632930955675684,No Significant Change,Stable,Stable
4372,Johilla,99,1962,13,192.52,11,61,34.412,30.2457,0.2836,0.3343,-12.11,426.0,0.1589316406184117,No Significant Change,Stable,Stable
4373,Johilla,99,1980,15,194.43,29,43,49.7314,49.5135,0.2976,0.3592,-0.44,641.0,0.845248667316117,No Significant Change,Stable,Stable
4374,Son,99,1976,3,4.9,25,47,5.1772,4.8381,0.4638,0.38,-6.55,601.0,0.8777766164053847,No Significant Change,Stable,Stable
4375,Son,99,1974,55,6678.64,23,49,335.6413,326.2261,0.2717,0.3367,-2.81,605.0,0.6204827272505011,No Significant Change,Stable,Stable
4378,Tipan,99,1974,4,3.99,23,49,15.2953,13.6587,0.2836,0.3062,-10.7,690.0,0.12807659148265238,No Significant Change,Stable,Stable
4379,Son,99,1976,1,3.08,25,47,39.5846,39.1622,0.2151,0.2801,-1.07,618.0,0.7227101066307531,No Significant Change,Stable,Stable
4380,Son,99,1980,2,7.91,29,43,46.4071,49.1579,0.2442,0.2889,5.93,564.0,0.4981494423921351,No Significant Change,Stable,Stable
4381,Son,99,1980,6,11.89,29,43,75.1352,77.8342,0.2595,0.2946,3.59,592.0,0.7218972445644298,No Significant Change,Stable,Stable
4382,Son,99,1980,6,11.89,29,43,81.5065,85.0239,0.2603,0.3003,4.32,586.0,0.6709730772297013,No Significant Change,Stable,Stable
4383,Son,99,1981,12,21.47,30,42,92.9259,94.8638,0.2679,0.3096,2.09,619.0,0.9045374212384624,No Significant Change,Stable,Stable
4384,Son,99,1964,5,8.67,13,59,7.3077,6.8935,0.2505,0.4163,-5.67,455.0,0.2985330901490203,No Significant Change,Stable,Stable
4385,Kunu,99,1988,3,4.49,37,35,14.3664,16.0978,0.3089,0.3482,12.05,534.0,0.20289928181881578,No Significant Change,Stable,Stable
4386,Son,99,1988,15,25.95,37,35,108.6776,117.8603,0.2615,0.323,8.45,552.0,0.2844705561582159,No Significant Change,Stable,Stable
4402,Ganga,1,1992,558,27858.39,41,31,5548.6917,4804.1078,0.2677,0.292,-13.42,818.0,0.03847133498311455,Significant Reduction,Drying,Moderate Drying
4404,Ganga,1,1992,558,27858.39,41,31,5564.6157,4819.0827,0.267,0.2911,-13.4,818.0,0.03847133498311455,Significant Reduction,Drying,Moderate Drying
4405,Ghaghara,99,1992,572,28916.95,41,31,7452.2716,6357.2562,0.2394,0.262,-14.69,853.0,0.01359328917693837,Significant Reduction,Drying,Moderate Drying
4407,Ganga,1,1992,572,28916.95,41,31,7463.8963,6368.1335,0.2391,0.2615,-14.68,854.0,0.01316746071211393,Significant Reduction,Drying,Moderate Drying
4411,Son,99,1979,153,19540.32,28,44,1136.4199,1070.3085,0.2755,0.3132,-5.82,672.0,0.5214663019994337,No Significant Change,Stable,Stable
4416,Rapti,99,1985,8,468.45,34,38,497.6756,434.3762,0.299,0.3296,-12.72,806.0,0.0720006885201915,No Significant Change,Stable,Stable
4417,Rapti,99,1985,8,468.45,34,38,522.0044,452.2458,0.2999,0.3384,-13.36,806.0,0.0720006885201915,No Significant Change,Drying,Moderate Drying
4449,Rapti,99,1985,8,468.45,34,38,392.9005,342.9316,0.3033,0.3309,-12.72,811.0,0.06352310391671756,No Significant Change,Stable,Stable
4451,Rapti,99,1985,8,468.45,34,38,465.0403,406.4862,0.2959,0.3284,-12.59,803.0,0.07751762233119477,No Significant Change,Stable,Stable
4456,Rapti,99,1958,4,21.96,7,65,189.1587,168.7063,0.3252,0.3248,-10.81,269.0,0.4439934366218799,No Significant Change,Stable,Stable
4457,Rapti,99,1985,4,446.49,34,38,102.3887,83.1124,0.3569,0.3741,-18.83,877.0,0.009323105016798497,Significant Reduction,Drying,Moderate Drying
4458,Rapti,99,1958,4,21.96,7,65,200.5171,177.495,0.3387,0.3205,-11.48,269.0,0.4439934366218799,No Significant Change,Stable,Stable
4459,Rapti,99,1985,8,468.45,34,38,297.2396,255.975,0.3093,0.3355,-13.88,814.0,0.05884475392945853,No Significant Change,Stable,Stable
4463,Ghaghara,99,1962,5,427.12,11,61,1092.9809,1010.6366,0.236,0.2795,-7.53,411.0,0.2404371466700651,No Significant Change,Drying,Moderate Drying
4555,Mohana,99,1982,1,12.34,31,41,23.1178,24.2083,0.3405,0.3948,4.72,596.0,0.6573838839770523,No Significant Change,Stable,Stable
4556,Lilajan,99,1976,3,9.44,25,47,22.5068,21.3327,0.3527,0.4048,-5.22,635.0,0.5782692041064745,No Significant Change,Stable,Stable
4561,Phalgu,99,1976,4,21.78,25,47,54.8068,55.5248,0.3326,0.3835,1.31,566.0,0.8038346846694164,No Significant Change,Stable,Stable
4565,Koel,99,1979,8,335.56,28,44,188.8263,149.1703,0.3604,0.3161,-21.0,827.0,0.015036061325586802,Significant Reduction,Stable,Stable
4566,Son,99,1984,145,19204.76,33,39,890.3437,912.4025,0.2911,0.3298,2.48,620.0,0.7949125302119793,No Significant Change,Stable,Stable
4567,Ganga,1,1992,558,27858.39,41,31,5404.1546,4697.514,0.2716,0.2937,-13.08,814.0,0.04293855318059754,Significant Reduction,Drying,Moderate Drying
4568,Ganga,1,1992,558,27858.39,41,31,5419.6073,4712.646,0.2711,0.2932,-13.04,814.0,0.04293855318059754,Significant Reduction,Drying,Moderate Drying
4569,Ganga,1,1992,558,27858.39,41,31,5536.1723,4792.8506,0.2682,0.2924,-13.43,818.0,0.03847133498311455,Significant Reduction,Drying,Moderate Drying
4570,Ganga,1,1992,558,27858.39,41,31,5552.3454,4807.5085,0.2675,0.2919,-13.41,818.0,0.03847133498311455,Significant Reduction,Drying,Moderate Drying
4589,Auranga,99,1985,1,0.0,34,38,25.9968,22.7344,0.41,0.3384,-12.55,740.0,0.2915841050256357,No Significant Change,Stable,Stable
4596,Koel,99,1985,2,3.48,34,38,91.8643,78.8235,0.3837,0.3057,-14.2,781.0,0.12923613663721675,No Significant Change,Stable,Stable
4597,Tahle,99,1973,2,191.3,22,50,13.6051,12.1,0.4164,0.4111,-11.06,637.0,0.29031835114273363,No Significant Change,Stable,Stable
4598,Koel,99,1985,4,141.1,34,38,135.015,116.2222,0.3921,0.3051,-13.92,770.0,0.16360642775561074,No Significant Change,Stable,Stable
4600,Koel,99,1979,7,333.25,28,44,159.8342,125.0323,0.3588,0.3204,-21.77,843.0,0.008888135691668641,Significant Reduction,Stable,Stable
4601,Koel,99,1979,7,333.25,28,44,172.6491,135.9696,0.3597,0.3186,-21.25,832.0,0.012800755258125088,Significant Reduction,Stable,Stable
4602,Kanhar,99,1974,7,48.19,23,49,69.7997,58.3262,0.3453,0.3597,-16.44,717.0,0.06462900090891108,No Significant Change,Drying,Mild Drying
4604,Barhki,99,1987,1,2.31,36,36,7.2571,6.6971,0.3771,0.4369,-7.72,725.0,0.388926851344923,No Significant Change,Stable,Stable
4605,Koel,99,1979,7,333.25,28,44,178.3681,140.1848,0.3601,0.318,-21.41,832.0,0.012800755258125088,Significant Reduction,Stable,Stable
4610,Kanhar,99,1957,2,2.76,6,66,10.3907,12.3523,0.4377,0.4405,18.88,157.0,0.41880297832086744,No Significant Change,Stable,Stable
4611,Kanhar,99,1957,12,950.1,6,66,86.2043,91.9759,0.3693,0.3544,6.7,179.0,0.7130640339600941,No Significant Change,Stable,Stable
4612,Panda,99,1983,2,5.49,32,40,8.5016,8.4116,0.4296,0.5097,-1.06,670.0,0.7381474709661748,No Significant Change,Stable,Stable
4613,Son,99,1960,127,18090.38,9,63,786.4909,792.3521,0.2349,0.3238,0.75,280.0,0.9592610203141445,No Significant Change,Stable,Stable
4618,Rihand,99,1992,1,1.55,41,31,5.7682,5.7545,0.354,0.4718,-0.24,622.0,0.8824669408560922,No Significant Change,Stable,Stable
4621,Rihand,99,1984,7,11.68,33,39,9.0803,12.7832,0.374,0.8206,40.78,588.0,0.5341470791280722,No Significant Change,Stable,Stable
4622,Rihand,99,1985,10,16.38,34,38,210.8313,213.4225,0.3077,0.3524,1.23,627.0,0.8347022418006316,No Significant Change,Stable,Stable
4722,Ghaghara,99,1962,5,427.12,11,61,1031.5596,958.5529,0.2238,0.2815,-7.08,404.0,0.28717863081055306,No Significant Change,Drying,Moderate Drying
4723,Ghaghara,99,1962,5,427.12,11,61,1036.7032,962.5967,0.2249,0.2816,-7.15,406.0,0.2732384550467303,No Significant Change,Drying,Moderate Drying
4724,Ghaghara,99,1962,5,427.12,11,61,1078.6434,997.2424,0.2331,0.2808,-7.55,412.0,0.23422457474193314,No Significant Change,Drying,Moderate Drying
4726,Karmanasa,99,1962,2,316.03,11,61,34.7457,27.3973,0.3168,0.4264,-21.15,481.0,0.023236112705980222,Significant Reduction,Stable,Stable
4727,Karmanasa,99,1962,2,316.03,11,61,44.8009,35.1975,0.3205,0.422,-21.44,480.0,0.024203837354405903,Significant Reduction,Stable,Stable
4728,Karmanasa,99,1962,4,489.53,11,61,86.9003,74.5981,0.3052,0.4319,-14.16,437.0,0.11391346859972472,No Significant Change,Stable,Stable
4736,Sotwa,99,1985,4,446.49,34,38,58.3525,43.6777,0.428,0.453,-25.15,893.0,0.005428386447770371,Significant Reduction,Drying,Severe Drying
4737,Sotwa,99,1985,4,446.49,34,38,73.0451,55.9815,0.3998,0.4166,-23.36,895.0,0.0050628421657923075,Significant Reduction,Drying,Moderate Drying
4750,Rapti,99,1958,4,21.96,7,65,141.7617,128.4136,0.2759,0.3583,-9.42,265.0,0.4900408028267257,No Significant Change,Stable,Stable
4756,Sotwa,99,1966,1,9.25,15,57,16.1508,14.3099,0.3822,0.344,-11.4,497.0,0.33869706320171733,No Significant Change,Stable,Stable
4759,Sotwa,99,1957,4,446.49,6,66,47.4569,34.604,0.6071,0.4099,-27.08,251.0,0.2927516236864635,No Significant Change,Drying,Severe Drying
4761,Ghaghara,99,1962,5,427.12,11,61,1100.7852,1017.2383,0.2373,0.2789,-7.59,412.0,0.23422457474193314,No Significant Change,Drying,Moderate Drying
4768,Ghaghara,99,1962,5,427.12,11,61,988.1662,916.5202,0.2176,0.2838,-7.25,405.0,0.280149634965301,No Significant Change,Drying,Moderate Drying
4777,Sharda,99,1962,5,427.12,11,61,811.4117,758.3865,0.2124,0.2926,-6.53,400.0,0.31647710382951344,No Significant Change,Drying,Moderate Drying
4778,Sharda,99,1962,5,427.12,11,61,378.6146,338.5123,0.2458,0.3725,-10.59,444.0,0.09094981474138358,No Significant Change,Drying,Mild Drying
4790,Sharda,99,2005,2,7.42,54,18,141.2549,110.9869,0.3827,0.4638,-21.43,690.0,0.008134624687335626,Significant Reduction,Stable,Stable
4791,Sharda,99,2005,2,7.42,54,18,272.8378,206.6961,0.4004,0.387,-24.24,683.0,0.01060663264644185,Significant Reduction,Drying,Mild Drying
4792,Sharda,99,2005,2,7.42,54,18,258.3515,198.8027,0.4215,0.4061,-23.05,675.0,0.014231682295928874,Significant Reduction,Stable,Stable
4793,Mahakali,99,2005,2,7.42,54,18,287.5658,217.5459,0.3955,0.3779,-24.35,683.0,0.01060663264644185,Significant Reduction,Drying,Mild Drying
4796,Sharda,99,1962,1,406.26,11,61,5.9913,4.3011,0.2578,0.4632,-28.21,497.0,0.011736785812171857,Significant Reduction,Drying,Severe Drying
4798,Mahakali,99,1992,4,20.86,41,31,286.8432,276.7162,0.3179,0.49,-3.53,733.0,0.26996910821393516,No Significant Change,Drying,Mild Drying
4803,Darma Yankti,99,2005,1,6.2,54,18,30.8789,23.927,0.4573,0.5953,-22.51,699.0,0.005719008108361995,Significant Reduction,Stable,Stable
4805,Sharda,99,2005,1,6.2,54,18,51.9898,39.7715,0.3821,0.5071,-23.5,720.0,0.0023928849274741574,Significant Reduction,Stable,Stable
4806,Goriganga,99,2012,1,1.22,61,11,66.3271,54.7603,0.5056,0.5602,-17.44,418.0,0.19933153681666516,No Significant Change,Stable,Stable
4807,Mahakali,99,2005,2,7.42,54,18,123.0976,98.7712,0.431,0.5254,-19.76,674.0,0.01475418541112433,Significant Reduction,Stable,Stable
4834,Ganga,1,2001,30,2202.14,50,22,11572.6429,10566.9138,0.1836,0.2662,-8.69,679.0,0.11621643462876785,No Significant Change,Stable,Stable
4835,Ganga,1,2001,30,2202.14,50,22,11621.5553,10613.9873,0.1833,0.2658,-8.67,678.0,0.11908397487294549,No Significant Change,Stable,Stable
4836,Ganga,1,2001,30,2202.14,50,22,11640.6763,10632.4405,0.183,0.2653,-8.66,679.0,0.11621643462876785,No Significant Change,Stable,Stable
4838,Ganga,1,2001,30,2202.14,50,22,12177.4568,11128.3495,0.1766,0.2586,-8.62,679.0,0.11621643462876785,No Significant Change,Stable,Stable
4863,Ganga,1,2001,30,2202.14,50,22,11555.6773,10551.0074,0.1838,0.2664,-8.69,679.0,0.11621643462876785,No Significant Change,Stable,Stable
4864,Ganga,1,2001,30,2202.14,50,22,10046.9861,8887.3382,0.1997,0.2718,-11.54,700.0,0.06761409731979293,No Significant Change,Stable,Stable
5093,Phalgu,99,1976,4,21.78,25,47,60.083,60.9905,0.3293,0.3845,1.51,572.0,0.8591788376843803,No Significant Change,Stable,Stable
5098,Ganga,1,1969,21,1742.7,18,54,10006.652,9043.0385,0.2284,0.2297,-9.63,611.0,0.1054323742350337,No Significant Change,Drying,Moderate Drying
5099,Ganga,1,1969,21,1742.7,18,54,10241.9234,9303.8671,0.2252,0.2268,-9.16,604.0,0.1265033021895172,No Significant Change,Stable,Stable
5103,Garkhe,2,1969,18,358.84,18,54,220.7042,235.9858,0.321,0.3849,6.92,452.0,0.6630883955372254,No Significant Change,Stable,Stable
5109,Chandan,99,2001,3,241.36,50,22,36.6829,32.3921,0.4037,0.3208,-11.7,628.0,0.34343368827165843,No Significant Change,Stable,Stable
5111,Ganga,1,2001,3,241.36,50,22,83.103,70.687,0.3919,0.3375,-14.94,667.0,0.15440016856274758,No Significant Change,Stable,Stable
5112,Ganga,1,2001,3,241.36,50,22,98.868,85.1178,0.4004,0.3272,-13.91,660.0,0.1807047924616434,No Significant Change,Stable,Stable
5134,Kiul,99,1965,4,108.99,14,58,8.585,9.3982,0.2867,0.4558,9.47,393.0,0.8588384240673409,No Significant Change,Stable,Stable
5135,Kiul,99,1965,5,189.2,14,58,18.2334,20.8099,0.294,0.4558,14.13,368.0,0.593646684225616,No Significant Change,Stable,Stable
5136,Ulai,99,1968,2,24.77,17,55,4.143,5.5984,0.3882,0.437,35.13,299.0,0.02590875494192714,Significant Increase,Stable,Stable
5137,Nakti,99,1989,1,26.68,38,34,8.7307,7.7887,0.4618,0.3711,-10.79,716.0,0.43307540627349184,No Significant Change,Stable,Stable
5138,Kiul,99,1965,7,213.97,14,58,22.8766,26.3644,0.2977,0.453,15.25,358.0,0.499141350249255,No Significant Change,Stable,Stable
5139,Kiul,99,1969,10,256.45,18,54,33.1744,40.1852,0.3193,0.4268,21.13,383.0,0.18254210158652762,No Significant Change,Stable,Stable
5140,Harohar,3,1980,8,102.39,29,43,183.2598,185.5316,0.3413,0.4062,1.24,610.0,0.881349593947811,No Significant Change,Stable,Stable
5146,Panchane,99,1978,2,71.34,27,45,7.4563,8.0499,0.4414,0.5096,7.96,571.0,0.6754067889780955,No Significant Change,Stable,Stable
5148,Panchane,99,1978,2,71.34,27,45,12.3282,13.0979,0.4631,0.5074,6.24,576.0,0.7184127513854892,No Significant Change,Stable,Stable
5150,Panchane,99,1978,2,71.34,27,45,17.9869,19.3058,0.4531,0.5193,7.33,571.0,0.6754067889780955,No Significant Change,Stable,Stable
5155,Sakri,99,1966,1,5.7,15,57,30.8352,29.853,0.3259,0.4371,-3.19,466.0,0.5982617416832618,No Significant Change,Stable,Stable
5156,Panchane,99,1978,2,71.34,27,45,36.9726,38.9663,0.4026,0.491,5.39,587.0,0.8160465129446297,No Significant Change,Stable,Stable
5157,Harohar,99,1978,2,71.34,27,45,44.6941,46.4384,0.3974,0.4765,3.9,595.0,0.8889920706145129,No Significant Change,Stable,Stable
5158,Phalgu,99,1976,4,21.78,25,47,85.7887,86.4091,0.3324,0.3958,0.72,576.0,0.8964812311782133,No Significant Change,Stable,Stable
5160,Harohar,99,1978,6,93.12,27,45,132.6285,134.672,0.3414,0.4161,1.54,606.0,0.9907195011217261,No Significant Change,Stable,Stable
5161,Harohar,99,1966,7,98.82,15,57,171.3659,162.373,0.281,0.41,-5.25,475.0,0.5145983316251096,No Significant Change,Stable,Stable
5165,Harohar,3,1980,1,3.57,29,43,4.9342,4.8955,0.444,0.4391,-0.78,642.0,0.8362709212531012,No Significant Change,Stable,Stable
5167,Harohar,3,1980,1,3.57,29,43,8.8338,8.7508,0.4377,0.432,-0.94,645.0,0.8094698461930347,No Significant Change,Stable,Stable
5168,Harohar,3,1980,1,3.57,29,43,17.8342,18.4844,0.404,0.4181,3.65,606.0,0.845248667316117,No Significant Change,Stable,Stable
5172,Lilajan,99,1982,1,6.23,31,41,6.5798,6.2748,0.3876,0.4014,-4.64,674.0,0.6656284214017723,No Significant Change,Stable,Stable
5277,Chilkara,99,2000,1,51.56,49,23,4.612,4.2684,0.4214,0.3846,-7.45,618.0,0.5142913388219204,No Significant Change,Stable,Stable
