seg_id,river_name,tier,n_upstream_dams,total_upstream_capacity_mcm,nearest_upstream_dam,nearest_dam_dist_km,nearest_dam_year,dams_before_1991,dams_after_1991
1429,Padma,1,32,2481.03,Torai Dam,325.84,,24,4
1445,Padma,1,32,2481.03,Torai Dam,268.56,,24,4
1495,Padma,1,0,0.0,,,,0,0
1496,Padma,1,0,0.0,,,,0,0
1497,Padma,1,32,2481.03,Torai Dam,304.33,,24,4
1523,Padma,1,32,2481.03,Torai Dam,178.24,,24,4
1525,Padma,1,0,0.0,,,,0,0
1526,Padma,1,0,0.0,,,,0,0
1527,Padma,1,32,2481.03,Torai Dam,237.77,,24,4
1528,Padma,1,0,0.0,,,,0,0
1530,Padma,1,0,0.0,,,,0,0
1548,Punarbhaba,99,0,0.0,,,,0,0
1549,Punarbhaba,99,0,0.0,,,,0,0
1551,Padma,1,32,2481.03,Torai Dam,96.2,,24,4
1552,Padma,1,0,0.0,,,,0,0
1553,Padma,1,32,2481.03,Torai Dam,121.8,,24,4
1560,Tangan,99,0,0.0,,,,0,0
1562,Punarbhaba,99,0,0.0,,,,0,0
2480,Kevai,99,1,3.08,Latar Dam,14.92,1976.0,1,0
2481,Son,99,0,0.0,,,,0,0
2807,Mohana,99,1,12.34,Buksa Dam,4.8,1982.0,1,0
2910,Padma,1,0,0.0,,,,0,0
2912,Padma,1,0,0.0,,,,0,0
2913,Ichamati,99,0,0.0,,,,0,0
2914,Kalindi,99,0,0.0,,,,0,0
2915,Ichamati,99,0,0.0,,,,0,0
2916,Ichamati,99,0,0.0,,,,0,0
2918,Ichamati,99,0,0.0,,,,0,0
2919,Mathabanga,99,0,0.0,,,,0,0
2920,Padma,1,0,0.0,,,,0,0
2921,Padma,1,0,0.0,,,,0,0
2922,Ichamati,99,0,0.0,,,,0,0
2928,Padma,1,0,0.0,,,,0,0
2929,Padma,1,0,0.0,,,,0,0
2930,Mathabanga,99,0,0.0,,,,0,0
2931,Bhairab,99,0,0.0,,,,0,0
2933,Padma,1,0,0.0,,,,0,0
2954,Gumani,99,2,278.89,Sunder Dam,18.92,1976.0,1,0
2957,Gumani,99,2,278.89,Torai Dam,25.81,,1,0
2959,Ganga,1,30,2202.14,Chandan Dam,106.31,1968.0,23,4
2960,Ganga,1,32,2481.03,Torai Dam,43.42,,24,4
2971,Padma,1,0,0.0,,,,0,0
2973,Padma,1,32,2481.03,Torai Dam,62.08,,24,4
2977,Chandan,99,1,157.23,Chandan Dam,3.6,1968.0,1,0
2978,Barnar,99,1,80.21,Barnar Dam,14.26,2005.0,0,1
3217,Koel,99,0,0.0,,,,0,0
3244,Sota,99,1,16.36,Buchara Dam,23.34,1889.0,1,0
3245,Sota,99,1,24.54,Chittoli Dam,6.66,1950.0,1,0
3246,Sota,99,1,24.54,Chittoli Dam,31.4,1950.0,1,0
3247,Chalak,99,0,0.0,,,,0,0
3248,Sota,99,2,40.9,Chittoli Dam,53.44,1950.0,2,0
3260,Yamuna,99,0,0.0,,,,0,0
3261,Yamuna,99,3,602.62,Vyasi (Ujvn) Dam,184.34,,1,1
3262,Yamuna,99,3,602.62,Vyasi (Ujvn) Dam,203.01,,1,1
3263,Yamuna,99,0,0.0,,,,0,0
3264,Yamuna,99,3,602.62,Vyasi (Ujvn) Dam,225.3,,1,1
3279,Yamuna,99,0,0.0,,,,0,0
3281,Yamuna,99,0,0.0,,,,0,0
3284,Bata,99,0,0.0,,,,0,0
3285,Tons,99,0,0.0,,,,0,0
3286,Giri,99,0,0.0,,,,0,0
3287,Yamuna,99,3,602.62,Ichari Dam,23.34,1972.0,1,1
3288,Yamuna,99,3,602.62,Ichari Dam,27.26,1972.0,1,1
3289,Yamuna,99,3,602.62,Vyasi (Ujvn) Dam,44.5,,1,1
3290,Yamuna,99,0,0.0,,,,0,0
3291,Yamuna,99,0,0.0,,,,0,0
3292,Yamuna,99,3,602.62,Vyasi (Ujvn) Dam,64.53,,1,1
3293,Yamuna,99,3,602.62,Vyasi (Ujvn) Dam,99.49,,1,1
3295,Yamuna,99,0,0.0,,,,0,0
3296,Yamuna,99,0,0.0,,,,0,0
3297,Yamuna,99,0,0.0,,,,0,0
3298,Yamuna,99,3,602.62,Vyasi (Ujvn) Dam,135.45,,1,1
3300,Yamuna,99,3,602.62,Vyasi (Ujvn) Dam,148.31,,1,1
3301,Hindon,99,0,0.0,,,,0,0
3302,Hindon,99,0,0.0,,,,0,0
3303,Yamuna,99,0,0.0,,,,0,0
3304,Yamuna,99,3,602.62,Vyasi (Ujvn) Dam,164.97,,1,1
3305,Yamuna,99,0,0.0,,,,0,0
3308,Rupin,99,0,0.0,,,,0,0
3309,Tons,99,0,0.0,,,,0,0
3310,Pabbar,99,0,0.0,,,,0,0
3311,Tons,99,0,0.0,,,,0,0
3312,Tons,99,0,0.0,,,,0,0
3316,Shallu,99,0,0.0,,,,0,0
3317,Tons,99,0,0.0,,,,0,0
3318,Sainj,99,0,0.0,,,,0,0
3319,Tons,99,1,8.93,Ichari Dam,2.73,1972.0,1,0
3320,Yamuna,99,2,593.69,Lakhwar (Ujvn) Dam,0.82,2024.0,0,1
3321,Aglad,99,0,0.0,,,,0,0
3322,Yamuna,99,0,0.0,,,,0,0
3323,Bhagirathi,99,1,0.6,Maneri Stage I Dam,4.23,1984.0,1,0
3324,Yamuna,99,3,602.62,Vyasi (Ujvn) Dam,14.2,,1,1
3325,Ashmi,99,0,0.0,,,,0,0
3326,Giri,99,0,0.0,,,,0,0
3328,Sarai,99,0,0.0,,,,0,0
3329,Chambal,99,0,0.0,,,,0,0
3330,Kadwal,99,2,55.7,Aoda Dam,22.84,1934.0,1,0
3331,Chambal,99,2,55.7,Aoda Dam,41.91,1934.0,1,0
3332,Banas,99,72,2740.48,Kalisil Dam,25.4,1956.0,53,9
3333,Chambal,99,152,10195.82,Man Sarowar Dam,21.1,1957.0,96,45
3334,Chambal,99,154,10251.52,Man Sarowar Dam,30.23,1957.0,97,45
3335,Chambal,99,226,12992.0,Man Sarowar Dam,34.27,1957.0,150,54
3336,Chambal,99,226,12992.0,Kalisil Dam,25.99,1956.0,150,54
3337,Kuno,99,2,21.6,Harsi Dam,7.8,1917.0,2,0
3338,Karisil,99,1,41.7,Kalisil Dam,6.81,1956.0,1,0
3339,Chambal,99,229,13023.39,Needar Dam,106.31,1990.0,153,54
3340,Parbati,99,6,93.92,Rampur Dam,6.33,1958.0,4,2
3341,Karai,99,0,0.0,,,,0,0
3342,Kuno,99,0,0.0,,,,0,0
3343,Kuno,99,0,0.0,,,,0,0
3344,Sindh,99,2,3.61,Mohari Dam,11.37,1916.0,2,0
3345,Sindh,99,3,5.68,Bharoli Dam,30.36,1916.0,3,0
3346,Kendar,99,0,0.0,,,,0,0
3347,Manki,99,1,2.33,Kuda Dam,11.58,1982.0,1,0
3348,Kuno,99,1,2.33,Kuda Dam,19.13,1982.0,1,0
3349,Kunwari,99,2,7.19,Kamera Dam,8.46,1910.0,2,0
3350,Kunwari,99,0,0.0,,,,0,0
3351,Bamni,99,0,0.0,,,,0,0
3352,Parbati,99,0,0.0,,,,0,0
3353,Vaisali,99,0,0.0,,,,0,0
3354,Sengur,99,0,0.0,,,,0,0
3355,Sesar,99,1,34.97,Juggar Dam,11.32,1957.0,1,0
3356,Vaisali,99,1,12.96,Ramova Dam,20.92,1931.0,1,0
3357,Kunwari,99,0,0.0,,,,0,0
3358,Parbati,99,1,115.17,Parbati Dam,9.06,1963.0,1,0
3359,Gambhir,99,0,0.0,,,,0,0
3360,Vaisali,99,0,0.0,,,,0,0
3361,Jhilmil,99,0,0.0,,,,0,0
3362,Sank,99,3,24.31,Tigra Dam,11.91,1917.0,3,0
3363,Pahuj,99,2,5.03,Khaprar Dam,6.75,1985.0,2,0
3364,Parbati,99,1,115.17,Parbati Dam,10.33,1963.0,1,0
3365,Gambhir,99,1,54.95,Panchana Dam,11.05,2006.0,0,1
3366,Asan,99,1,91.55,Kotwal Dam,26.14,1914.0,1,0
3367,Non,99,0,0.0,,,,0,0
3368,Sengur,99,0,0.0,,,,0,0
3369,Parbati,99,1,115.17,Parbati Dam,37.38,1963.0,1,0
3370,Vaisali,99,2,34.64,Baisly Dam,15.02,1919.0,2,0
3371,Sengur,99,0,0.0,,,,0,0
3372,Asan,99,4,115.86,Kotwal Dam,17.6,1914.0,4,0
3373,Gambhir,99,2,170.45,Bishan Samand Dam,15.34,,0,1
3374,Vaisali,99,2,34.64,Baisly Dam,33.56,1919.0,2,0
3375,Pahuj,99,4,76.89,Keeratwari Dam,13.22,1988.0,4,0
3376,Kunwari,99,2,7.19,Kamera Dam,72.75,1910.0,2,0
3377,Vaisali,99,2,34.64,Baisly Dam,40.49,1919.0,2,0
3378,Gambhir,99,3,205.42,Juggar Dam,22.41,1957.0,1,1
3379,Sengur,99,0,0.0,,,,0,0
3380,Sengur,99,0,0.0,,,,0,0
3381,Pahuj,99,6,81.92,Khaprar Dam,41.43,1985.0,6,0
3382,Gambhir,99,4,258.06,Baretha Bund Dam,43.06,1897.0,2,1
3383,Kunwari,99,6,123.05,Kotwal Dam,34.78,1914.0,6,0
3384,Kunwari,99,6,123.05,Pillowa Dam,71.42,1914.0,6,0
3385,Gambhir,99,5,373.23,Parbati Dam,63.37,1963.0,3,1
3386,Sindh,99,26,356.27,Tekanpur Dam,52.47,1895.0,21,4
3387,Sindh,99,28,390.91,Baisly Dam,58.81,1919.0,23,4
3388,Sindh,99,34,472.83,Khaprar Dam,56.55,1985.0,29,4
3389,Yamuna,99,13,536.55,Parbati Dam,91.94,1963.0,9,2
3390,Sindh,99,40,595.88,Khaprar Dam,59.04,1985.0,35,4
3391,Yamuna,99,16,1139.17,Parbati Dam,142.74,1963.0,10,3
3392,Yamuna,99,245,14162.57,Parbati Dam,180.11,1963.0,163,57
3393,Yamuna,99,285,14758.45,Khaprar Dam,72.67,1985.0,198,61
3394,Supin,99,0,0.0,,,,0,0
3395,Tons,99,0,0.0,,,,0,0
3396,Dhund,99,1,4.17,Sheel Ki Dungri Dam,4.5,1900.0,1,0
3397,Dhund,99,2,57.88,Kanota Dam,18.83,2001.0,1,1
3398,Banganga,99,3,89.11,Chandrana Dam,5.99,1976.0,3,0
3399,Mashi,99,2,28.16,Hingonia Dam,25.74,1862.0,2,0
3400,Dhund,99,3,62.05,Sheel Ki Dungri Dam,15.38,1900.0,2,1
3401,Morel,99,0,0.0,,,,0,0
3402,Morel,99,4,138.69,Morel Dam,8.21,1959.0,3,1
3403,Kareli,99,1,12.93,Morasagar Dam,20.17,1934.0,1,0
3404,Kareli,99,0,0.0,,,,0,0
3405,Kareli,99,1,12.93,Morasagar Dam,26.89,1934.0,1,0
3406,Dhil,99,1,27.73,Dheel Dam,5.73,1911.0,1,0
3407,Kareli,99,1,12.93,Morasagar Dam,33.69,1934.0,1,0
3408,Morel,99,5,151.62,Morel Dam,30.67,1959.0,4,1
3409,Kareli,99,0,0.0,,,,0,0
3410,Morel,99,0,0.0,,,,0,0
3411,Morel,99,5,151.62,Morel Dam,33.19,1959.0,4,1
3412,Morel,99,6,193.31,Kalisil Dam,18.03,1956.0,5,1
3413,Gambhir,99,1,25.98,Surwal Dam,10.6,1958.0,1,0
3414,Banas,99,65,2521.18,Dheel Dam,25.43,1911.0,47,8
3415,Banas,99,66,2547.16,Surwal Dam,25.54,1958.0,48,8
3417,Mashi,99,1,20.66,Kalakh Sagar Dam,8.13,1883.0,1,0
3418,Mashi,99,0,0.0,,,,0,0
3419,Mashi,99,0,0.0,,,,0,0
3420,Mashi,99,1,35.0,Chaparwara Dam,9.62,1894.0,1,0
3421,Mashi,99,1,35.0,Chaparwara Dam,26.35,1894.0,1,0
3422,Mashi,99,1,35.0,Chaparwara Dam,45.92,1894.0,1,0
3423,Mashi,99,0,0.0,,,,0,0
3424,Mashi,99,4,111.29,Mashi Dam,8.27,1960.0,4,0
3425,Mashi,99,4,111.29,Mashi Dam,18.97,1960.0,4,0
3426,Sohadra,99,0,0.0,,,,0,0
3428,Sohadra,99,1,47.14,Tordi Sagar Dam,4.19,1887.0,1,0
3429,Dai,99,0,0.0,,,,0,0
3430,Dai,99,1,11.49,Lassaria Dam,8.02,1981.0,1,0
3431,Sohadra,99,1,47.14,Tordi Sagar Dam,21.59,1887.0,1,0
3432,Banas,99,58,2286.29,Bisalpur Dam,18.84,1999.0,40,8
3433,Mashi,99,5,158.43,Mashi Dam,21.17,1960.0,5,0
3434,Banas,99,63,2444.72,Mashi Dam,34.47,1960.0,45,8
3435,Galwa,99,1,48.73,Galwa Dam,15.31,1960.0,1,0
3436,Banas,99,64,2472.45,Dheel Dam,8.96,1911.0,46,8
3437,Chakan,99,2,21.08,Chakan Dam,5.2,1849.0,2,0
3438,Dai,99,0,0.0,,,,0,0
3439,Dai,99,0,0.0,,,,0,0
3440,Banas,99,56,1178.96,Nagdi Dam,31.23,1959.0,39,7
3441,Bajyan,99,1,28.4,Bundika Gothra Dam,6.63,,0,0
3442,Mashi,99,0,0.0,,,,0,0
3443,Mashi,99,0,0.0,,,,0,0
3444,Mashi,99,0,0.0,,,,0,0
3445,Mashi,99,1,35.0,Chaparwara Dam,1.9,1894.0,1,0
3447,Mendha,99,0,0.0,,,,0,0
3448,Mendha,99,0,0.0,,,,0,0
3449,Mendha,99,0,0.0,,,,0,0
3450,Mendha,99,0,0.0,,,,0,0
3451,Sindh,99,0,0.0,,,,0,0
3452,Non,99,2,12.6,Tekanpur Dam,18.73,1895.0,2,0
3453,Parbati,99,7,145.2,Moonjwar Dam,12.62,1969.0,5,2
3454,Sindh,99,24,343.67,Ram Sagar Dam,15.77,1963.0,19,4
3455,Sindh,99,26,356.27,Tekanpur Dam,19.75,1895.0,21,4
3456,Pahuj,99,0,0.0,,,,0,0
3457,Betwa,99,2,7.81,Magar Pur Dam,19.92,1694.0,2,0
3458,Ghurari,99,1,9.92,Dongari Dam,12.62,1986.0,1,0
3459,Pahuj,99,3,75.92,Sidhkhad Dam,11.12,1986.0,3,0
3460,Mahuar,99,7,37.58,Adner Dam,28.36,1911.0,6,1
3461,Sindh,99,16,300.23,Mohini Pick-Up Weir Dam,41.1,,12,3
3462,Betwa,99,64,4232.59,Veer Sagar Dam,14.04,1970.0,48,10
3463,Betwa,99,66,4267.01,Barwa Sagar Dam,7.73,1694.0,50,10
3464,Betwa,99,70,4366.43,Madan Sagar Dam,8.75,1966.0,54,10
3465,Sindh,99,1,7.78,Chandapatha Dam,13.49,1918.0,1,0
3466,Sindh,99,0,0.0,,,,0,0
3467,Sindh,99,7,38.44,Rajgarh Dam,30.79,1914.0,6,1
3468,Sindh,99,8,46.22,Chandapatha Dam,22.46,1918.0,7,1
3469,Sindh,99,9,155.03,Mohini Pick-Up Weir Dam,16.97,,7,1
3470,Mahuar,99,0,0.0,,,,0,0
3471,Bilrai,99,4,8.81,Chinnod Dam,6.88,1991.0,3,1
3472,Mahuar,99,3,28.77,Dunguna Dam,6.41,1984.0,3,0
3473,Mahuar,99,7,37.58,Adner Dam,15.52,1911.0,6,1
3474,Non,99,0,0.0,,,,0,0
3475,Non,99,1,8.29,Tekanpur Dam,18.12,1895.0,1,0
3476,Non,99,1,4.31,Simariya No.1 Dam,15.37,1976.0,1,0
3477,Non,99,1,4.31,Simariya No.1 Dam,24.03,1976.0,1,0
3478,Betwa,99,3,23.94,Nagdagajora Dam,8.4,1911.0,2,1
3479,Khari,99,8,163.33,Madho Sagar Dam,137.3,1887.0,6,1
3480,Yamuna,99,3,602.62,Lakhwar (Ujvn) Dam,381.52,2024.0,1,1
3481,Sengur,99,0,0.0,,,,0,0
3482,Ganga,1,0,0.0,,,,0,0
3483,Rihand,99,0,0.0,,,,0,0
3484,Sengur,99,0,0.0,,,,0,0
3485,Sindh,99,1,2.07,Bharoli Dam,15.17,1916.0,1,0
3486,Indar,99,0,0.0,,,,0,0
3487,Sindh,99,4,7.95,Rajgarh Dam,18.76,1914.0,4,0
3488,Aerma,99,3,30.49,Madhar Dam,17.41,2003.0,2,1
3489,Kakund,99,1,52.64,Baretha Bund Dam,8.77,1897.0,1,0
3490,Banganga,99,0,0.0,,,,0,0
3491,Banganga,99,6,130.75,Reriya Dam,39.43,1992.0,4,1
3492,Gambhir,99,4,258.06,Baretha Bund Dam,20.72,1897.0,2,1
3493,Banganga,99,6,130.75,Madho Sagar Dam,79.38,1887.0,4,1
3494,Khari,99,2,32.58,Jaisamand Dam,99.15,1910.0,2,0
3495,Khari,99,0,0.0,,,,0,0
3496,Khari,99,8,163.33,Madho Sagar Dam,118.05,1887.0,6,1
3497,Yamuna,99,0,0.0,,,,0,0
3498,Karwan,99,0,0.0,,,,0,0
3502,Karwan,99,0,0.0,,,,0,0
3503,Karwan,99,0,0.0,,,,0,0
3504,Khari,99,2,32.58,Jaisamand Dam,82.58,1910.0,2,0
3505,Yamuna,99,3,602.62,Lakhwar (Ujvn) Dam,314.83,2024.0,1,1
3506,Yamuna,99,3,602.62,Lakhwar (Ujvn) Dam,354.18,2024.0,1,1
3508,Gambhir,99,0,0.0,,,,0,0
3509,Gambhir,99,1,115.5,Bishan Samand Dam,5.76,,0,0
3510,Banganga,99,1,5.29,Reriya Dam,11.96,1992.0,0,1
3514,Khari,99,2,32.58,Jaisamand Dam,79.45,1910.0,2,0
3515,Khari,99,2,32.58,Jaisamand Dam,76.65,1910.0,2,0
3516,Sanwan,99,0,0.0,,,,0,0
3517,Sanwan,99,0,0.0,,,,0,0
3518,Banganga,99,0,0.0,,,,0,0
3519,Sanwan,99,1,13.73,Sainthal Sagar Dam,6.18,,0,0
3520,Barah,99,2,32.58,Jaisamand Dam,6.17,1910.0,2,0
3521,Sanwan,99,1,13.73,Sainthal Sagar Dam,14.84,,0,0
3522,Sanwan,99,1,13.73,Sainthal Sagar Dam,31.51,,0,0
3523,Banganga,99,4,111.72,Madho Sagar Dam,16.15,1887.0,4,0
3524,Banganga,99,5,125.45,Madho Sagar Dam,28.13,1887.0,4,0
3526,Khari,99,0,0.0,,,,0,0
3527,Khari,99,0,0.0,,,,0,0
3528,Barah,99,2,32.58,Jaisamand Dam,52.37,1910.0,2,0
3530,Khari,99,0,0.0,,,,0,0
3531,Barah,99,0,0.0,,,,0,0
3532,Barah,99,2,32.58,Jaisamand Dam,22.05,1910.0,2,0
3533,Yamuna,99,0,0.0,,,,0,0
3534,Hindon,99,0,0.0,,,,0,0
3535,Yamuna,99,3,602.62,Lakhwar (Ujvn) Dam,275.09,2024.0,1,1
3536,Karwan,99,0,0.0,,,,0,0
3537,Karwan,99,0,0.0,,,,0,0
3538,Karwan,99,0,0.0,,,,0,0
3539,Karwan,99,0,0.0,,,,0,0
3541,Karwan,99,0,0.0,,,,0,0
3543,Kali,99,0,0.0,,,,0,0
3544,Kali,99,0,0.0,,,,0,0
3545,Kali,99,0,0.0,,,,0,0
3547,Kali,99,0,0.0,,,,0,0
3548,Kali,99,0,0.0,,,,0,0
3549,Kali,99,0,0.0,,,,0,0
3550,Kali,99,0,0.0,,,,0,0
3551,Hindon,99,0,0.0,,,,0,0
3552,Hindon,99,0,0.0,,,,0,0
3553,Kali,99,0,0.0,,,,0,0
3554,Kali,99,0,0.0,,,,0,0
3555,Solani,99,0,0.0,,,,0,0
3556,Kali,99,0,0.0,,,,0,0
3558,Kali,99,0,0.0,,,,0,0
3559,Hindon,99,0,0.0,,,,0,0
3560,Amjar,99,2,63.56,Takli Dam,10.7,,0,1
3561,Ahu,99,7,85.31,Piplad Dam,29.76,2011.0,5,2
3562,Ahu,99,9,148.87,Sawan Bhado Dam,19.28,2001.0,5,3
3563,Kali Sindh,99,28,5676.14,Kalisindh Dam Phase-I Dam,1.61,2004.0,18,7
3564,Kali Sindh,99,37,5825.02,Sawan Bhado Dam,10.57,2001.0,23,10
3565,Kali Sindh,99,0,0.0,,,,0,0
3566,Ujar,99,1,76.55,Bhimsagar Dam,27.28,1997.0,0,1
3567,Parvan,99,21,174.25,Gulandi Dam,55.45,,11,9
3568,Kali Sindh,99,37,5825.02,Sawan Bhado Dam,27.99,2001.0,23,10
3569,Kali Sindh,99,38,5901.57,Sawan Bhado Dam,32.24,2001.0,23,11
3570,Chauli,99,2,55.4,Baorikheda Dam,6.99,1989.0,1,1
3571,Ghar Ganga,99,2,5.93,Deori Dam,20.86,1978.0,1,1
3572,Chhapi,99,5,101.04,Chhapi Dam,12.05,2005.0,3,2
3573,Chhapi,99,7,106.97,Chhapi Dam,12.53,2005.0,4,3
3574,Kali Sindh,99,23,173.09,Ghoghatpur Dam,12.3,2003.0,16,5
3575,Kali Sindh,99,59,6075.81,Sawan Bhado Dam,50.57,2001.0,34,20
3576,Baleti,99,0,0.0,,,,0,0
3577,Newaj,99,1,1.04,Phoodra Dam,6.72,2002.0,0,1
3578,Kali Sindh,99,6,13.29,Bhensrod Dam,19.21,1860.0,3,2
3579,Parbati,99,2,5.52,Chapper Dam,14.87,1980.0,1,1
3580,Newaj,99,1,1.04,Phoodra Dam,25.01,2002.0,0,1
3581,Newaj,99,3,8.75,Narola Dam,11.28,1916.0,3,0
3582,Newaj,99,5,13.27,Banskheda Dam,18.25,2002.0,3,2
3583,Dudhi,99,3,34.15,Dudhi Dam,13.93,2001.0,1,2
3584,Newaj,99,8,47.42,Banskheda Dam,30.92,2002.0,4,4
3585,Paru,99,3,31.86,Doraha Dam,12.84,1983.0,3,0
3586,Parbati,99,8,17.4,Imlikheda Dam,13.58,2000.0,6,2
3587,Parbati,99,24,83.1,Hedapura Dam,4.82,1979.0,17,7
3588,Ghora Pachhar,99,2,3.56,Ganeshpura Dam,5.16,2003.0,0,2
3589,Ghora Pachhar,99,3,2.93,Sawsara Dam,6.09,1982.0,3,0
3590,Ghora Pachhar,99,5,6.48,Khankuria Dam,22.53,1915.0,3,2
3591,Parvan,99,14,67.27,Gulandi Dam,10.28,,7,6
3592,Londri,99,0,0.0,,,,0,0
3593,Kali Sindh,99,2,5.56,Momanpura Dam,5.54,1916.0,1,0
3594,Lakundar,99,7,77.07,Shankarpur Dam,1.68,1993.0,5,2
3595,Lakundar,99,16,155.92,Laxmikheda Dam,9.71,1989.0,13,2
3596,Kali Sindh,99,23,173.09,Ghoghatpur Dam,10.06,2003.0,16,5
3597,Tila,99,2,53.67,Nanukhedi Dam,8.17,,1,0
3598,Chhoti Kali Sindh,99,0,0.0,,,,0,0
3599,Kanthali,99,0,0.0,,,,0,0
3600,Ahu,99,3,54.73,Gagrin Dam,3.55,1956.0,3,0
3601,Ahu,99,0,0.0,,,,0,0
3602,Ahu,99,7,85.31,Piplad Dam,7.16,2011.0,5,2
3603,Dudhaliya,99,0,0.0,,,,0,0
3604,Ahu,99,3,6.44,Poiadonger Dam,7.63,1956.0,2,1
3605,Chhoti Kali Sindh,99,2,10.23,Koyalkhedi Dam,7.35,1980.0,2,0
3606,Ansar,99,0,0.0,,,,0,0
3607,Chambal,99,29,317.82,Asawati Dam,25.32,1988.0,21,7
3608,Chambal,99,29,317.82,Asawati Dam,51.33,1988.0,21,7
3609,Khoki,99,1,2.03,Chambleshwar Dam,13.01,2002.0,0,1
3610,Gunjali,99,0,0.0,,,,0,0
3611,Gunjali,99,0,0.0,,,,0,0
3612,Gunjali,99,1,2.03,Chambleshwar Dam,23.26,2002.0,0,1
3613,Gunjali,99,1,2.03,Chambleshwar Dam,32.35,2002.0,0,1
3614,Chambal,99,2,18.55,Pachanpura Dam,12.42,1990.0,1,1
3615,Chambal,99,31,3218.54,Ranapratap Sager Dam,7.91,1970.0,22,8
3616,Chambal,99,33,3237.09,Ranapratap Sager Dam,7.8,1970.0,23,9
3617,Chambal,99,0,0.0,,,,0,0
3618,Chambal,99,35,3416.22,Kota Barrage Dam,2.08,,24,9
3619,Chandloi,99,0,0.0,,,,0,0
3620,Thalera,99,0,0.0,,,,0,0
3621,Alnia,99,1,43.72,Alnia Dam,17.69,1960.0,1,0
3622,Chandloi,99,1,43.72,Alnia Dam,24.19,1960.0,1,0
3623,Chambal,99,36,3459.94,Kota Barrage Dam,38.85,,25,9
3624,Kural,99,3,63.51,Gararda Dam,40.73,2010.0,2,1
3625,Mej,99,9,154.79,Paibala Pura Dam,21.22,1957.0,4,3
3626,Mej,99,12,218.3,Paibala Pura Dam,29.51,1957.0,6,4
3627,Kali Sindh,99,59,6075.81,Sawan Bhado Dam,75.31,2001.0,34,20
3628,Chambal,99,95,9535.75,Kota Barrage Dam,68.16,,59,29
3629,Shipra,99,0,0.0,,,,0,0
3630,Chhoti Kali Sindh,99,2,10.23,Koyalkhedi Dam,57.22,1980.0,2,0
3631,Shipra,99,13,137.89,Amiya Bahadurpur Dam,8.84,1983.0,10,3
3632,Shipra,99,13,137.89,Amiya Bahadurpur Dam,33.5,1983.0,10,3
3633,Chambal,99,20,212.84,Laduna Dam,14.14,1988.0,15,5
3634,Chambal,99,24,297.33,Asawati Dam,7.32,1988.0,19,5
3635,Sau,99,3,9.76,Mundri Dam,11.37,2000.0,0,2
3636,Chambal,99,27,307.09,Asawati Dam,19.84,1988.0,19,7
3637,Somli,99,0,0.0,,,,0,0
3638,Sau,99,2,6.21,Bajrag Garh Dam,10.71,2006.0,0,1
3639,Retam,99,2,10.73,Gopalpura Dam,12.78,1980.0,2,0
3640,Idar,99,2,10.73,Gopalpura Dam,18.74,1980.0,2,0
3641,Retam,99,0,0.0,,,,0,0
3642,Retam,99,1,5.07,Gadola Dam,21.77,1964.0,1,0
3643,Retam,99,0,0.0,,,,0,0
3644,Idar,99,0,0.0,,,,0,0
3645,Retam,99,2,10.73,Gopalpura Dam,4.49,1980.0,2,0
3646,Maleni,99,1,5.83,Antalwasa Dam,16.22,1908.0,1,0
3647,Maleni,99,0,0.0,,,,0,0
3648,Maleni,99,1,5.83,Antalwasa Dam,34.83,1908.0,1,0
3649,Pingla,99,1,13.57,Rupaniyakhal Dam,8.58,1997.0,0,1
3650,Chambal,99,3,51.57,Bagla Dam,31.79,2001.0,2,1
3651,Chambal,99,2,19.4,Rupaniyakhal Dam,10.3,1997.0,1,1
3652,Chambal,99,7,74.95,Ambabarod Dam,9.19,1980.0,5,2
3653,Kanh,99,0,0.0,,,,0,0
3654,Ashamati,99,2,4.14,Nagda Dam,15.06,1964.0,2,0
3655,Gambhir,99,6,85.78,Gambhir (Phe) Dam,16.55,1991.0,5,1
3656,Shipra,99,4,17.45,Motipura Dam,6.28,1999.0,3,1
3657,Chambal,99,0,0.0,,,,0,0
3658,Chambal,99,3,51.57,Satak Dam,6.95,1961.0,2,1
3659,Chhoti Kali Sindh,99,0,0.0,,,,0,0
3661,Padma,1,0,0.0,,,,0,0
3664,Baveri,99,0,0.0,,,,0,0
3665,Chamla,99,0,0.0,,,,0,0
3666,Chambal,99,3,51.57,Bagla Dam,7.31,2001.0,2,1
3667,Chambal,99,0,0.0,,,,0,0
3668,Padma,1,0,0.0,,,,0,0
3669,Padma,1,0,0.0,,,,0,0
3670,Padma,1,0,0.0,,,,0,0
3671,Padma,1,0,0.0,,,,0,0
3672,Padma,1,0,0.0,,,,0,0
3673,Padma,1,0,0.0,,,,0,0
3674,Padma,1,0,0.0,,,,0,0
3675,Padma,1,0,0.0,,,,0,0
3677,Padma,1,0,0.0,,,,0,0
3678,Padma,1,0,0.0,,,,0,0
3679,Padma,1,0,0.0,,,,0,0
3683,Padma,1,0,0.0,,,,0,0
3684,Padma,1,0,0.0,,,,0,0
3685,Padma,1,0,0.0,,,,0,0
3686,Padma,1,0,0.0,,,,0,0
3687,Padma,1,0,0.0,,,,0,0
3688,Padma,1,0,0.0,,,,0,0
3689,Nekhadi,99,0,0.0,,,,0,0
3690,Kothari,99,1,3.79,Ladki Dam,17.17,1966.0,1,0
3691,Khari,99,2,43.21,Khari Dam,10.03,1957.0,2,0
3692,Khari,99,0,0.0,,,,0,0
3693,Khari,99,4,51.42,Panghatiya Dam,4.25,1984.0,3,0
3694,Khari,99,0,0.0,,,,0,0
3695,Mansi,99,3,104.84,Arwar Dam,13.67,1957.0,2,1
3696,Khari,99,4,51.42,Panghatiya Dam,19.73,1984.0,3,0
3697,Khari,99,4,51.42,Panghatiya Dam,43.01,1984.0,3,0
3698,Khari,99,1,7.78,Basundni Dam,10.88,1981.0,1,0
3699,Sameliya,99,1,24.63,Nahar Sagar Dam,2.54,1909.0,1,0
3700,Khari,99,2,32.41,Basundni Dam,6.37,1981.0,2,0
3701,Khari,99,7,156.26,Arwar Dam,27.52,1957.0,5,1
3702,Banas,99,47,990.29,Nagdi Dam,6.84,1959.0,32,6
3703,Banas,99,1,10.34,Jhadol Dam,10.4,1980.0,1,0
3704,Banas,99,45,974.81,Kothari Stage 1 Dam,11.4,,30,6
3705,Khari,99,9,188.67,Basundni Dam,17.15,1981.0,7,1
3706,Khari,99,0,0.0,,,,0,0
3707,Khari,99,9,188.67,Basundni Dam,25.97,1981.0,7,1
3708,Gomti,99,1,107.15,Rajsamand Dam,7.13,1676.0,1,0
3709,Chandrabhaga,99,2,12.34,Chandrabhaga Dam,5.33,,1,0
3710,Banas,99,1,21.22,Nandsamand Dam,14.03,1958.0,1,0
3711,Banas,99,3,130.41,Kaladeh Dam,7.57,1964.0,3,0
3712,Banas,99,6,193.42,Matrikundiya Dam,7.24,1991.0,4,1
3713,Banas,99,0,0.0,,,,0,0
3714,Banas,99,8,204.55,Kanyakheri Dam,13.34,1987.0,5,1
3715,Berach,99,1,9.71,Ruparel Dam,13.44,2004.0,0,1
3716,Menali,99,2,15.21,Govta Dam,2.56,1955.0,2,0
3717,Berach,99,2,58.48,Bassi Dam,4.29,1986.0,2,0
3718,Kothari,99,7,141.46,Jude Ka Naka Dam,1.61,1999.0,4,1
3719,Berach,99,21,520.44,Borda Dam,14.75,1979.0,15,1
3720,Berach,99,23,578.92,Orai Dam,11.85,1973.0,17,1
3721,Berach,99,24,588.63,Ruparel Dam,17.12,2004.0,17,2
3722,Banas,99,32,793.18,Ruparel Dam,22.27,2004.0,22,3
3723,Unli,99,3,23.07,Anwasa Dam,6.11,1981.0,2,1
3724,Banas,99,35,810.28,Pitha Ka Mund Dam,7.47,1997.0,24,4
3725,Banas,99,38,833.35,Anwasa Dam,9.37,1981.0,26,5
3726,Bahmnai,99,1,5.24,Atawara Dam,11.77,1961.0,1,0
3727,Mej,99,7,113.43,Gudha Dam,7.11,1958.0,3,3
3728,Jashma,99,1,18.54,Bhopal Sagar Dam,6.76,1936.0,1,0
3729,Berach,99,1,2.92,Luharia Dam,3.59,1984.0,1,0
3730,Berach,99,2,45.83,Sanwariya Sarowar Dam,11.44,,1,0
3731,Berach,99,6,261.43,Badgaon Dam,11.9,1973.0,5,0
3732,Berach,99,7,279.97,Bhopal Sagar Dam,18.72,1936.0,6,0
3733,Berach,99,8,282.89,Luharia Dam,15.74,1984.0,7,0
3734,Berach,99,11,404.19,Gosunda Dam,1.78,,8,0
3735,Berach,99,1,9.43,Banakiya Dam,5.53,1962.0,1,0
3736,Berach,99,13,418.66,Gosunda Dam,8.81,,10,0
3737,Gambhiri,99,8,101.78,Sankal Khera Dam,8.1,2008.0,5,1
3738,Gambhiri,99,2,71.44,Gambhiri Dam,6.11,1958.0,2,0
3739,Kadmali,99,2,12.09,Uncha Dam,12.04,1984.0,1,0
3740,Khan,99,0,0.0,,,,0,0
3741,Banas,99,1,21.22,Nandsamand Dam,10.64,1958.0,1,0
3742,Sukni,99,0,0.0,,,,0,0
3743,Khari,99,0,0.0,,,,0,0
3744,Parbati,99,42,403.2,Umed Sagar Dam,42.68,1917.0,28,12
3745,Parbati,99,42,403.2,Umed Sagar Dam,53.51,1917.0,28,12
3746,Parbati,99,42,403.2,Umed Sagar Dam,65.48,1917.0,28,12
3747,Chambal,99,110,9792.62,Deopura Dam,12.24,1981.0,68,33
3748,Aheli,99,0,0.0,,,,0,0
3749,Gadela,99,0,0.0,,,,0,0
3750,Ahar,99,3,180.03,Udai Sagar Dam,3.22,1585.0,2,0
3751,Berach,99,4,210.49,Berach/Vallabh Nagar Dam,2.97,1972.0,3,0
3752,Berach,99,1,19.42,Bagolia Dam,8.53,1956.0,1,0
3753,Andheri,99,0,0.0,,,,0,0
3754,Retili,99,0,0.0,,,,0,0
3755,Andheri,99,1,30.8,Lhasi Dam,13.93,1619.0,1,0
3756,Upreni,99,0,0.0,,,,0,0
3757,Garni,99,0,0.0,,,,0,0
3758,Andheri,99,0,0.0,,,,0,0
3759,Andheri,99,1,30.8,Lhasi Dam,30.85,1619.0,1,0
3760,Parbati,99,38,292.25,Benthali Dam,14.76,1965.0,25,11
3761,Parbati,99,38,292.25,Benthali Dam,35.16,1965.0,25,11
3762,Parbati,99,38,292.25,Benthali Dam,46.71,1965.0,25,11
3763,Bilas,99,1,28.9,Bilas Dam,12.08,1996.0,0,1
3764,Parbati,99,39,323.06,Lhasi Dam,46.94,1619.0,26,11
3765,Parbati,99,40,351.95,Bilas Dam,30.89,1996.0,26,12
3766,Khul,99,1,32.65,Gopalpura Dam,10.8,1980.0,1,0
3767,Bamnidai,99,0,0.0,,,,0,0
3769,Banganga,99,0,0.0,,,,0,0
3770,Khul,99,1,18.6,Umed Sagar Dam,2.79,1917.0,1,0
3771,Khul,99,1,18.6,Umed Sagar Dam,11.83,1917.0,1,0
3772,Khul,99,2,51.25,Umed Sagar Dam,19.34,1917.0,2,0
3773,Khul,99,2,51.25,Umed Sagar Dam,25.14,1917.0,2,0
3774,Parbati,99,42,403.2,Umed Sagar Dam,30.46,1917.0,28,12
3775,Parbati,99,1,17.68,Rajiv Sagar (Maksudangarh) Dam,14.59,,0,0
3776,Parbati,99,27,105.84,Govindpura Dam,14.63,1992.0,18,8
3777,Parbati,99,2,39.03,Sanjay Sagar Dam,13.1,1985.0,2,0
3778,Parbati,99,30,161.05,Sanjay Sagar Dam,16.08,1985.0,20,9
3779,Chopani,99,1,0.0,Ruthai (Gopi Krishna Sagar) Dam,8.5,,0,0
3780,Parbati,99,32,198.33,Benthali Dam,8.94,1965.0,21,9
3781,Ghora Pachhar,99,0,0.0,,,,0,0
3782,Manoli,99,0,0.0,,,,0,0
3783,Manoli,99,3,63.51,Gararda Dam,3.8,2010.0,2,1
3784,Thalera,99,0,0.0,,,,0,0
3785,Manoli,99,3,63.51,Gararda Dam,20.22,2010.0,2,1
3786,Machhli,99,1,12.96,Paibala Pura Dam,11.05,1957.0,1,0
3787,Chambal,99,107,9754.05,Paibala Pura Dam,45.83,1957.0,65,33
3788,Papras,99,1,3.79,Chapper Dam,7.69,1980.0,1,0
3789,Parbati,99,1,1.73,Guradia Roopchand Dam,13.57,1997.0,0,1
3790,Ajnal,99,5,10.36,Konajhir Dam,13.24,1940.0,5,0
3791,Mej,99,8,141.83,Bundika Gothra Dam,22.64,,3,3
3792,Garra,99,0,0.0,,,,0,0
3793,Khaimua,99,0,0.0,,,,0,0
3794,Deoha,99,1,209.0,Nanak Sagar Dam,132.12,1962.0,1,0
3795,Garra,2,1,209.0,Nanak Sagar Dam,157.9,1962.0,1,0
3796,Garra,99,0,0.0,,,,0,0
3797,Garra,2,1,209.0,Nanak Sagar Dam,187.52,1962.0,1,0
3798,Ganga,1,1,209.0,Nanak Sagar Dam,198.46,1962.0,1,0
3799,Ramganga,99,10,926.78,Baigul Dam,163.0,1968.0,10,0
3800,Ganga,1,9,4072.31,Srinagar Dam,350.06,2014.0,1,8
3801,Ganga,1,19,4999.1,Baigul Dam,193.42,1968.0,11,8
3802,Ganga,1,0,0.0,,,,0,0
3803,Ganga,1,20,5208.1,Baigul Dam,213.57,1968.0,12,8
3804,Ganga,1,20,5208.1,Baigul Dam,243.62,1968.0,12,8
3805,Kali,99,0,0.0,,,,0,0
3806,Ganga,1,0,0.0,,,,0,0
3807,Pandu,99,0,0.0,,,,0,0
3808,Kali,99,0,0.0,,,,0,0
3809,Kali,99,0,0.0,,,,0,0
3810,Ganga,1,9,4072.31,Srinagar Dam,322.75,2014.0,1,8
3811,Ganga,1,9,4072.31,Srinagar Dam,340.89,2014.0,1,8
3812,Ganga,1,20,5208.1,Baigul Dam,254.19,1968.0,12,8
3813,Sai,99,0,0.0,,,,0,0
3814,Ganga,1,0,0.0,,,,0,0
3815,Ganga,1,0,0.0,,,,0,0
3816,Ganga,1,20,5208.1,Baigul Dam,260.0,1968.0,12,8
3817,Ganga,1,0,0.0,,,,0,0
3818,Ganga,1,20,5208.1,Baigul Dam,263.14,1968.0,12,8
3819,Ganga,1,20,5208.1,Baigul Dam,286.21,1968.0,12,8
3820,Rihand,99,0,0.0,,,,0,0
3821,Sengur,99,0,0.0,,,,0,0
3822,Rihand,99,0,0.0,,,,0,0
3823,Non,99,0,0.0,,,,0,0
3824,Yamuna,99,0,0.0,,,,0,0
3825,Non,99,0,0.0,,,,0,0
3826,Sengur,99,0,0.0,,,,0,0
3827,Ganga,1,20,5208.1,Nanak Sagar Dam,328.77,1962.0,12,8
3828,Yamuna,99,285,14758.45,Keeratwari Dam,90.88,1988.0,198,61
3829,Yamuna,99,285,14758.45,Keeratwari Dam,112.07,1988.0,198,61
3830,East Bahgul,99,0,0.0,,,,0,0
3831,Afsarha,99,0,0.0,,,,0,0
3832,East Bahgul,99,0,0.0,,,,0,0
3833,Deoha,99,1,209.0,Nanak Sagar Dam,60.4,1962.0,1,0
3834,Ramganga,99,10,926.78,Baigul Dam,81.72,1968.0,10,0
3835,Ramganga,99,10,926.78,Baigul Dam,120.17,1968.0,10,0
3836,Garra,2,0,0.0,,,,0,0
3838,Nandhaur,99,0,0.0,,,,0,0
3839,Deoha,99,1,209.0,Nanak Sagar Dam,6.63,1962.0,1,0
3840,Deoha,99,1,209.0,Nanak Sagar Dam,15.17,1962.0,1,0
3841,Ladhiya,99,0,0.0,,,,0,0
3842,Gaula,99,2,252.24,Dhora Dam,8.02,1960.0,2,0
3843,Khaimua,99,0,0.0,,,,0,0
3844,Khaimua,99,0,0.0,,,,0,0
3845,Katna,99,0,0.0,,,,0,0
3846,Deoha,99,1,209.0,Nanak Sagar Dam,111.34,1962.0,1,0
3847,Sharda,99,5,427.12,Sarda Sagar Dam,5.62,1962.0,1,4
3848,Baur,99,0,0.0,,,,0,0
3849,Bhakra,99,2,131.69,Haripura Dam,22.43,1975.0,2,0
3850,Baur,99,0,0.0,,,,0,0
3851,Baur,99,2,252.24,Dhora Dam,41.05,1960.0,2,0
3852,Baur,99,4,383.93,Dhora Dam,47.38,1960.0,4,0
3853,Gaula,99,4,383.93,Dhora Dam,56.58,1960.0,4,0
3855,Dabka,99,0,0.0,,,,0,0
3856,Baur,99,0,0.0,,,,0,0
3857,Kosi,99,0,0.0,,,,0,0
3858,Kosi,99,0,0.0,,,,0,0
3859,Ramganga,99,5,472.13,Tumaria Dam,88.35,1961.0,5,0
3860,Gaula,99,1,70.72,Baigul Dam,29.0,1968.0,1,0
3861,Gaula,99,5,454.65,Baigul Dam,60.67,1968.0,5,0
3862,Ramganga,99,0,0.0,,,,0,0
3863,Ramganga,99,10,926.78,Baigul Dam,62.64,1968.0,10,0
3864,Ramganga,99,0,0.0,,,,0,0
3865,Ramganga,99,0,0.0,,,,0,0
3866,Ramganga,99,10,926.78,Baigul Dam,104.43,1968.0,10,0
3867,Bahalla,99,0,0.0,,,,0,0
3869,Gangan,99,0,0.0,,,,0,0
3870,Ganga,1,0,0.0,,,,0,0
3872,Kosi,99,0,0.0,,,,0,0
3873,Ramganga,99,5,472.13,Tumaria Dam,56.3,1961.0,5,0
3874,Ramganga,99,5,472.13,Tumaria Dam,65.24,1961.0,5,0
3875,Ganga,1,9,4072.31,Koteshwar Hep Dam,197.84,2011.0,1,8
3876,Ganga,1,9,4072.31,Srinagar Dam,261.56,2014.0,1,8
3877,Ganga,1,0,0.0,,,,0,0
3878,Ganga,1,0,0.0,,,,0,0
3879,Gangan,99,0,0.0,,,,0,0
3880,Gangan,99,0,0.0,,,,0,0
3881,Khoh,99,0,0.0,,,,0,0
3882,Ramganga,99,3,300.26,Ram Ganga Dam,12.51,1974.0,3,0
3883,Ramganga,99,3,300.26,Pili Dam,32.18,1968.0,3,0
3884,Dhela,99,2,171.87,Tumaria Dam,27.92,1961.0,2,0
3885,Gomti,99,0,0.0,,,,0,0
3886,Kali Rau,99,0,0.0,,,,0,0
3887,Kosi,99,0,0.0,,,,0,0
3888,Ramganga,99,0,0.0,,,,0,0
3889,Bino,99,0,0.0,,,,0,0
3890,Ramganga,99,0,0.0,,,,0,0
3891,Ramganga,99,0,0.0,,,,0,0
3892,Pindar,99,0,0.0,,,,0,0
3893,Gagas,99,0,0.0,,,,0,0
3894,Mandal,99,0,0.0,,,,0,0
3895,Ramganga,99,0,0.0,,,,0,0
3896,Palain,99,0,0.0,,,,0,0
3897,Kali,99,0,0.0,,,,0,0
3899,Kali,99,0,0.0,,,,0,0
3900,Kali,99,0,0.0,,,,0,0
3901,Bagad,99,0,0.0,,,,0,0
3902,Ganga,1,0,0.0,,,,0,0
3904,Rihand,99,0,0.0,,,,0,0
3905,Ganga,1,0,0.0,,,,0,0
3907,Rihand,99,0,0.0,,,,0,0
3908,Ganga,1,9,4072.31,Srinagar Dam,269.85,2014.0,1,8
3909,Ganga,1,9,4072.31,Srinagar Dam,283.1,2014.0,1,8
3910,Ganga,1,9,4072.31,Srinagar Dam,299.41,2014.0,1,8
3911,Ganga,1,0,0.0,,,,0,0
3913,Ganga,1,0,0.0,,,,0,0
3914,Saswa,99,0,0.0,,,,0,0
3915,Song,99,0,0.0,,,,0,0
3916,Song,99,0,0.0,,,,0,0
3917,Ganga,1,9,4072.31,Koteshwar Hep Dam,26.02,2011.0,1,8
3918,Ganga,1,9,4072.31,Koteshwar Hep Dam,50.3,2011.0,1,8
3919,Ganga,1,0,0.0,,,,0,0
3920,Ganga,1,0,0.0,,,,0,0
3921,Banganga,99,0,0.0,,,,0,0
3922,Malin,99,0,0.0,,,,0,0
3923,Banganga,99,0,0.0,,,,0,0
3924,Ganga,1,9,4072.31,Koteshwar Hep Dam,82.08,2011.0,1,8
3925,Ganga,1,9,4072.31,Koteshwar Hep Dam,101.6,2011.0,1,8
3926,Solani,99,0,0.0,,,,0,0
3927,Solani,99,0,0.0,,,,0,0
3928,Ganga,1,9,4072.31,Koteshwar Hep Dam,113.65,2011.0,1,8
3929,Ganga,1,0,0.0,,,,0,0
3930,Gomti,99,0,0.0,,,,0,0
3931,Gomti,99,0,0.0,,,,0,0
3932,Gomti,99,0,0.0,,,,0,0
3933,Ganga,1,553,27367.98,Jirgo Dam,43.64,1958.0,419,94
3934,Ganga,1,553,27367.98,Jirgo Dam,62.75,1958.0,419,94
3935,Ganga,1,0,0.0,,,,0,0
3936,Ganga,1,0,0.0,,,,0,0
3937,Ganga,1,553,27367.98,Jirgo Dam,73.11,1958.0,419,94
3938,Ganga,1,553,27367.98,Jirgo Dam,87.67,1958.0,419,94
3939,Karmanasa,99,2,173.5,Chandraprabha Dam,50.34,1968.0,2,0
3941,Tamasa,99,0,0.0,,,,0,0
3943,Ganga,1,0,0.0,,,,0,0
3944,Tamasa,99,0,0.0,,,,0,0
3945,Tamasa,99,0,0.0,,,,0,0
3946,Gomti,99,0,0.0,,,,0,0
3947,Ganga,1,1,0.89,Gointha Dam,5.46,1992.0,0,1
3949,Varuna,99,0,0.0,,,,0,0
3950,Tamasa,99,0,0.0,,,,0,0
3952,Tamasa,2,0,0.0,,,,0,0
3953,Tamasa,2,0,0.0,,,,0,0
3954,Tamasa,2,0,0.0,,,,0,0
3955,Tamasa,2,0,0.0,,,,0,0
3956,Sai,99,0,0.0,,,,0,0
3957,Gomti,99,0,0.0,,,,0,0
3958,Gomti,99,0,0.0,,,,0,0
3959,Ganga,1,554,27368.87,Gointha Dam,27.95,1992.0,419,95
3960,Ganga,1,0,0.0,,,,0,0
3961,Ganga,1,554,27368.87,Gointha Dam,36.8,1992.0,419,95
3962,Karmanasa,2,4,489.53,Kohira Dam,62.57,1962.0,3,1
3964,Son,99,8,178.32,Rajban Dam,5.41,1970.0,5,1
3967,Karmanasa,99,2,316.03,Durgawati Dam,14.66,2014.0,1,1
3969,Karmanasa,99,2,316.03,Kohira Dam,23.78,1962.0,1,1
3970,Karmanasa,99,2,173.5,Ahraura Dam,21.3,1954.0,2,0
3971,Karmanasa,99,2,173.5,Chandraprabha Dam,32.82,1968.0,2,0
3972,Ganga,1,553,27367.98,Jirgo Dam,21.24,1958.0,419,94
3973,Belan,99,7,35.66,Lali Dam,8.49,1970.0,5,2
3974,Sai,99,0,0.0,,,,0,0
3975,Sai,99,0,0.0,,,,0,0
3976,Ganga,1,0,0.0,,,,0,0
3977,Sai,99,0,0.0,,,,0,0
3978,Sai,99,0,0.0,,,,0,0
3979,Sai,99,0,0.0,,,,0,0
3980,Kadhu,99,0,0.0,,,,0,0
3981,Sai,99,0,0.0,,,,0,0
3982,Kadhu,99,0,0.0,,,,0,0
3983,Sai,99,0,0.0,,,,0,0
3984,Ganga,1,20,5208.1,Nanak Sagar Dam,374.55,1962.0,12,8
3986,Sai,99,0,0.0,,,,0,0
3987,Sai,99,0,0.0,,,,0,0
3988,Sai,99,0,0.0,,,,0,0
3989,Sai,99,0,0.0,,,,0,0
3990,Sai,99,0,0.0,,,,0,0
3991,Sai,99,0,0.0,,,,0,0
3992,Sai,99,0,0.0,,,,0,0
3993,Sai,99,0,0.0,,,,0,0
3994,Kadhu,99,0,0.0,,,,0,0
3995,Ganga,1,0,0.0,,,,0,0
3996,Varuna,2,0,0.0,,,,0,0
3997,Varuna,2,0,0.0,,,,0,0
3999,Gomti,99,0,0.0,,,,0,0
4000,Gomti,99,0,0.0,,,,0,0
4001,Gomti,99,0,0.0,,,,0,0
4002,Gomti,99,0,0.0,,,,0,0
4003,Gomti,99,0,0.0,,,,0,0
4004,Tamasa,99,0,0.0,,,,0,0
4005,Tamasa,2,0,0.0,,,,0,0
4006,Sai,99,0,0.0,,,,0,0
4007,Sai,99,0,0.0,,,,0,0
4009,Sai,99,0,0.0,,,,0,0
4011,Gomti,99,0,0.0,,,,0,0
4012,Gomti,99,0,0.0,,,,0,0
4013,Gomti,99,0,0.0,,,,0,0
4014,Gomti,99,0,0.0,,,,0,0
4015,Gomti,99,0,0.0,,,,0,0
4016,Gomti,99,0,0.0,,,,0,0
4017,Gomti,99,0,0.0,,,,0,0
4018,Gomti,99,0,0.0,,,,0,0
4019,Gomti,99,0,0.0,,,,0,0
4021,Gomti,99,0,0.0,,,,0,0
4023,Gomti,99,0,0.0,,,,0,0
4025,Ghaghara,99,0,0.0,,,,0,0
4029,Ghaghara,99,0,0.0,,,,0,0
4030,Ghaghara,99,0,0.0,,,,0,0
4031,Ghaghara,99,0,0.0,,,,0,0
4032,Ghaghara,99,5,427.12,Sarda Sagar Dam,186.62,1962.0,1,4
4033,Ghaghara,99,5,427.12,Sarda Sagar Dam,214.63,1962.0,1,4
4034,Ghaghara,99,5,427.12,Sarda Sagar Dam,241.51,1962.0,1,4
4035,Ganga,1,1,0.56,Vijai Pur Dam,7.41,1983.0,1,0
4036,Belan,99,21,726.35,Banjari Kalan Dam,14.46,,17,2
4037,Ganga,1,543,26851.84,Berbeta Dam,15.07,1979.0,410,94
4038,Ganga,1,550,27211.86,Bhonka Dam,14.39,1951.0,416,94
4039,Ganga,1,3,156.12,Jirgo Dam,6.3,1958.0,3,0
4040,Ganga,1,0,0.0,,,,0,0
4041,Varuna,2,0,0.0,,,,0,0
4042,Ganga,1,20,5208.1,Nanak Sagar Dam,423.61,1962.0,12,8
4043,Ganga,1,20,5208.1,Nanak Sagar Dam,438.36,1962.0,12,8
4044,Yamuna,2,473,20725.69,Garhwa Dam,40.05,1975.0,355,82
4045,Ganga,1,493,25933.78,Garhwa Dam,56.52,1975.0,367,90
4046,Gomti,99,0,0.0,,,,0,0
4047,Gomti,99,0,0.0,,,,0,0
4048,Gomti,99,0,0.0,,,,0,0
4049,Gomti,99,0,0.0,,,,0,0
4050,Sharda,99,5,427.12,Sarda Sagar Dam,70.04,1962.0,1,4
4051,Belan,99,5,270.41,Rexahawa Dam,6.19,1990.0,5,0
4053,Belan,99,3,97.16,Adwa Dam,5.95,1978.0,3,0
4054,Belan,99,5,101.29,Sukhra Dam,5.46,1909.0,3,0
4055,Belan,99,15,624.72,Meja Dam,2.56,1987.0,13,2
4056,Gopat,99,24,202.4,Bharra Dam,10.47,1984.0,14,5
4057,Son,99,78,6875.14,Bishanda Dam,21.51,1992.0,63,8
4058,Son,99,104,7080.48,Kargara Dam,29.04,1978.0,79,13
4059,Gorma,99,0,0.0,,,,0,0
4060,Belan,99,0,0.0,,,,0,0
4061,Belan,99,21,726.35,Gularia Dam,26.14,1966.0,17,2
4062,Naina,99,3,7.37,Mauganj Dam,19.13,1972.0,3,0
4063,Naina,99,3,7.37,Mauganj Dam,30.61,1972.0,3,0
4064,Lapri,99,0,0.0,,,,0,0
4065,Belan,99,24,733.72,Mauganj Dam,37.67,1972.0,20,2
4066,Tons,2,24,146.19,Kuari Dam,1.62,1982.0,21,2
4067,Tons,2,48,879.9,Kuari Dam,6.36,1982.0,41,4
4068,Tons,2,49,887.29,Bachara Dam,11.26,1980.0,42,4
4069,Asrawal,99,1,35.43,Tons Barrage(Mpseb) Dam,2.38,,0,0
4070,Satna,99,2,13.01,Virhana Dam,14.98,1972.0,2,0
4071,Tons,99,3,48.44,Tons Barrage(Mpseb) Dam,1.88,,2,0
4072,Tons,99,6,18.62,Govindgarh Dam,31.76,1917.0,5,1
4073,Satna,99,10,51.79,Bankuiya Dam,17.22,1971.0,10,0
4074,Tons,99,15,119.76,Purwa Dam,4.04,1991.0,13,1
4075,Tons,99,21,138.39,Purwa Dam,9.68,1991.0,18,2
4077,Tons,99,6,18.62,Govindgarh Dam,7.1,1917.0,5,1
4078,Son,99,72,6856.83,Amjhari Dam,14.44,1975.0,58,7
4079,Tons,99,1,1.85,Rampur Kalyangarh Dam,20.72,1958.0,1,0
4080,Tons,99,22,140.24,Purwa Dam,24.91,1991.0,19,2
4081,Mahana,99,0,0.0,,,,0,0
4082,Mahana,99,0,0.0,,,,0,0
4083,Mahana,99,0,0.0,,,,0,0
4084,Tons,99,22,140.24,Purwa Dam,42.32,1991.0,19,2
4085,Sokar,99,1,4.75,Loni Dam,13.08,1965.0,1,0
4086,Tons,99,23,144.99,Loni Dam,13.79,1965.0,20,2
4087,Tons,2,0,0.0,,,,0,0
4089,Yamuna,99,0,0.0,,,,0,0
4090,Sasur Khaderi,99,0,0.0,,,,0,0
4091,Yamuna,99,0,0.0,,,,0,0
4092,Sasur Khaderi,99,0,0.0,,,,0,0
4093,Baghain,99,3,17.72,Rasin Dam,21.56,,2,0
4094,Yamuna,99,458,20543.74,Kabrai Dam,94.2,1955.0,342,81
4095,Yamuna,99,458,20543.74,Kabrai Dam,105.78,1955.0,342,81
4096,Yamuna,99,461,20561.46,Rasin Dam,56.53,,344,81
4097,Satna,99,0,0.0,,,,0,0
4098,Satna,99,4,17.55,Gonda Dam,12.9,1979.0,4,0
4099,Gudne,99,2,7.41,Amua Dam,6.18,1975.0,2,0
4100,Satna,99,6,29.65,Patharhatta Dam,5.97,1918.0,6,0
4101,Satna,99,3,20.85,Naktora Dam,11.81,1980.0,3,0
4102,Bhandar,99,2,8.04,Mehroi Dam,7.19,1990.0,2,0
4103,Katni,99,14,67.32,Dhangaon Dam,24.89,,12,0
4104,Son,99,16,75.35,Mehroi Dam,17.14,1990.0,14,0
4105,Son,99,34,224.81,Mungatola Dam,4.37,1994.0,28,3
4108,Betwa,99,2,94.67,Arjun Dam,14.46,1957.0,2,0
4109,Betwa,99,3,294.67,Maudaha Dam,5.84,2003.0,2,1
4110,Betwa,99,3,294.67,Maudaha Dam,27.76,2003.0,2,1
4111,Parwar,99,0,0.0,,,,0,0
4112,Betwa,99,99,4814.88,Keolari Dam,78.7,1966.0,79,12
4113,Betwa,99,102,5109.55,Maudaha Dam,50.25,2003.0,81,13
4114,Shyam,99,0,0.0,,,,0,0
4115,Yamuna,99,387,19867.99,Maudaha Dam,69.47,2003.0,279,74
4116,Yamuna,99,387,19867.99,Maudaha Dam,83.35,2003.0,279,74
4117,Yamuna,99,387,19867.99,Maudaha Dam,84.36,2003.0,279,74
4118,Sengur,99,0,0.0,,,,0,0
4119,Orai,99,0,0.0,,,,0,0
4120,Manmaheshwari,99,0,0.0,,,,0,0
4121,Betwa,99,99,4814.88,Barwar Dam,57.27,1923.0,79,12
4122,Ken,99,71,675.75,Kabrai Dam,63.15,1955.0,63,7
4123,Yamuna,99,458,20543.74,Kabrai Dam,73.7,1955.0,342,81
4124,Dehar,99,3,7.26,Nagda Nalla Dam,10.56,1964.0,3,0
4125,Sonar,99,2,14.55,Chhewla Dam,11.99,1985.0,2,0
4126,Sonar,99,5,21.81,Nagda Nalla Dam,25.47,1964.0,5,0
4128,Kurai,99,3,85.05,Saprar Dam,1.36,1952.0,3,0
4130,Kurai,99,4,132.85,Pahari Dam,7.26,1912.0,4,0
4131,Dhasan,99,4,17.46,Dharam Sagar Dam,12.86,1972.0,4,0
4132,Dhasan,99,20,123.69,Dharam Sagar Dam,27.05,1972.0,17,1
4133,Dhasan,99,26,284.75,Keolari Dam,17.24,1966.0,23,1
4134,Lakheri,99,3,163.7,Barwar Dam,16.18,1923.0,2,1
4135,Dhasan,99,29,448.45,Barwar Dam,30.29,1923.0,25,2
4136,Lakheri,99,0,0.0,,,,0,0
4137,Lakheri,99,3,163.7,Barwar Dam,2.53,1923.0,2,1
4138,Dhasan,99,0,0.0,,,,0,0
4139,Dhasan,99,29,448.45,Barwar Dam,37.88,1923.0,25,2
4140,Urmal,99,4,103.7,Salar Pur Dam,14.29,1960.0,3,1
4141,Dhasan,99,16,106.23,Bhirata Dam,5.74,1986.0,13,1
4142,Dhasan,99,0,0.0,,,,0,0
4143,Dhasan,99,3,0.62,Ratona Dam,11.43,1924.0,2,1
4144,Bina,99,4,10.52,Ghatera Dam,39.66,1956.0,2,2
4145,Dhasan,99,3,0.62,Bandri Dam,16.42,1974.0,2,1
4146,Dhasan,99,0,0.0,,,,0,0
4147,Bewas,99,4,101.1,Bhonhari Dam,13.92,1969.0,3,1
4148,Dhasan,99,5,62.32,Bila Dam,11.33,1973.0,4,1
4149,Dhasan,99,0,0.0,,,,0,0
4150,Kathan,99,3,4.59,Sadwa Dam,4.92,,2,0
4151,Kathan,99,1,2.6,Dudiyankhera Dam,12.74,1980.0,1,0
4152,Kathan,99,5,15.14,Sendpa Dam,8.77,1966.0,4,0
4153,Dhasan,99,8,76.59,Khurera Dam,9.26,1969.0,7,1
4154,Dhasan,99,3,5.37,Madan Sagar Dam,14.18,1966.0,3,0
4155,Shyamri,99,1,2.32,Bagha Nalla Dam,18.44,1975.0,1,0
4156,Urvashi,99,5,20.8,Harithone Dam,20.3,1981.0,4,0
4157,Betwa,99,40,2488.26,Rajghat Dam,8.05,2000.0,28,8
4158,Betwa,99,46,2512.93,Jhaloni Dam,13.95,1913.0,33,8
4159,Betwa,99,52,3736.57,Dhekwan Dam,8.19,1909.0,38,9
4160,Jamni,99,2,226.88,Shahjad Dam,13.37,1992.0,1,1
4161,Jamni,99,11,491.86,Veer Sagar Dam,10.92,1970.0,9,1
4162,Jamni,99,1,18.46,Rajendra Sagar Dam,8.71,1973.0,1,0
4163,Jamni,99,2,104.6,Jamni Dam,16.18,1973.0,2,0
4164,Sajnam,99,1,83.5,Sajnam Dam,21.57,1990.0,1,0
4165,Jamni,99,5,127.46,Ragura Dam,10.02,1976.0,4,0
4166,Jamni,99,6,210.96,Deep Sagar Dam,21.2,,5,0
4167,Narain,99,0,0.0,,,,0,0
4168,Jamni,99,8,437.84,Shahjad Dam,16.39,1992.0,6,1
4169,Jamni,99,3,54.02,Nandanwara Dam,7.06,1964.0,3,0
4171,Bina,99,0,0.0,,,,0,0
4172,Bina,99,4,10.52,Padaria Dam,16.27,2004.0,2,2
4173,Kevtan,99,2,9.33,Jajone Dam,12.18,1968.0,1,1
4174,Bina,99,5,10.52,Bachhlon Dam,17.83,1989.0,3,2
4175,Betwa,99,29,248.62,Jajone Dam,19.46,1968.0,20,5
4176,Betwa,99,29,248.62,Jajone Dam,25.53,1968.0,20,5
4177,Betwa,99,34,259.15,Jajone Dam,38.87,1968.0,23,7
4178,Kethan,99,5,57.11,Koncha Dam,11.27,1973.0,5,0
4179,Betwa,99,39,316.26,Mola Dam,28.87,1956.0,28,7
4180,Naren,99,0,0.0,,,,0,0
4181,Betwa,99,27,239.3,Naren Dam,23.08,1981.0,19,4
4182,Betwa,99,0,0.0,,,,0,0
4183,Betwa,99,39,316.26,Mola Dam,37.29,1956.0,28,7
4184,Narain,99,0,0.0,,,,0,0
4185,Betwa,99,39,316.26,Mola Dam,39.99,1956.0,28,7
4186,Sanr,99,0,0.0,,,,0,0
4187,Betwa,99,0,0.0,,,,0,0
4188,Urvashi,99,4,19.8,Keshopur Dam,12.65,1916.0,3,0
4189,Urvashi,99,0,0.0,,,,0,0
4190,Betwa,99,3,19.41,Chikhali Dam,12.44,,2,0
4191,Ajmar,99,6,105.12,Kaliasote Dam,4.65,1988.0,5,1
4192,Halali,99,5,37.45,S. Ashok Sagar Dam,5.83,,3,1
4194,Betwa,99,16,155.35,Sudra Dam,8.5,1958.0,12,2
4195,Betwa,99,21,192.8,Jambar Dam,9.63,1964.0,15,3
4196,Betwa,99,2,7.39,Amrabad Dam,24.71,1978.0,1,0
4197,Betwa,99,23,200.19,Jambar Dam,19.31,1964.0,16,3
4198,Baen,99,2,17.28,Garethia Dam,14.11,1991.0,1,1
4199,Sagar,99,2,21.83,Bardha Dam,13.56,1930.0,2,0
4200,Betwa,99,25,217.47,Banda Bedra Dam,8.55,1957.0,17,4
4202,Jalkur,99,0,0.0,,,,0,0
4203,Bhagirathi,99,1,0.6,Maneri Stage I Dam,35.05,1984.0,1,0
4204,Bhillangana,99,0,0.0,,,,0,0
4205,Bhagirathi,99,3,3629.5,Koteshwar Hep Dam,2.67,2011.0,1,2
4206,Lastar,99,0,0.0,,,,0,0
4207,Bal Ganga,99,0,0.0,,,,0,0
4208,Mandakini,99,2,0.12,Phata Bhyung Dam,7.25,2012.0,0,2
4209,Bhillangana,99,0,0.0,,,,0,0
4210,Mandakini,99,2,0.12,Phata Bhyung Dam,21.59,2012.0,0,2
4211,Mandakini,99,2,0.12,Phata Bhyung Dam,33.9,2012.0,0,2
4212,Alaknanda,2,6,442.81,Srinagar Dam,5.01,2014.0,0,6
4213,Nayar,99,0,0.0,,,,0,0
4214,Ganga,1,9,4072.31,Koteshwar Hep Dam,19.85,2011.0,1,8
4215,Ganga,1,9,4072.31,Koteshwar Hep Dam,19.93,2011.0,1,8
4216,Pashchimi Nayar,99,0,0.0,,,,0,0
4217,Purvi Nayar,99,0,0.0,,,,0,0
4218,Hiyuni,2,0,0.0,,,,0,0
4219,Ganga,1,9,4072.31,Koteshwar Hep Dam,18.45,2011.0,1,8
4220,Alaknanda,2,3,364.69,Vishnu Gad Pipalkoti Hep Dam,32.03,2019.0,0,3
4221,Alaknanda,2,3,364.69,Vishnu Gad Pipalkoti Hep Dam,44.89,2019.0,0,3
4222,Madhmaheshwar Ganga,99,0,0.0,,,,0,0
4223,Jadh Ganga,99,0,0.0,,,,0,0
4224,Jadhang,99,0,0.0,,,,0,0
4226,Mana,99,0,0.0,,,,0,0
4227,Jadh Ganga,99,0,0.0,,,,0,0
4228,Bhagirathi,99,0,0.0,,,,0,0
4229,Jadh Ganga,99,0,0.0,,,,0,0
4230,Jadh Ganga,99,0,0.0,,,,0,0
4231,Jadh Ganga,99,0,0.0,,,,0,0
4232,Yamuna,2,473,20725.69,Kotra Khambha Dam,11.13,1915.0,355,82
4233,Dhauli Ganga,99,0,0.0,,,,0,0
4234,Girthi Ganga,99,0,0.0,,,,0,0
4235,Dhauli Ganga,99,0,0.0,,,,0,0
4236,Rishi Ganga,99,0,0.0,,,,0,0
4237,Dhauli Ganga,99,2,1.69,Lata Tapovan (Ntpc) Dam,3.34,2023.0,0,2
4238,Alaknanda,99,0,0.0,,,,0,0
4239,Birahi Ganga,99,0,0.0,,,,0,0
4240,Alaknanda,99,3,364.69,Vishnu Gad Pipalkoti Hep Dam,3.97,2019.0,0,3
4241,Alaknanda,99,3,364.69,Vishnu Gad Pipalkoti Hep Dam,20.79,2019.0,0,3
4242,Nandakini,3,0,0.0,,,,0,0
4243,Kail Ganga,99,0,0.0,,,,0,0
4244,Pindar,99,0,0.0,,,,0,0
4245,Usra,99,0,0.0,,,,0,0
4246,Garara,99,0,0.0,,,,0,0
4247,Paisuni,99,4,71.06,Maro Dam,2.65,1975.0,4,0
4248,Baghain,99,0,0.0,,,,0,0
4249,Baghain,99,2,1.49,Bhawanipur Dam,21.86,1981.0,2,0
4250,Ken,99,68,626.4,Ghoora Dam,35.84,2000.0,60,7
4251,Yamuna,99,461,20561.46,Rasin Dam,60.12,,344,81
4252,Yamuna,99,0,0.0,,,,0,0
4253,Paisuni,99,4,71.06,Maro Dam,30.49,1975.0,4,0
4254,Yamuna,99,465,20632.52,Ohen (Balmiki) Dam,31.39,1962.0,348,81
4255,Paisuni,99,0,0.0,,,,0,0
4256,Yamuna,2,4,72.97,Bardha Dam,12.4,1930.0,3,1
4257,Ken,99,0,0.0,,,,0,0
4258,Ken,99,1,0.0,Virat Sagar Dam,22.0,1550.0,1,0
4259,Ken,99,68,626.4,Salar Pur Dam,49.55,1960.0,60,7
4260,Ken,99,69,626.4,Virat Sagar Dam,48.39,1550.0,61,7
4261,Shyam,99,0,0.0,,,,0,0
4262,Shyam,99,2,49.35,Kabrai Dam,31.29,1955.0,2,0
4263,Shyam,99,2,49.35,Kabrai Dam,41.52,1955.0,2,0
4264,Shyam,99,2,49.35,Kabrai Dam,54.32,1955.0,2,0
4265,Shyam,99,0,0.0,,,,0,0
4266,Shyam,99,2,49.35,Chandrawal Dam,16.77,1973.0,2,0
4267,Shyamri,99,0,0.0,,,,0,0
4268,Mirhasan,99,5,6.45,Rampura Dam,12.36,1989.0,5,0
4269,Shyamri,99,1,2.32,Bagha Nalla Dam,32.54,1975.0,1,0
4270,Ken,99,11,25.18,Chiraha Dam,23.41,1976.0,10,0
4271,Sonar,99,39,214.05,Teergarh Dam,46.19,2001.0,36,3
4272,Ken,99,50,239.24,Chiraha Dam,30.66,1976.0,46,3
4273,Ken,99,55,245.69,Rampura Dam,21.87,1989.0,51,3
4274,Ken,99,57,306.48,Gangau Dam,0.62,1915.0,53,3
4275,Sonar,99,11,127.97,Vindhya Wasini Dam,54.46,1986.0,10,1
4276,Banne,99,4,178.8,Rangawan Dam,4.13,1988.0,2,2
4277,Ken,99,63,519.21,Beniganj Dam,12.83,1974.0,57,5
4278,Banne,99,3,14.56,Burha Dam,13.53,1969.0,1,2
4279,Banne,99,0,0.0,,,,0,0
4280,Khudar,99,0,0.0,,,,0,0
4281,Ken,99,63,519.21,Beniganj Dam,23.0,1974.0,57,5
4282,Kutni,99,1,3.5,Ghoora Dam,3.6,2000.0,0,1
4283,Ken,99,64,522.7,Ghoora Dam,9.98,2000.0,57,6
4285,Bearma,99,5,9.9,Belhara Dam,8.83,1981.0,5,0
4286,Bearma,99,5,9.9,Jalheridhana Dam,9.74,1958.0,5,0
4287,Bearma,99,5,17.48,Tejgarh Dam,4.66,1961.0,5,0
4288,Bearma,99,2,20.26,Mala Dam,9.7,1929.0,2,0
4289,Bearma,99,14,32.47,Jumnera Dam,5.22,1910.0,14,0
4290,Bearma,99,21,63.78,Pondi Dam,4.23,1974.0,20,1
4291,Bearma,99,6,14.39,Kulwa Dam,4.98,1967.0,6,0
4292,Bearma,99,28,86.08,Teergarh Dam,4.8,2001.0,26,2
4293,Bearma,99,0,0.0,,,,0,0
4294,Bearma,99,28,86.08,Teergarh Dam,27.11,2001.0,26,2
4295,Sonar,99,0,0.0,,,,0,0
4296,Kopra,99,2,5.07,Basni Dam,10.8,1979.0,2,0
4297,Sonar,99,9,122.91,Vindhya Wasini Dam,33.21,1986.0,8,1
4298,Sonar,99,11,127.97,Jamunia Dam,36.04,1981.0,10,1
4299,Ken,99,2,3.27,Katra Dam,8.64,,1,0
4300,Katni,99,6,27.12,Amadi Dam,12.89,1927.0,6,0
4301,Patne,99,7,14.51,Imalia Dam,15.08,1979.0,7,0
4302,Ken,99,4,10.68,Amua Dam,16.73,1975.0,3,0
4303,Sonar,99,0,0.0,,,,0,0
4304,Bewas,99,0,0.0,,,,0,0
4305,Bewas,99,4,101.1,Vindhya Wasini Dam,25.31,1986.0,3,1
4306,Sonar,99,5,21.81,Nagda Nalla Dam,46.02,1964.0,5,0
4307,Bearma,99,0,0.0,,,,0,0
4308,Bearma,99,2,7.42,Bansichikhli Dam,5.52,1990.0,2,0
4326,Rihand,99,1,1.55,Bajiya Dam,26.88,1992.0,0,1
4327,Rihand,99,1,1.55,Bajiya Dam,41.85,1992.0,0,1
4328,Neur,99,0,0.0,,,,0,0
4329,Gopat,99,0,0.0,,,,0,0
4330,Gopat,99,3,14.59,Chhotakidhar Dam,1.09,,1,0
4331,Gopat,99,1,4.2,Bamraha Dam,0.19,1975.0,1,0
4332,Gopat,99,9,42.06,Mahuagaon Dam,5.12,1991.0,5,2
4333,Gopat,99,1,1.46,Ahilo Dam,8.73,2001.0,0,1
4334,Gopat,99,15,54.89,Nibuha Dam,4.51,1975.0,9,4
4335,Gopat,99,8,145.21,Pokharidul Dam,7.77,,4,1
4336,Mayar,99,7,11.68,Basaura Dam,2.33,1986.0,6,0
4338,Son,99,0,0.0,,,,0,0
4339,Son,99,0,0.0,,,,0,0
4340,Rihand,99,14,10829.59,Obra Dam,12.56,1970.0,9,4
4341,Son,99,104,7080.48,Kargara Dam,8.38,1978.0,79,13
4342,Son,99,118,17910.07,Kargara Dam,10.0,1978.0,88,17
4343,Kanhar,99,0,0.0,,,,0,0
4344,Mawai,99,1,7.73,Sehra Dam,14.03,,0,0
4345,Banas,99,0,0.0,,,,0,0
4346,Banas,99,1,7.73,Sehra Dam,21.98,,0,0
4347,Banas,99,3,4.65,Chitron Dam,13.37,1979.0,3,0
4348,Banas,99,4,12.38,Chitron Dam,24.43,1979.0,3,0
4349,Son,99,1,1.47,Lakhnoute Dam,16.15,1983.0,1,0
4350,Banas,99,0,0.0,,,,0,0
4351,Banas,99,5,14.01,Khadda Dam,6.1,2002.0,3,1
4352,Banas,99,2,2.97,Akhetpur Dam,3.14,1983.0,2,0
4353,Banas,99,9,29.04,Budwa Dam,10.26,1972.0,6,2
4354,Banas,99,5,144.25,Mahan Dam,1.24,2009.0,4,1
4355,Banas,99,14,173.29,Mahan Dam,10.84,2009.0,10,3
4356,Son,99,58,6683.54,Madhwani (Ncfl) Dam,8.46,1974.0,48,4
4357,Son,99,0,0.0,,,,0,0
4358,Gopat,99,0,0.0,,,,0,0
4359,Goini,99,0,0.0,,,,0,0
4360,Son,99,0,0.0,,,,0,0
4361,Son,99,30,220.38,Buchki Dam,19.39,1980.0,25,2
4362,Son,99,30,220.38,Buchki Dam,22.45,1980.0,25,2
4369,Katni,99,8,40.2,Khitoli Dam,10.74,1977.0,6,0
4370,Katni,99,8,40.2,Dhangaon Dam,8.61,,6,0
4371,Ghodchhatra,99,1,0.95,Ratheli Dam,12.08,1976.0,1,0
4372,Johilla,99,13,192.52,Tikara Dam,12.23,1983.0,13,0
4373,Johilla,99,15,194.43,Buchki Dam,2.09,1980.0,15,0
4374,Son,99,3,4.9,Deori Dam,1.51,1978.0,3,0
4375,Son,99,55,6678.64,Chateni Dam,10.1,1988.0,45,4
4376,Son,99,0,0.0,,,,0,0
4377,Gohirari,99,0,0.0,,,,0,0
4378,Tipan,99,4,3.99,Kantoor Nalla Dam,10.76,1988.0,4,0
4379,Son,99,1,3.08,Latar Dam,7.51,1976.0,1,0
4380,Son,99,2,7.91,Sidoli Dam,6.74,1980.0,2,0
4381,Son,99,6,11.89,Sidoli Dam,7.62,1980.0,6,0
4382,Son,99,6,11.89,Sidoli Dam,20.17,1980.0,6,0
4383,Son,99,12,21.47,Pongri Dam,6.42,1981.0,9,1
4384,Son,99,5,8.67,Haridi Dam,5.63,,2,1
4385,Kunu,99,3,4.49,Kuni Dam,13.29,,1,1
4386,Son,99,15,25.95,Silpari Dam,6.65,1988.0,10,2
4387,Son,99,0,0.0,,,,0,0
4388,Son,99,15,25.95,Kuni Dam,19.54,,10,2
4396,Ghaghara,99,0,0.0,,,,0,0
4397,Ghaghara,99,14,1058.56,Patkhauli Dam,208.89,,8,4
4398,Ghaghara,99,0,0.0,,,,0,0
4399,Ghaghara,99,14,1058.56,Patkhauli Dam,228.45,,8,4
4400,Ganga,1,0,0.0,,,,0,0
4401,Ganga,1,14,1058.56,Patkhauli Dam,240.32,,8,4
4402,Ganga,1,558,27858.39,Gointha Dam,92.68,1992.0,422,96
4404,Ganga,1,558,27858.39,Gointha Dam,112.0,1992.0,422,96
4405,Ghaghara,99,572,28916.95,Gointha Dam,127.33,1992.0,430,100
4406,Ganga,1,0,0.0,,,,0,0
4407,Ganga,1,572,28916.95,Gointha Dam,138.85,1992.0,430,100
4409,Ganga,1,0,0.0,,,,0,0
4410,Ganga,1,0,0.0,,,,0,0
4411,Son,99,153,19540.32,Dhankai Dam,107.62,1979.0,114,20
4414,Rapti,99,0,0.0,,,,0,0
4415,Rapti,99,0,0.0,,,,0,0
4416,Rapti,99,8,468.45,Chittaurgarh Dam,157.31,1985.0,7,0
4417,Rapti,99,8,468.45,Chittaurgarh Dam,172.96,1985.0,7,0
4418,Ghaghara,99,6,590.12,Patkhauli Dam,124.21,,1,4
4419,Ghaghara,99,14,1058.56,Patkhauli Dam,137.99,,8,4
4420,Ghaghara,99,0,0.0,,,,0,0
4421,Ghaghara,99,14,1058.56,Patkhauli Dam,159.49,,8,4
4422,Ghaghi,99,0,0.0,,,,0,0
4423,Ghaghi,99,0,0.0,,,,0,0
4424,Ghaghara,99,0,0.0,,,,0,0
4425,Ghaghara,99,14,1058.56,Patkhauli Dam,175.53,,8,4
4428,Rapti,99,0,0.0,,,,0,0
4429,Bansi,99,0,0.0,,,,0,0
4430,Gandak,99,0,0.0,,,,0,0
4431,Gandak,99,0,0.0,,,,0,0
4432,Ghaghara,99,0,0.0,,,,0,0
4433,Gandak,99,0,0.0,,,,0,0
4434,Gandak,99,0,0.0,,,,0,0
4435,Ghaghara,99,14,1058.56,Patkhauli Dam,188.89,,8,4
4436,Ghaghara,99,0,0.0,,,,0,0
4437,Tamasa,99,0,0.0,,,,0,0
4438,Gandak,99,0,0.0,,,,0,0
4439,Rohini,99,0,0.0,,,,0,0
4440,Rohini,99,0,0.0,,,,0,0
4441,Dande,99,0,0.0,,,,0,0
4442,Gandak,99,0,0.0,,,,0,0
4443,Rohini,99,0,0.0,,,,0,0
4444,Rohini,99,0,0.0,,,,0,0
4445,Rohini,99,0,0.0,,,,0,0
4446,Danau,99,0,0.0,,,,0,0
4447,Rohini,99,0,0.0,,,,0,0
4448,Rohini,99,0,0.0,,,,0,0
4449,Rapti,99,8,468.45,Chittaurgarh Dam,100.42,1985.0,7,0
4450,Aami,99,0,0.0,,,,0,0
4451,Rapti,99,8,468.45,Chittaurgarh Dam,131.59,1985.0,7,0
4453,Aami,99,0,0.0,,,,0,0
4456,Rapti,99,4,21.96,Khairman Dam,37.5,1958.0,3,0
4457,Rapti,99,4,446.49,Chittaurgarh Dam,58.56,1985.0,4,0
4458,Rapti,99,4,21.96,Khairman Dam,98.4,1958.0,3,0
4459,Rapti,99,8,468.45,Chittaurgarh Dam,72.63,1985.0,7,0
4460,Rapti,99,0,0.0,,,,0,0
4461,Manorama,99,1,163.0,Patkhauli Dam,49.29,,0,0
4462,Ghaghara,99,1,163.0,Patkhauli Dam,73.0,,0,0
4463,Ghaghara,99,5,427.12,Sarda Sagar Dam,374.27,1962.0,1,4
4464,Ghaghara,99,0,0.0,,,,0,0
4465,Ghaghara,99,6,590.12,Patkhauli Dam,109.82,,1,4
4490,Gandak,99,0,0.0,,,,0,0
4491,Gandak,99,0,0.0,,,,0,0
4493,Gandak,99,0,0.0,,,,0,0
4507,Gandak,99,0,0.0,,,,0,0
4508,Gandak,99,0,0.0,,,,0,0
4525,Gandak,99,0,0.0,,,,0,0
4535,Ganga,1,0,0.0,,,,0,0
4536,Adari,99,0,0.0,,,,0,0
4537,Dharmauti,99,0,0.0,,,,0,0
4538,Punpun,99,0,0.0,,,,0,0
4539,Madad,99,0,0.0,,,,0,0
4540,Punpun,99,0,0.0,,,,0,0
4541,Sorhur,99,0,0.0,,,,0,0
4542,Ganga,1,0,0.0,,,,0,0
4543,Batane,99,3,1383.86,North Koel Dam,6.64,,2,0
4544,Dharmauti,99,0,0.0,,,,0,0
4545,Ganga,1,0,0.0,,,,0,0
4547,Punpun,2,0,0.0,,,,0,0
4548,Dardha,99,0,0.0,,,,0,0
4549,Madad,99,0,0.0,,,,0,0
4550,Morhar,99,0,0.0,,,,0,0
4551,Dharmauti,99,0,0.0,,,,0,0
4552,Ganga,1,0,0.0,,,,0,0
4553,Punpun,2,3,1383.86,North Koel Dam,32.27,,2,0
4554,Madad,99,0,0.0,,,,0,0
4555,Mohana,99,1,12.34,Buksa Dam,29.88,1982.0,1,0
4556,Lilajan,99,3,9.44,Sudhari Nala Dam,19.65,,2,0
4557,Punpun,2,3,1383.86,North Koel Dam,40.58,,2,0
4558,Morhar,99,0,0.0,,,,0,0
4559,Dardha,99,0,0.0,,,,0,0
4560,Punpun,2,3,1383.86,North Koel Dam,64.23,,2,0
4561,Phalgu,99,4,21.78,Satgharwa (N.F) Dam,52.5,1976.0,3,0
4562,Punpun,2,3,1383.86,North Koel Dam,107.53,,2,0
4563,Tamasa,2,0,0.0,,,,0,0
4564,Ganga,1,0,0.0,,,,0,0
4565,Koel,99,8,335.56,Dhankai Dam,27.54,1979.0,5,0
4566,Son,99,145,19204.76,Chatania Ghat Dam,23.2,1984.0,109,20
4567,Ganga,1,558,27858.39,Gointha Dam,42.81,1992.0,422,96
4568,Ganga,1,558,27858.39,Gointha Dam,53.13,1992.0,422,96
4569,Ganga,1,558,27858.39,Gointha Dam,71.15,1992.0,422,96
4570,Ganga,1,558,27858.39,Gointha Dam,103.38,1992.0,422,96
4571,Gandak,99,0,0.0,,,,0,0
4572,Gandak,99,0,0.0,,,,0,0
4573,Gandak,99,0,0.0,,,,0,0
4574,Gandak,2,0,0.0,,,,0,0
4575,Baya,99,0,0.0,,,,0,0
4576,Burhi Gandak,99,0,0.0,,,,0,0
4577,Gandak,2,0,0.0,,,,0,0
4578,Ganga,1,0,0.0,,,,0,0
4587,Sukri,99,0,0.0,,,,0,0
4588,Auranga,99,0,0.0,,,,0,0
4589,Auranga,99,1,0.0,Malay Dam,6.66,1985.0,1,0
4590,Koel,99,0,0.0,,,,0,0
4591,Jinjoi,99,0,0.0,,,,0,0
4592,Maila,99,0,0.0,,,,0,0
4593,Amanat,99,2,137.62,Amanat Dam,7.6,,0,0
4594,Amanat,99,2,137.62,Amanat Dam,46.99,,0,0
4595,Amanat,99,2,137.62,Amanat Dam,50.53,,0,0
4596,Koel,99,2,3.48,Butan-Duba Dam,8.03,1985.0,2,0
4597,Tahle,99,2,191.3,Tahlay Dam,3.05,,1,0
4598,Koel,99,4,141.1,Butan-Duba Dam,23.58,1985.0,2,0
4599,Danru,99,0,0.0,,,,0,0
4600,Koel,99,7,333.25,Dhankai Dam,6.48,1979.0,4,0
4601,Koel,99,7,333.25,Dhankai Dam,12.51,1979.0,4,0
4602,Kanhar,99,7,48.19,Ramchandrapur T. Dam,7.01,1994.0,5,1
4603,Banki,99,0,0.0,,,,0,0
4604,Barhki,99,1,2.31,Babhani Khand Dam,22.65,1987.0,1,0
4605,Koel,99,7,333.25,Dhankai Dam,19.82,1979.0,4,0
4607,Kanhar,99,0,0.0,,,,0,0
4608,Kanhar,99,0,0.0,,,,0,0
4610,Kanhar,99,2,2.76,Bakia Dam,15.4,1992.0,1,1
4611,Kanhar,99,12,950.1,Rajkhar Dam,8.19,1957.0,9,2
4612,Panda,99,2,5.49,Chatania Ghat Dam,4.53,1984.0,2,0
4613,Son,99,127,18090.38,Kota Dam,3.81,1960.0,94,18
4614,Son,99,143,19199.26,Dhartidolwa Dam,10.2,1958.0,107,20
4615,Chaupat,99,0,0.0,,,,0,0
4616,Koel,99,0,0.0,,,,0,0
4617,Burha,99,0,0.0,,,,0,0
4618,Rihand,99,1,1.55,Bajiya Dam,15.07,1992.0,0,1
4619,Rihand,99,0,0.0,,,,0,0
4620,Mayar,99,0,0.0,,,,0,0
4621,Rihand,99,7,11.68,Garra Dam,8.12,1984.0,6,0
4622,Rihand,99,10,16.38,Majholi Dam,8.74,1985.0,7,2
4624,Kanhar,99,0,0.0,,,,0,0
4644,Bhada,99,0,0.0,,,,0,0
4657,Ghaghara,99,0,0.0,,,,0,0
4658,Ghaghara,99,0,0.0,,,,0,0
4659,Ghaghara,99,0,0.0,,,,0,0
4715,Tamasa,2,0,0.0,,,,0,0
4716,Tamasa,2,0,0.0,,,,0,0
4718,Kuthi Yankti,99,0,0.0,,,,0,0
4719,Ghaghara,99,0,0.0,,,,0,0
4720,Manorama,99,0,0.0,,,,0,0
4721,Ghaghara,99,0,0.0,,,,0,0
4722,Ghaghara,99,5,427.12,Sarda Sagar Dam,284.97,1962.0,1,4
4723,Ghaghara,99,5,427.12,Sarda Sagar Dam,298.18,1962.0,1,4
4724,Ghaghara,99,5,427.12,Sarda Sagar Dam,327.33,1962.0,1,4
4725,Ghaghara,99,0,0.0,,,,0,0
4726,Karmanasa,99,2,316.03,Kohira Dam,31.73,1962.0,1,1
4727,Karmanasa,99,2,316.03,Kohira Dam,42.79,1962.0,1,1
4728,Karmanasa,99,4,489.53,Kohira Dam,51.47,1962.0,3,1
4729,Karmanasa,2,0,0.0,,,,0,0
4730,Karmanasa,2,0,0.0,,,,0,0
4731,Surai,99,0,0.0,,,,0,0
4732,Rapti,99,0,0.0,,,,0,0
4733,Banganga,99,0,0.0,,,,0,0
4734,Banganga,99,0,0.0,,,,0,0
4735,Banganga,99,0,0.0,,,,0,0
4736,Sotwa,99,4,446.49,Chittaurgarh Dam,26.37,1985.0,4,0
4737,Sotwa,99,4,446.49,Chittaurgarh Dam,40.37,1985.0,4,0
4738,Jamwar,99,0,0.0,,,,0,0
4739,Danau,99,0,0.0,,,,0,0
4740,Danau,99,0,0.0,,,,0,0
4741,Danau,99,0,0.0,,,,0,0
4742,Jamwar,99,0,0.0,,,,0,0
4743,Jamwar,99,0,0.0,,,,0,0
4747,Rapti,99,0,0.0,,,,0,0
4749,Rapti,99,0,0.0,,,,0,0
4750,Rapti,99,4,21.96,Ghoghwa Dam,18.76,,3,0
4751,Rapti,99,0,0.0,,,,0,0
4752,Bhada,99,0,0.0,,,,0,0
4756,Sotwa,99,1,9.25,Girgitahi Dam,21.37,1966.0,1,0
4757,Sarju,99,0,0.0,,,,0,0
4759,Sotwa,99,4,446.49,Chittaurgarh Dam,19.32,1985.0,4,0
4760,Ghaghara,99,0,0.0,,,,0,0
4761,Ghaghara,99,5,427.12,Sarda Sagar Dam,404.64,1962.0,1,4
4762,Ghaghara,99,6,590.12,Patkhauli Dam,94.07,,1,4
4763,Sarju,99,0,0.0,,,,0,0
4765,Ghaghara,99,0,0.0,,,,0,0
4766,Manorama,99,1,163.0,Patkhauli Dam,18.23,,0,0
4767,Manorama,99,1,163.0,Patkhauli Dam,30.13,,0,0
4768,Ghaghara,99,5,427.12,Sarda Sagar Dam,262.63,1962.0,1,4
4770,Man,99,0,0.0,,,,0,0
4771,Ghaghara,99,0,0.0,,,,0,0
4772,Babai,99,0,0.0,,,,0,0
4773,Babai,99,0,0.0,,,,0,0
4774,Ghaghara,99,0,0.0,,,,0,0
4775,Babai,99,0,0.0,,,,0,0
4776,Ghaghara,99,0,0.0,,,,0,0
4777,Sharda,99,5,427.12,Sarda Sagar Dam,169.61,1962.0,1,4
4778,Sharda,99,5,427.12,Sarda Sagar Dam,147.59,1962.0,1,4
4779,Mohana,99,0,0.0,,,,0,0
4780,Sharda,99,0,0.0,,,,0,0
4781,Mohana,99,0,0.0,,,,0,0
4782,Mohana,99,0,0.0,,,,0,0
4783,Suheli,99,0,0.0,,,,0,0
4784,Mohana,99,0,0.0,,,,0,0
4785,Mohana,99,0,0.0,,,,0,0
4786,Suheli,99,0,0.0,,,,0,0
4787,Surna,99,0,0.0,,,,0,0
4788,Surna,99,0,0.0,,,,0,0
4789,Surna,99,0,0.0,,,,0,0
4790,Sharda,99,2,7.42,Dhauliganga Dam,57.22,2005.0,0,2
4791,Sharda,99,2,7.42,Dhauliganga Dam,86.85,2005.0,0,2
4792,Sharda,99,2,7.42,Dhauliganga Dam,73.02,2005.0,0,2
4793,Mahakali,99,2,7.42,Dhauliganga Dam,94.41,2005.0,0,2
4794,Sarju,99,0,0.0,,,,0,0
4795,Mahakali,99,0,0.0,,,,0,0
4796,Sharda,99,1,406.26,Sarda Sagar Dam,6.85,1962.0,1,0
4797,Sharda,99,0,0.0,,,,0,0
4798,Mahakali,99,4,20.86,Tanakpur Dam,4.64,1992.0,0,4
4799,Mohana,99,0,0.0,,,,0,0
4800,Mohana,99,0,0.0,,,,0,0
4801,Darma Yankti,99,0,0.0,,,,0,0
4802,Lassar Yankti,99,0,0.0,,,,0,0
4803,Darma Yankti,99,1,6.2,Dhauliganga Dam,13.89,2005.0,0,1
4804,Sharda,99,0,0.0,,,,0,0
4805,Sharda,99,1,6.2,Dhauliganga Dam,17.49,2005.0,0,1
4806,Goriganga,99,1,1.22,Bogudiyaar Sirkari Bhyol Dam,26.54,2012.0,0,1
4807,Mahakali,99,2,7.42,Dhauliganga Dam,37.53,2005.0,0,2
4808,Ramganga,99,0,0.0,,,,0,0
4809,Sarju,99,0,0.0,,,,0,0
4810,Sarju,99,0,0.0,,,,0,0
4811,Panar,99,0,0.0,,,,0,0
4812,Sarju,99,0,0.0,,,,0,0
4813,Mahakali,99,0,0.0,,,,0,0
4814,Jaulaha,99,0,0.0,,,,0,0
4815,Keshaliya,99,0,0.0,,,,0,0
4816,Singhyahi,99,0,0.0,,,,0,0
4817,Parman,99,0,0.0,,,,0,0
4818,Keshaliya,99,0,0.0,,,,0,0
4820,Bakra,99,0,0.0,,,,0,0
4822,Parman,99,0,0.0,,,,0,0
4823,Keshaliya,99,0,0.0,,,,0,0
4824,Ratua,99,0,0.0,,,,0,0
4825,Panar,99,0,0.0,,,,0,0
4826,Kankai,99,0,0.0,,,,0,0
4827,Mahananda,99,0,0.0,,,,0,0
4828,Mahananda,99,0,0.0,,,,0,0
4829,Mahananda,99,0,0.0,,,,0,0
4830,Sui,99,0,0.0,,,,0,0
4831,Kalindri,99,0,0.0,,,,0,0
4832,Ganga,1,0,0.0,,,,0,0
4833,Kosi,99,0,0.0,,,,0,0
4834,Ganga,1,30,2202.14,Bilashi Dam,81.53,2001.0,23,4
4835,Ganga,1,30,2202.14,Bilashi Dam,87.07,2001.0,23,4
4836,Ganga,1,30,2202.14,Bilashi Dam,96.04,2001.0,23,4
4837,Ganga,1,0,0.0,,,,0,0
4838,Ganga,1,30,2202.14,Bilashi Dam,101.55,2001.0,23,4
4839,Marai,99,0,0.0,,,,0,0
4840,Balasan,99,0,0.0,,,,0,0
4841,Mahananda,99,0,0.0,,,,0,0
4842,Mechi,99,0,0.0,,,,0,0
4843,Mahananda,99,0,0.0,,,,0,0
4844,Mechi,99,0,0.0,,,,0,0
4845,Dahuk,99,0,0.0,,,,0,0
4846,Mechi,99,0,0.0,,,,0,0
4847,Mahananda,99,0,0.0,,,,0,0
4848,Mahananda,99,0,0.0,,,,0,0
4850,Kankai,99,0,0.0,,,,0,0
4851,Nagar,99,0,0.0,,,,0,0
4852,Sudhani,99,0,0.0,,,,0,0
4853,Mahananda,99,0,0.0,,,,0,0
4854,Kankai,99,0,0.0,,,,0,0
4855,Kankai,99,0,0.0,,,,0,0
4856,Kankai,99,0,0.0,,,,0,0
4857,Kosi,99,0,0.0,,,,0,0
4858,Kosi,99,0,0.0,,,,0,0
4859,Kosi,99,0,0.0,,,,0,0
4860,Kosi,99,0,0.0,,,,0,0
4861,Kosi,99,0,0.0,,,,0,0
4862,Kosi,99,0,0.0,,,,0,0
4863,Ganga,1,30,2202.14,Bilashi Dam,71.68,2001.0,23,4
4864,Ganga,1,30,2202.14,Bilashi Dam,59.33,2001.0,23,4
4865,Ganga,1,0,0.0,,,,0,0
4866,Kosi,99,0,0.0,,,,0,0
4867,Lohra,99,0,0.0,,,,0,0
4868,Balasan,99,0,0.0,,,,0,0
4872,Bagmati,99,0,0.0,,,,0,0
4873,Balan,99,0,0.0,,,,0,0
4875,Kamala,99,0,0.0,,,,0,0
4876,Kosi,99,0,0.0,,,,0,0
4877,Kosi,99,0,0.0,,,,0,0
4879,Kosi,99,0,0.0,,,,0,0
4880,Bagmati,99,0,0.0,,,,0,0
4881,Burhi Gandak,99,0,0.0,,,,0,0
4882,Bagmati,99,0,0.0,,,,0,0
4883,Kosi,99,0,0.0,,,,0,0
4884,Kosi,99,0,0.0,,,,0,0
4885,Kosi,99,0,0.0,,,,0,0
4886,Kosi,99,0,0.0,,,,0,0
4888,Kosi,99,0,0.0,,,,0,0
4889,Kosi,99,0,0.0,,,,0,0
4891,Balan,99,0,0.0,,,,0,0
4892,Kosi,99,0,0.0,,,,0,0
4893,Kosi,99,0,0.0,,,,0,0
4895,Kosi,99,0,0.0,,,,0,0
4896,Kosi,99,0,0.0,,,,0,0
4897,Bagmati,99,0,0.0,,,,0,0
4898,Kosi,99,0,0.0,,,,0,0
4900,Kosi,99,0,0.0,,,,0,0
4901,Burhi Gandak,99,0,0.0,,,,0,0
4902,Kosi,99,0,0.0,,,,0,0
4904,Kosi,99,0,0.0,,,,0,0
4907,Bagmati,99,0,0.0,,,,0,0
4910,Bagmati,99,0,0.0,,,,0,0
4911,Bagmati,99,0,0.0,,,,0,0
4913,Bagmati,99,0,0.0,,,,0,0
4914,Lakhandei,99,0,0.0,,,,0,0
4915,Jhim,99,0,0.0,,,,0,0
4916,Bagmati,99,0,0.0,,,,0,0
4917,Burhi Gandak,99,0,0.0,,,,0,0
4918,Bakalya,99,0,0.0,,,,0,0
4919,Bagmati,99,0,0.0,,,,0,0
4921,Bagmati,99,0,0.0,,,,0,0
4922,Burhi Gandak,99,0,0.0,,,,0,0
4924,Bagmati,99,0,0.0,,,,0,0
4925,Bagmati,99,0,0.0,,,,0,0
4926,Rato,99,0,0.0,,,,0,0
4927,Mahara,99,0,0.0,,,,0,0
4929,Jamuni,99,0,0.0,,,,0,0
4930,Jamuni,99,0,0.0,,,,0,0
4931,Kamala,99,0,0.0,,,,0,0
4932,Jamuni,99,0,0.0,,,,0,0
4933,Kamala,99,0,0.0,,,,0,0
4934,Kamala,99,0,0.0,,,,0,0
4935,Kamala,99,0,0.0,,,,0,0
4936,Kamala,99,0,0.0,,,,0,0
4937,Kosi,99,0,0.0,,,,0,0
4938,Kamala,99,0,0.0,,,,0,0
4939,Kamala,99,0,0.0,,,,0,0
4940,Kamala,99,0,0.0,,,,0,0
4941,Kamala,99,0,0.0,,,,0,0
4942,Kamala,99,0,0.0,,,,0,0
4946,Iwa,99,0,0.0,,,,0,0
4953,Iwa,99,0,0.0,,,,0,0
4955,Iwa,99,0,0.0,,,,0,0
4965,Kosi,99,0,0.0,,,,0,0
4966,Kosi,99,0,0.0,,,,0,0
4968,Kamala,99,0,0.0,,,,0,0
5077,Tangon,99,0,0.0,,,,0,0
5078,Tangan,99,0,0.0,,,,0,0
5080,Kuliki,99,0,0.0,,,,0,0
5081,Mahananda,3,0,0.0,,,,0,0
5082,Punarbhaba,2,0,0.0,,,,0,0
5083,Hooghly,1,0,0.0,,,,0,0
5084,Padma,1,0,0.0,,,,0,0
5085,Nagar,99,0,0.0,,,,0,0
5086,Nagri,99,0,0.0,,,,0,0
5087,Sudhani,99,0,0.0,,,,0,0
5088,Nagri,4,0,0.0,,,,0,0
5089,Nagri,4,0,0.0,,,,0,0
5090,Burhi Gandak,99,0,0.0,,,,0,0
5091,Balan,99,0,0.0,,,,0,0
5092,Phalgu,99,0,0.0,,,,0,0
5093,Phalgu,99,4,21.78,Satgharwa (N.F) Dam,92.67,1976.0,3,0
5094,Ganga,1,3,1383.86,North Koel Dam,150.33,,2,0
5095,Ganga,1,0,0.0,,,,0,0
5096,Ganga,1,3,1383.86,North Koel Dam,179.45,,2,0
5097,Ganga,1,3,1383.86,North Koel Dam,202.48,,2,0
5098,Ganga,1,21,1742.7,Morway Dam,39.33,1969.0,17,2
5099,Ganga,1,21,1742.7,Morway Dam,45.08,1969.0,17,2
5100,Ganga,1,6,218.08,Sindhwarni Dam,1.69,,5,0
5101,Ganga,1,27,1960.78,Sindhwarni Dam,23.47,,22,2
5103,Garkhe,2,18,358.84,Morway Dam,15.09,1969.0,15,2
5104,Champa,99,0,0.0,,,,0,0
5105,Ganga,1,0,0.0,,,,0,0
5106,Ganga,1,0,0.0,,,,0,0
5107,Ganga,1,27,1960.78,Sindhwarni Dam,40.29,,22,2
5108,Ganga,1,27,1960.78,Sindhwarni Dam,52.65,,22,2
5109,Chandan,99,3,241.36,Bilashi Dam,19.3,2001.0,1,2
5110,Gahra,2,0,0.0,,,,0,0
5111,Ganga,1,3,241.36,Bilashi Dam,49.3,2001.0,1,2
5112,Ganga,1,3,241.36,Bilashi Dam,50.95,2001.0,1,2
5113,Harna,99,0,0.0,,,,0,0
5114,Tribani,99,0,0.0,,,,0,0
5115,Sunder,99,0,0.0,,,,0,0
5117,Burhi Gandak,99,0,0.0,,,,0,0
5119,Burhi Gandak,99,0,0.0,,,,0,0
5120,Burhi Gandak,99,0,0.0,,,,0,0
5121,Dhanauti,99,0,0.0,,,,0,0
5123,Burhi Gandak,99,0,0.0,,,,0,0
5124,Burhi Gandak,99,0,0.0,,,,0,0
5125,Burhi Gandak,99,0,0.0,,,,0,0
5126,Burhi Gandak,99,0,0.0,,,,0,0
5127,Burhi Gandak,99,0,0.0,,,,0,0
5128,Burhi Gandak,99,0,0.0,,,,0,0
5129,Burhi Gandak,99,0,0.0,,,,0,0
5130,Jamni,99,0,0.0,,,,0,0
5131,Burhi Gandak,99,0,0.0,,,,0,0
5132,Burhi Gandak,99,0,0.0,,,,0,0
5133,Ganga,1,0,0.0,,,,0,0
5134,Kiul,99,4,108.99,Amrity Dam,9.53,1965.0,3,1
5135,Kiul,99,5,189.2,Amrity Dam,14.56,1965.0,3,2
5136,Ulai,99,2,24.77,Nagi Dam,14.91,1968.0,2,0
5137,Nakti,99,1,26.68,Anjan Dam,9.28,1989.0,1,0
5138,Kiul,99,7,213.97,Amrity Dam,16.02,1965.0,5,2
5139,Kiul,99,10,256.45,Baskund Dam,7.75,1984.0,8,2
5140,Harohar,3,8,102.39,Kailash Ghati Dam,38.92,1980.0,7,0
5141,Burhi Gandak,99,0,0.0,,,,0,0
5142,Burhi Gandak,99,0,0.0,,,,0,0
5144,Paimar,99,0,0.0,,,,0,0
5145,Tilayia,99,0,0.0,,,,0,0
5146,Panchane,99,2,71.34,Job Dam,18.4,1978.0,2,0
5147,Paimar,99,0,0.0,,,,0,0
5148,Panchane,99,2,71.34,Job Dam,29.17,1978.0,2,0
5149,Paimar,99,0,0.0,,,,0,0
5150,Panchane,99,2,71.34,Job Dam,33.14,1978.0,2,0
5151,Harohar,99,0,0.0,,,,0,0
5152,Mohana,99,0,0.0,,,,0,0
5153,Phalgu,99,0,0.0,,,,0,0
5154,Phalgu,99,0,0.0,,,,0,0
5155,Sakri,99,1,5.7,Kolmahadeo Dam,26.16,1966.0,1,0
5156,Panchane,99,2,71.34,Job Dam,57.7,1978.0,2,0
5157,Harohar,99,2,71.34,Job Dam,74.11,1978.0,2,0
5158,Phalgu,99,4,21.78,Satgharwa (N.F) Dam,104.09,1976.0,3,0
5159,Panchane,99,0,0.0,,,,0,0
5160,Harohar,99,6,93.12,Job Dam,75.1,1978.0,5,0
5161,Harohar,99,7,98.82,Kolmahadeo Dam,62.0,1966.0,6,0
5162,Chalki,99,0,0.0,,,,0,0
5163,Kunda,99,0,0.0,,,,0,0
5165,Harohar,3,1,3.57,Kailash Ghati Dam,16.6,1980.0,1,0
5167,Harohar,3,1,3.57,Kailash Ghati Dam,22.9,1980.0,1,0
5168,Harohar,3,1,3.57,Kailash Ghati Dam,29.72,1980.0,1,0
5169,Garhi,99,0,0.0,,,,0,0
5170,Punpun,2,3,1383.86,North Koel Dam,133.41,,2,0
5171,Jam,99,0,0.0,,,,0,0
5172,Lilajan,99,1,6.23,Hiroo Dam,18.92,1982.0,1,0
5173,Gandak,99,0,0.0,,,,0,0
5174,Gandak,99,0,0.0,,,,0,0
5177,Gandak,99,0,0.0,,,,0,0
5178,Gandak,99,0,0.0,,,,0,0
5179,Gandak,99,0,0.0,,,,0,0
5180,Gandak,99,0,0.0,,,,0,0
5196,Kosi,99,0,0.0,,,,0,0
5274,Sunder,99,0,0.0,,,,0,0
5275,Sunder,99,0,0.0,,,,0,0
5276,Gahra,2,0,0.0,,,,0,0
5277,Chilkara,99,1,51.56,Orhni Dam,10.41,2000.0,0,1
7668,Mendha,99,0,0.0,,,,0,0
7669,Mendha,99,0,0.0,,,,0,0
7670,Mendha,99,0,0.0,,,,0,0
7677,Mendha,99,0,0.0,,,,0,0
7678,Mendha,99,0,0.0,,,,0,0
7679,Mendha,99,0,0.0,,,,0,0
7681,Mendha,99,0,0.0,,,,0,0
