name,river_name,seg_id,latitude,longitude,dist_deg
Nanak sagar,,,28.959542,79.841239,
Arjun Sagar Reservoir,,,25.375142,79.680494,
Bela Sagar,,,25.257788,79.583762,
Rasin Dam Gate,,,25.172606,80.669312,
Rasin Dam,,,25.162778,80.670735,
Bandh Baretha Lake,,,26.873406,77.356758,
Pathrai Reservoir,,,25.41854,79.021124,
Sidhsagar Reservoir,,,25.307518,79.083017,
Saprar Reservoir,Kurai,4128.0,25.198278,79.083276,0.007659
Pariccha dam,Betwa,3464.0,25.515344,78.785126,0.004795
Bhasneh Reservoir,,,25.52892,79.130258,
Krishnakund,,,27.810373,77.340755,
Chandlai Lake,,,26.695308,75.878632,
Chhaparwara Dam,Mashi,3445.0,26.626973,75.264739,0.018889
Chandsen Dam,,,26.342395,75.451558,
kaliasot dam,Ajmar,4191.0,23.197375,77.408645,0.001311
Gaya ji rubber dam,Phalgu,4561.0,24.7809,85.012059,0.000858
Bhimlat Reservoir,,,25.301459,75.39047,
Jawahar Sagar Dam,Chambal,3618.0,25.037208,75.677735,0.000373
Kota Barrage,Chambal,3618.0,25.176843,75.825542,0.000708
chambal lake,Phalgu,4561.0,24.816654,85.027921,0.005786
Tilaiya Dam,,,24.324299,85.520973,
Tilaiya Dam Reservoir,,,24.335075,85.453539,
Jamunia Dam Cherra,,,24.005574,85.755372,
Konar Dam,,,23.944213,85.742672,
Tenughat Reservoir,,,23.728068,85.792024,
Rajrappa Reservoir,,,23.587051,85.679556,
Rukka Dam,,,23.452154,85.511327,
Muruguma Dam,,,23.313483,86.048403,
Chandil Dam Reservoir,,,23.030448,86.016193,
Chandil Dam,,,22.975057,86.023522,
Chakdaha Jhil,,,23.0748,88.526297,
Farakka Barrage,Gumani,2957.0,24.804449,87.932409,0.003008
Charubabur Jheel,,,22.501621,88.336982,
Neel Nirjone,,,23.836943,87.408435,
Massanjore Dam,,,24.106472,87.308025,
Hindustan Cables Township Dam,,,23.822033,86.901795,
Maithon Reservoir,,,23.840599,86.788591,
Maithan Dam,,,23.786514,86.815149,
Kendsaer,,,23.204243,86.8772,
Panchet Reservoir,,,23.669363,86.703527,
Panchet Dam,,,23.679449,86.75019,
Khandoli Dam,,,24.232693,86.345622,
Khandoli Dam,,,24.233583,86.343412,
Khandoli Dam,,,24.234129,86.342479,
Khandoli Dam,,,24.238898,86.349623,
Nithari Lake,,,28.707982,77.05397,
Latif Shah Dam,,,25.020968,83.242402,
Water Filter,,,25.309061,86.505239,
Dronagiri Apartments Underground water tanks,,,28.6573,77.365389,
Delhi road,Chalak,3247.0,28.057296,76.129514,0.001378
Narnaul Water Works 2,,,28.096063,76.103494,
Bamera Dam,,,23.776603,80.989202,
Bandhavgarh National Park,,,23.682121,80.982254,
Bansagar Dam,Son,4375.0,24.189363,81.286475,3e-06
Well,Son,4375.0,24.182837,81.316638,0.005913
YSNM COLLEGE,Koel,4596.0,24.041776,84.063907,0.006965
Kacharwa Dam,,,24.038318,84.103214,
Nandni Dam,,,23.264047,84.916023,
Latratu Dam,,,23.229987,85.077282,
Dhurwa Dam,,,23.28594,85.259528,
Hatia Dam,,,23.288664,85.251052,
Kanke Dam,,,23.40429,85.305078,
Kanke Dam,,,23.399123,85.305199,
Patratu Dam,,,23.615756,85.294508,
Koteshwar Dam,Bhagirathi,4205.0,30.260233,78.497809,0.000643
Tehri Reservoir,Bhagirathi,4203.0,30.405231,78.49222,0.017565
Tehri Dam,Bhagirathi,4205.0,30.376724,78.480233,0.000465
Hathnikund Barrage,Yamuna,3289.0,30.314298,77.584777,0.000193
Asan Sanctuary,Tons,3285.0,30.434911,77.674533,0.000982
Asan Barrage,Tons,3285.0,30.435461,77.665743,0.000789
Pathrala Barrage,Yamuna,3291.0,30.215762,77.396855,0.007458
LAL TANKI,Ganga,3819.0,26.421954,80.400789,0.016943
Fulbari Mahananda Barrage,Mahananda,4843.0,26.64507,88.400607,0.00778
Bangla Sahib Sarovar,,,28.626801,77.208386,
Neela Hauz,,,28.528651,77.171037,
Tawa Reservoir,,,22.439678,77.940925,
Tawa Reservoir,,,22.565303,78.099091,
Tawa Reservoir,,,22.529876,77.967006,
MogHa Dam,,,23.145563,78.669212,
Son River,,,22.724161,82.056193,
Malaniya Dam,,,22.720693,81.843923,
Khudiya Dam,,,22.390318,81.597539,
Kagdi Pick Up Wier,,,23.542966,74.460676,
Kagdi Pick Up Weir,,,23.541376,74.468289,
Mahi Bajaj Sagar Dam,,,23.628485,74.547283,
MAHI BAJAJ SAGAR,,,23.628454,74.546775,
Reservoir,,,25.367785,80.956701,
Narora Dam,Ganga,3875.0,28.191515,78.399676,0.000336
Kanota Dam,Dhund,3397.0,26.91189,75.933106,0.00086
Bhooryali talai,,,27.073327,76.138929,
Rampratap gurjar ka bandh,,,27.063522,76.147759,
nai talai (lal khambha wali johadi),Sanwan,3519.0,27.062717,76.265341,0.019101
Bolai ki talai (purani johadi),,,27.064442,76.269554,
Sukhadev ka bandh(bhagatkaala),Sanwan,3519.0,27.061712,76.257874,0.011624
"Radhala bandh(Kaalu, Shravan, Kanhaiya ka)",Sanwan,3519.0,27.070347,76.230746,0.014775
Harabakhsha mina ki medbandi(Kankadwala me),Sanwan,3519.0,27.069531,76.229338,0.015769
Bhairu mina ki medbandi,Sanwan,3519.0,27.068578,76.229957,0.014878
Prabhat ki medbandi,Sanwan,3519.0,27.06759,76.23149,0.013131
Ramkaran kumhar ki medbandi(Peepal wala khet me),,,27.059278,76.222785,
Bhaure lal kumhar ki medbandi nahari wala khet ki,,,27.057284,76.220863,
Hari singh ki medbandi(Chandala ki),,,27.047638,76.218811,
Chotooram khateek ki medbandi-2,,,27.048728,76.226007,
Chotooram khateek ki medbandi-1,,,27.050437,76.226056,
hamatkari bala ji talai (mandir ke samane),Sanwan,3519.0,27.047452,76.232408,0.014882
chamatkari bala ji talai (mandir ke pichhe),Sanwan,3519.0,27.051473,76.234873,0.011468
Bhagawan sahay mina ka anicut (Nyali nala pr),Sanwan,3519.0,27.048356,76.239815,0.007887
Rada wali johadi,,,27.04592,76.223117,
Chandrana dam,Banganga,3398.0,26.983617,76.231095,0.002565
Kolyali ka bandh,,,27.041409,76.203241,
Phatyali talai,,,27.126484,76.192465,
Jajoorali johadi,,,27.128921,76.182943,
bera wala bandh,,,27.122144,76.181372,
Jajoorali johadi,,,27.12457,76.180977,
Jajoorali johadi,,,27.121912,76.186958,
"Okhala ka bandh (chhotoo, jagadisha ka)",,,27.157973,76.184637,
Samala kyarada ka bandh (Ramnath ka),,,27.159311,76.186053,
Samala kyarada ka bandh (jayram ka),,,27.160196,76.184261,
Okhala wali johadi,,,27.159888,76.18274,
Kundyala ki talai,,,27.187724,76.164169,
Nal ke bandh ki paal,,,27.174107,76.195012,
Manyakala bandh,,,27.173098,76.192209,
Bendadi wala bandh(Lkshaman gurjar ka),,,27.170695,76.189368,
Kadiyala ki talai,,,27.177078,76.192601,
Bendadi wala bandh(Lkshaman gurjar ka),,,27.184424,76.192596,
Girdhari ka bandh-2(Kyarda me),,,27.18751,76.201301,
Kali talai,,,27.175192,76.197446,
Devnarayan ki medbandi,,,27.176462,76.202229,
Lamaida ka nala ki johadi,,,27.182976,76.204991,
Sandya ki talai,,,27.185887,76.21246,
Lalolai ki talai,,,27.179723,76.215461,
Modala bandh,,,27.172896,76.215476,
Devara ke pas wali talai,,,27.172203,76.204944,
Naya Kuaa ki talai (Meena wali),,,27.171321,76.205169,
Dalolai ki johadi(raaste wali Johadi),,,27.162506,76.207456,
Sedha ki talai,,,27.15957,76.21617,
Bawariya ki johadi(Sawaritala ki),,,27.154213,76.210428,
Chaukyala ki talai,,,27.152498,76.206387,
Ganga Ram ki medbandi,,,27.136519,76.194985,
Peera wali talai,,,27.13231,76.195554,
"Badayala bandh (Narayan,Rampratap ka",,,27.137848,76.195534,
Kala kheta ka bandh,,,27.162636,76.218717,
Khajoori wala anicut,,,27.184196,76.222844,
Kandala ki johadi,,,27.18545,76.228901,
Ravata wala bandh,,,27.177906,76.234457,
Bholaram ka bandh(Dongar Taela),,,27.182694,76.242716,
"Radhala bandh(Kaalu, Shravan, Kanhaiya ka)",,,27.187887,76.239326,
"Doongar tal ka bandh(Bhagwan, Sahay, Sugga ka)",,,27.186127,76.24756,
Badi johadi(Master ji ka),,,27.15186,76.257757,
Baboolal nayak ki talai,,,27.140022,76.265549,
Bodyala ki talai (neemdi wali),,,27.124078,76.258781,
Po ki ghati ka bandh(Gopaj me),,,27.290685,76.225601,
Ram talai bandh,,,27.26918,76.222449,
Mandookali Johadi,,,27.202378,76.239391,
Kyarada ki talai,,,27.195985,76.245089,
"Radhala bandh(Kaalu, Shravan, Kanhaiya ka)",,,27.189336,76.240349,
"Bans ka tola ka bandh(Rameshwar,Prabhu ka)",,,27.1987,76.228701,
Batala ka bandh (moolchand patel ka),,,27.202959,76.219452,
Kiro wala bandh,,,27.204831,76.226457,
Khagah wala bandh(Banaji ka),,,27.213973,76.223466,
Kalshikala ki talai,,,27.242783,76.221306,
Mandyala ki talai,,,27.227246,76.190885,
NanaChhi ki medbandi(Kalipati ki),,,27.221471,76.194879,
Pipali wali talai,,,27.218546,76.191792,
Dadi wala bandh,,,27.221567,76.200313,
Ghati wali Johadi (Rooda ki),,,27.219921,76.205851,
jaadkhan wali johadi,,,27.227177,76.213062,
jaadkhan,,,27.227268,76.211382,
Rudaram ki medbandi,,,27.211028,76.203445,
Rudaram ki medbandi -4,,,27.212195,76.206072,
Rudaram ki medbandi -1,,,27.211752,76.208315,
Jabar sagar (bhaisadah ka anicut),,,27.208173,76.202751,
Kundali ki medbandi (biradoo ki),,,27.206733,76.21554,
Chhitar ki medbandi-2(nagrakaala me),,,27.202538,76.212292,
Ghayada bandh(Shravan ka),,,27.197559,76.195641,
Gyarasa ka anicut (Gogdi wala me),,,27.198941,76.200843,
Nanga balayi ki,,,27.192561,76.199912,
Badari bandh,,,27.200889,76.193067,
Lakshminarayan ki medbandi,,,27.206928,76.200944,
Rudaram ka bandh(Keetala ki Radi me),,,27.209442,76.201904,
Khedan ki Johadi(Badi Johadi),,,27.215478,76.191084,
Ralala ka bandh,,,27.212932,76.184807,
Potani wali Johadi,,,27.210069,76.185552,
Dhamlala me khar ki talai(Sanjaynath ji ki talai),,,27.198389,76.170694,
Chaudya ki talai,,,27.193863,76.169939,
Chaudya ki talai,,,27.191305,76.168189,
Jaalakhi wala anicut,,,27.205266,76.159757,
Godooram gurjar ka bandh,,,27.215838,76.172214,
Chaudi nali ki Johadi,,,27.22685,76.159284,
Pani papda ka bandh,,,27.22661,76.161971,
Khatolai ki Johadi,,,27.230254,76.17253,
Balaji ki Johadi,,,27.237759,76.187078,
Devi ki Johadi(Talavada me),,,27.240263,76.186258,
Gulla tala ka bandh,,,27.242149,76.184963,
Khora wala anicut,,,27.270814,76.1824,
Khora wali Johadi(Ama wali johadi),,,27.269409,76.180388,
Badari Gurjar ki,,,27.259941,76.189126,
Badari Gurjar ki,,,27.259868,76.19105,
Kali paal wala bandh,,,27.251818,76.203734,
Chhoti talai,,,27.250873,76.206322,
Parala bandh,,,27.254931,76.204674,
Badari Gurjar ki,,,27.26109,76.191859,
Ram talai,,,27.273523,76.193997,
School wali Johadi,,,27.28776,76.197572,
Hari singh ka anicut(Aama ka veda me),,,27.275682,76.216574,
Gooyali Johadi(Ghati tala ki Johadi),,,27.281396,76.211375,
Kheeraki ka anicut,,,27.283306,76.212449,
Nhabali Johadi,,,27.282087,76.215055,
Dholaki wala bandh,,,27.283952,76.21492,
"Harsahay,Chhintar, Ramlal ki medbandi",,,27.287043,76.203671,
"Shravan,Ramsahay",,,27.290163,76.204559,
Kishana khatana ki,,,27.295268,76.206323,
Chabutara wali Johadi(Sattala me),,,27.299079,76.214614,
"Ramkishan,Jairam Bhopa ki medbandi",,,27.299344,76.206321,
"Rampal, Chhaju ki medbandi(Pirala me)",,,27.300044,76.199783,
"Bhainru ,Nathu ki medbandi(Pirala me)",,,27.29994,76.198806,
Shmashan wali Johadi,,,27.294325,76.199277,
Harsahay ka anicut,,,27.294095,76.200589,
Sadhooram ki medbandi,,,27.294053,76.157194,
Rojha wali johadi,,,27.222997,76.090621,
Kishana ji ki (dabali wale khet ki medbandi),,,27.200745,76.107175,
Khainta wala anicut,,,27.23749,76.146646,
Ram talai,,,27.206194,76.144853,
Nal ki Johadi,,,27.206949,76.131162,
Balai wali talai,,,27.190462,76.158135,
Sankada wala Bandh(teja gurjatr ka),,,27.168467,76.132504,
Sankada wala Bandh(teja gurjatr ka),,,27.173199,76.13484,
Badi wala anicut,,,27.172326,76.132102,
Ghasi ka anicut,,,27.187287,76.140001,
Kundyali ka anicut,,,27.184806,76.131725,
Jaid wala bandh,,,27.178022,76.12453,
Hanuman ki medbandi-2,,,27.176509,76.123656,
Rojha wali johadi,,,27.169018,76.101981,
Rojha wali johadi,,,27.169005,76.102566,
Devee tala ki talai,,,27.166771,76.112693,
Kundalya ka anicut (Ninjhar ki ghati me),,,27.136296,76.142293,
Gopal sharma ka anicut,,,27.100847,76.116434,
Bendadi wala bandh(Lkshaman gurjar ka),,,27.326504,76.186283,
Bandadi wali chhoti johadi(Neechli),,,27.320996,76.189049,
Bandadi wali badi johadi(Upari),,,27.321683,76.189012,
Kanaram ka taila Bandh,,,27.319463,76.206376,
"Harsahay,Chhitara, Ramlal,Bhagawana ki medbandi",,,27.322622,76.203955,
Thakuron wala bandh(Boeya kua ka),,,27.30911,76.204165,
Sankada wala Bandh,,,27.304503,76.212014,
Jwaryali Johadi (Chandela ki dhani me),,,27.328635,76.224438,
madho sagar bandh,,,26.8424,76.650123,
Thanwar Dam,,,22.589688,80.063951,
Murga Tola Dam,,,22.456984,80.309142,
Maneri dam,,,23.104673,80.203961,
Khandari Reservoir,,,23.165623,80.018755,
Bargi Dam,,,22.939925,79.921665,
Maharaji,,,26.344225,86.447733,
Pakka Pokhara,,,26.772906,83.072183,
Sawra Kuddu Dam,Pabbar,3310.0,31.132655,77.749725,0.000692
Jataun Dam,Giri,3286.0,30.58712,77.46829,0.000299
Ichari Dam,Tons,3319.0,30.613907,77.791269,0.000676
Dakpathar Barrage,Yamuna,3324.0,30.503563,77.795312,0.000187
Lakhwar Dam,Yamuna,3320.0,30.520797,77.915237,0.00018
Naitwar Mori Hydro Power Station,Tons,3311.0,31.063022,78.097504,0.000366
Singoli Bhatwari Dam,Mandakini,4210.0,30.50616,79.087938,4.8e-05
Phata Byung,Mandakini,4208.0,30.626879,79.005035,0.006796
Satpula Dam,,,28.531709,77.223583,
Okhla Barrage,Yamuna,3264.0,28.545663,77.310999,0.002949
Okhla Barrage,Yamuna,3264.0,28.547142,77.313482,0.000148
Surajkund,,,28.483754,77.28296,
Hanuman Sagar Lake,,,26.99012,75.847078,
Bhimgoda Barrage,Ganga,3918.0,29.956771,78.180248,0.001129
Gomti Barrage,Gomti,4019.0,26.855528,80.969515,6.9e-05
Kathauta Lake,,,26.867565,81.031439,
Kathauta Lake,,,26.857265,81.032348,
Square Lake,,,28.312818,77.150189,
Misty Lake,,,28.33146,77.157559,
Kaliasot Lake,Ajmar,4191.0,23.198309,77.392603,0.001122
Dhauliganga Dam,Darma Yankti,4803.0,29.979228,80.568734,0.001188
Dhauliganga dam,Darma Yankti,4803.0,29.978837,80.572991,8.7e-05
Nine springs of Naini Mata,,,30.166417,79.433368,
Rajwakti Hydro Power Project,Nandakini,4242.0,30.307278,79.349353,0.000289
Shrinagar Dam,Alaknanda,4212.0,30.240387,78.831533,0.000863
Gandhi Sagar,Chambal,3607.0,24.46424,75.521619,0.000504
מאגר מים,,,24.721152,75.941159,
Rana Pratap Sagar,Chambal,3615.0,24.791707,75.551391,0.012957
Rana Pratap Sagar Dam,Chambal,3615.0,24.917967,75.58266,0.002211
Lipri Reservoir,,,23.940009,80.245286,
Haldwani Barrage,Gaula,3842.0,29.271378,79.547861,0.000538
Haripura Reservoir,,,29.134688,79.281317,
Haripura Dam,,,29.132031,79.259709,
RIVER PADAM,,,27.32312,78.66723,
Kota Bandh,Son,4613.0,24.451993,83.109456,0.012324
Rihand Dam,Rihand,4340.0,24.203026,83.006926,0.001674
Indrapuri Barrage,Son,4411.0,24.834382,84.13697,0.003598
Hanuman Tal,,,23.348262,75.021142,
Kundaliya Dam,Kali Sindh,3578.0,23.922024,76.305105,0.005322
Mohanapura Dam,Newaj,3584.0,23.960423,76.775284,0.003327
Siddhiganj Dam,,,22.834266,76.598616,
Hasdeo Bango Reservoir,,,22.661394,82.655336,
Hasdeo Bango Reservoir (north),,,22.877385,82.544826,
Dimna Dam,,,22.860452,86.246149,
Dimna Dam,,,22.858359,86.250735,
Umedganj Dam,,,25.113624,75.920523,
banjara dam,Kadwal,3330.0,25.66762,76.691127,0.001544
Chandmari Lake,,,22.759527,88.378049,
Mathura Bil,,,22.938734,88.485012,
Govind Ballabh Pant Sagar,Rihand,4622.0,24.100044,82.823903,0.008032
Remta Dam,,,23.174436,85.385139,
Kobang Reservoir,,,22.732862,84.448694,
Kobang Dam,,,22.724179,84.445045,
Mandira Dam,,,22.303347,84.610617,
Kumari Dam,,,23.157514,86.287995,
Kumari Reservoir,,,23.167434,86.286048,
Kangsabati Reservoir,,,22.97305,86.721732,
Kangsabati Kumari Dam,,,22.963931,86.788945,
Bada Taal,,,26.365287,77.22169,
Babu Singh Ki Pokher,,,26.367325,77.218745,
Ramrahe ka pagara (Kallu gurjar ka)-pucca kary,,,26.38415,77.219467,
Gothiya Ki Pokher,,,26.369562,77.215792,
Sanjhgir Ki Pokher,,,26.743046,77.290192,
Shiv Taal,,,26.743123,77.29174,
Rundh Wari Pokher,,,26.718054,77.31844,
Rahi Ki Pokher,,,26.688999,77.320596,
Peepri Wari Pokher -2,,,26.692998,77.315022,
Peepri Wari Pokher -1,,,26.69091,77.317647,
Mehendi Ka Taal,,,26.697893,77.296151,
Khirkari Ki Pokher,,,26.697146,77.277218,
Gundravali Ki Pokher,,,26.712473,77.28951,
Hanuman Sagar (Neeche),,,26.711687,77.29062,
Pitar Ka Tal,,,26.732784,77.271816,
Peer Ke Dehre Ki Pokher,,,26.715665,77.276362,
Kolhare Ki Pokher,,,26.700687,77.274343,
Farsan Ki Pokher,,,26.622458,77.267969,
Futi Pokher,,,26.621607,77.285296,
Sandan Ka Taal,,,26.601725,77.322711,
Kohra Wari Pokher,,,26.592429,77.308146,
Baindi Wari Pokher,,,26.600563,77.30324,
Baindi Ke Neeche Wari Pokher,,,26.599715,77.304337,
Daang Ka Taal,,,26.587535,77.300458,
Dhani Ki Pokher,,,26.582529,77.295201,
Bhagwan Singh ki pokher,,,26.580314,77.282386,
Kachre Vala Taal,,,26.580096,77.289307,
Dajanpur Ki Chowki Wari Pokher,,,26.568807,77.277862,
Dang ka Tal,,,26.574711,77.308929,
Badi Gher Ki Pokher,,,26.589387,77.308158,
Andh Bawri Ki Pokher,,,26.555951,77.226129,
Kanjari Ka Tal,,,26.574863,77.2616,
Tulsa Wari Pokher,,,26.550604,77.204074,
Mohre Wari Pokher,,,26.550663,77.212601,
Dho Vare Ki Pokher,,,26.546162,77.212411,
Rinjhari Ka Baandh,,,26.403353,77.214781,
Kam Wala Pagara,,,26.395622,77.263716,
Maindhan Ki Pokher,,,26.407615,77.28878,
Fagolwari pokher,,,26.488307,77.456245,
Khadria ki pokher,,,26.490967,77.457462,
Lohara wali second,,,26.497674,77.454367,
Namate ki pokher,,,26.500289,77.457571,
Talaeya ka tal,,,26.522068,77.505149,
Sire Ki Pokher,,,26.505304,77.489291,
Baher second ki pokher,,,26.508853,77.499707,
Rundh Ka Taal,,,26.614975,77.34115,
Tapua Wari Pokher,,,26.624172,77.340536,
Vilagarh Ki Pokher,,,26.626154,77.336874,
Gandhel Vali Pokher,,,26.625987,77.345096,
Baans Ke Nare Ka Taal,,,26.632496,77.345532,
Parela Wari Pokher,,,26.62009,77.345252,
Kadam Vale Nare Ka Taal,,,26.636323,77.351106,
Ramda ki Jarna,,,26.68014,77.377225,
Tighra Dam,Sank,3362.0,26.222423,78.001761,0.001889
Tighra Dam,Sank,3362.0,26.21217,77.984913,0.002775
Pillowa Dam,Sank,3362.0,26.451372,78.146066,0.001395
Kotwal Dam,Asan,3366.0,26.488894,78.128061,0.000589
Kapgari Bandh,,,22.527652,86.869663,
lal pokhra,,,24.260486,87.253599,
Massanjore Reservoir,,,24.152509,87.296553,
patra river,,,23.172139,88.095042,
pani tanki,,,25.584044,85.032098,
gandhi maidan panitanki,,,25.584505,85.051601,
Tapandighi,,,25.300772,88.569338,
Durgapur Barrage,,,23.477017,87.303565,
Dhaldighi,Punarbhaba,1548.0,25.399471,88.533973,0.019125
Kaladighi,,,25.397676,88.545795,
Pransagar,,,25.447966,88.609968,
Mahipaldighi,Tangan,1560.0,25.516469,88.485062,0.00862
Jargo Dam,Ganga,4039.0,25.047281,82.957512,0.011262
Saddle Dam,,,29.532024,78.778451,
Ramganga Dam,Ramganga,3882.0,29.518533,78.75869,6e-05
Phika Barrage,,,29.362973,78.871543,
Tumaria Dam,,,29.316994,78.911867,
Ram Ganga Barrage,Ramganga,3834.0,28.291258,79.372881,0.003297
Balancing Reservoir,,,25.589812,78.47002,
Matatila Reservoir,Betwa,4158.0,25.056615,78.332095,0.014155
Matatila Dam,Betwa,3478.0,25.102814,78.367106,0.003479
Mata Tila Dam,Betwa,4159.0,25.09821,78.372608,0.001015
Govind Sagar,Jamni,4160.0,24.649096,78.413509,0.007259
GOVIND SAGAR DAM,,,24.877039,78.253849,
Rajghat dam,Betwa,4157.0,24.763912,78.226359,0.004752
Lokal galee,,,23.62737,78.577423,
Sanjay Sagar,Baen,4198.0,23.771162,77.484714,0.005454
Nighori dam,,,22.656102,81.025975,
Bichiya Dam,,,22.436334,80.696089,
Dhakuria Lake,,,22.510418,88.356366,
Lal Dighi,,,22.57195,88.349122,
