river_name,n_segments,max_upstream_dams,mean_upstream_dams,max_capacity_mcm,n_drying,n_stable,n_wetting,mean_pct_change,median_pct_change,mean_tau,pct_drying
Aami,2,0,0.0,0.0,0,2,0,-21.952127531369648,-21.952127531369648,-0.14906103286384975,0.0
Adari,1,0,0.0,0.0,0,1,0,-4.985151484837312,-4.985151484837312,-0.0406885758998435,0.0
Aerma,1,3,3.0,30.49,0,1,0,-7.823173007603831,-7.823173007603831,-0.0892018779342723,0.0
Afsarha,1,0,0.0,0.0,0,1,0,-25.48621518366867,-25.48621518366867,-0.1564945226917058,0.0
Aglad,1,0,0.0,0.0,1,0,0,-22.842179289145054,-22.842179289145054,-0.2918622848200313,100.0
Ahar,1,3,3.0,180.03,0,1,0,18.548437338629192,18.548437338629192,0.054773082942097,0.0
Aheli,1,0,0.0,0.0,0,1,0,14.198637260095756,14.198637260095756,0.0086071987480438,0.0
Ahu,6,9,4.833333333333333,148.87,0,6,0,9.755579599767797,9.825011322589656,0.05033907146583197,0.0
Ajmar,1,6,6.0,105.12,0,1,0,-10.358997658940474,-10.358997658940474,-0.1111111111111111,0.0
Ajnal,1,5,5.0,10.36,0,1,0,-15.81823267109635,-15.81823267109635,-0.1291079812206572,0.0
Alaknanda,6,6,3.0,442.81,0,6,0,13.135984135533981,16.634423794295063,0.08176838810641628,0.0
Alnia,1,1,1.0,43.72,0,1,0,8.95267248882861,8.95267248882861,-0.0078247261345852,0.0
Amanat,3,2,2.0,137.62,0,3,0,-12.467076464927715,-12.52838539335662,-0.10589462702138752,0.0
Amjar,1,2,2.0,63.56,0,1,0,11.733380379005489,11.733380379005489,0.0039123630672926,0.0
Andheri,4,1,0.5,30.8,0,4,0,7.386929312988986,6.379320182046984,-0.021909233176838776,0.0
Ansar,1,0,0.0,0.0,0,1,0,8.590180903704344,8.590180903704344,0.0273865414710485,0.0
Asan,2,4,2.5,115.86,2,0,0,-31.11016390411846,-31.11016390411846,-0.3024256651017214,100.0
Ashamati,1,2,2.0,4.14,0,1,0,-7.146724539504171,-7.146724539504171,-0.0672926447574334,0.0
Ashmi,1,0,0.0,0.0,1,0,0,-15.446290063564112,-15.446290063564112,-0.1971830985915492,100.0
Asrawal,1,1,1.0,35.43,0,1,0,27.741832298104583,27.741832298104583,0.1236306729264475,0.0
Auranga,2,1,0.5,0.0,0,2,0,-4.969109463585993,-4.969109463585993,-0.06220657276995305,0.0
Babai,3,0,0.0,0.0,0,3,0,-18.472413567564512,-18.981188692343967,-0.11241523213354197,0.0
Baen,1,2,2.0,17.28,0,1,0,2.5199102722381723,2.5199102722381723,-0.0367762128325508,0.0
Bagad,1,0,0.0,0.0,1,0,0,-13.109870652183474,-13.109870652183474,-0.2097026604068857,100.0
Baghain,3,3,1.6666666666666667,17.72,0,3,0,36.060151642777306,42.12272590749702,0.11111111111111106,0.0
Bagmati,13,0,0.0,0.0,0,13,0,-1.7049592536645055,-0.7381779099779441,0.015468881666064764,0.0
Bahalla,1,0,0.0,0.0,1,0,0,-35.70991986232704,-35.70991986232704,-0.3928012519561815,100.0
Bahmnai,1,1,1.0,5.24,0,1,0,12.545233582639014,12.545233582639014,0.0798122065727699,0.0
Bajyan,1,1,1.0,28.4,0,1,0,-15.040843909418754,-15.040843909418754,-0.1134585289514867,0.0
Bakalya,1,0,0.0,0.0,0,1,0,-3.0872901673508277,-3.0872901673508277,0.0062597809076682,0.0
Bakra,1,0,0.0,0.0,0,1,0,-11.31096721391818,-11.31096721391818,-0.1517996870109546,0.0
Bal Ganga,1,0,0.0,0.0,0,1,0,15.006526882630927,15.006526882630927,0.0852895148669796,0.0
Balan,3,0,0.0,0.0,0,3,0,-6.116392563899041,-6.496328100083621,-0.010172143974960834,0.0
Balasan,2,0,0.0,0.0,0,1,1,9.409181426349736,9.409181426349736,0.17370892018779338,0.0
Baleti,1,0,0.0,0.0,0,1,0,-13.80327319274732,-13.80327319274732,-0.1165884194053208,0.0
Bamni,1,0,0.0,0.0,1,0,0,-25.691147356966233,-25.691147356966233,-0.2300469483568075,100.0
Bamnidai,1,0,0.0,0.0,0,1,0,16.531042295816672,16.531042295816672,0.0203442879499217,0.0
Banas,29,72,24.275862068965516,2740.48,0,29,0,10.109718763619373,6.284329356999978,0.019642760779234804,0.0
Banganga,14,6,1.7857142857142858,130.75,3,11,0,-10.33337240851532,-10.242658013155886,-0.10876369327073547,21.4
Banki,1,0,0.0,0.0,1,0,0,-20.91473263900772,-20.91473263900772,-0.2355242566510172,100.0
Banne,3,4,2.3333333333333335,178.8,0,3,0,-15.61717930341814,-15.827452576451275,-0.15727699530516429,0.0
Bansi,1,0,0.0,0.0,1,0,0,-34.89665267300564,-34.89665267300564,-0.2480438184663536,100.0
Barah,4,2,1.5,32.58,3,1,0,-8.099574560995661,-10.058309045757648,-0.166471048513302,75.0
Barhki,1,1,1.0,2.31,0,1,0,-11.456775753081889,-11.456775753081889,-0.1118935837245696,0.0
Barnar,1,1,1.0,80.21,0,1,0,-2.2314351215378245,-2.2314351215378245,-0.0172143974960876,0.0
Bata,1,0,0.0,0.0,1,0,0,-9.865032882826249,-9.865032882826249,-0.1901408450704225,100.0
Batane,1,3,3.0,1383.86,0,1,0,-10.793677927408558,-10.793677927408558,-0.122848200312989,0.0
Baur,5,4,1.2,383.93,2,3,0,-1.2820671853193821,3.226328703416869,-0.07949921752738653,40.0
Baveri,1,0,0.0,0.0,0,1,0,-0.7964109596442189,-0.7964109596442189,0.0125195618153364,0.0
Baya,1,0,0.0,0.0,0,1,0,-1.2349052597194947,-1.2349052597194947,0.0078247261345852,0.0
Bearma,12,28,9.666666666666666,86.08,2,10,0,-5.917266207097167,-6.135670337173044,-0.14325769431403226,16.7
Belan,9,24,11.222222222222221,733.72,0,8,1,19.514662244977767,19.188908407173894,0.11824030603373321,0.0
Berach,15,24,8.333333333333334,588.63,0,15,0,10.807480733213305,9.235444096675202,0.031820552947313466,0.0
Betwa,29,102,33.689655172413794,5109.55,12,17,0,-5.602221895430114,-5.3552870170782345,-0.12740812692245423,41.4
Bewas,3,4,2.6666666666666665,101.1,3,0,0,-13.0339653546545,-12.445121445170928,-0.208659363588941,100.0
Bhada,2,0,0.0,0.0,0,2,0,-16.18375913068395,-16.18375913068395,-0.10367762128325504,0.0
Bhagirathi,4,3,1.25,3629.5,0,4,0,-2.8497606402272937,-2.4226940625924445,-0.027582159624413127,0.0
Bhairab,1,0,0.0,0.0,0,1,0,-4.492443606038267,-4.492443606038267,-0.0117370892018779,0.0
Bhakra,1,2,2.0,131.69,0,1,0,-1.4472356768630543,-1.4472356768630543,-0.0649452269170579,0.0
Bhandar,1,2,2.0,8.04,0,1,0,-8.982575890180078,-8.982575890180078,-0.1040688575899843,0.0
Bhillangana,2,0,0.0,0.0,0,2,0,4.599532072723532,4.599532072723532,0.07472613458528951,0.0
Bilas,1,1,1.0,28.9,0,1,0,11.735132486031604,11.735132486031604,0.0070422535211267,0.0
Bilrai,1,4,4.0,8.81,1,0,0,-18.03989928168851,-18.03989928168851,-0.1721439749608763,100.0
Bina,4,5,3.25,10.52,0,4,0,-4.066797229029789,-4.315828290112176,-0.0827464788732394,0.0
Bino,1,0,0.0,0.0,1,0,0,-29.33621864108232,-29.33621864108232,-0.310641627543036,100.0
Birahi Ganga,1,0,0.0,0.0,0,0,1,56.11183447061918,56.11183447061918,0.3161189358372457,0.0
Burha,1,0,0.0,0.0,1,0,0,-8.269497436832998,-8.269497436832998,-0.1815336463223787,100.0
Burhi Gandak,20,0,0.0,0.0,0,20,0,2.2003732779321403,1.4347145544100681,0.02938184663536773,0.0
Chakan,1,2,2.0,21.08,0,1,0,8.903485538618197,8.903485538618197,-0.0297339593114241,0.0
Chalak,1,0,0.0,0.0,0,1,0,2.139006966016098,2.139006966016098,-0.041471048513302,0.0
Chalki,1,0,0.0,0.0,0,1,0,-11.345352463541776,-11.345352463541776,-0.0594679186228482,0.0
Chambal,28,229,56.607142857142854,13023.39,0,28,0,6.338970896983797,5.452825726509503,0.010116253073999536,0.0
Chamla,1,0,0.0,0.0,0,1,0,6.219190268735975,6.219190268735975,0.0375586854460093,0.0
Champa,1,0,0.0,0.0,0,1,0,15.85002575837546,15.85002575837546,0.0790297339593114,0.0
Chandan,2,3,2.0,241.36,0,2,0,5.53022054321638,5.53022054321638,-0.0023474178403756004,0.0
Chandloi,2,1,0.5,43.72,0,2,0,6.928922744358983,6.928922744358983,-0.01643192488262905,0.0
Chandrabhaga,1,2,2.0,12.34,0,1,0,11.509105547299388,11.509105547299388,0.0618153364632237,0.0
Chauli,1,2,2.0,55.4,0,1,0,18.386887304544093,18.386887304544093,0.0743348982785602,0.0
Chaupat,1,0,0.0,0.0,0,1,0,-4.782271030533001,-4.782271030533001,-0.0931142410015649,0.0
Chhapi,2,7,6.0,106.97,0,2,0,15.54279535568537,15.54279535568537,0.06103286384976525,0.0
Chhoti Kali Sindh,4,2,1.0,10.23,0,4,0,-4.4150870987342525,-4.803614135716606,-0.034037558685445946,0.0
Chilkara,1,1,1.0,51.56,0,1,0,2.989320283731699,2.989320283731699,-0.0109546165884194,0.0
Chopani,1,1,1.0,0.0,0,1,0,-3.0208049598565183,-3.0208049598565183,-0.069640062597809,0.0
Dabka,1,0,0.0,0.0,1,0,0,-31.83425675980357,-31.83425675980357,-0.3395931142410016,100.0
Dahuk,1,0,0.0,0.0,0,1,0,-7.732648053057216,-7.732648053057216,-0.1517996870109546,0.0
Dai,4,1,0.25,11.49,0,4,0,33.221664523399,29.13642458933342,0.055751173708920174,0.0
Danau,4,0,0.0,0.0,0,4,0,-9.173728156612345,-8.45691516266408,-0.050078247261345826,0.0
Dande,1,0,0.0,0.0,0,1,0,-4.276841047358863,-4.276841047358863,-0.0070422535211267,0.0
Danru,1,0,0.0,0.0,0,1,0,-11.245251670235271,-11.245251670235271,-0.137715179968701,0.0
Dardha,2,0,0.0,0.0,0,2,0,-16.706599941997197,-16.706599941997197,-0.08059467918622845,0.0
Darma Yankti,2,1,0.5,6.2,0,2,0,2.947047333233217,2.947047333233217,-0.12089201877934269,0.0
Dehar,1,3,3.0,7.26,1,0,0,-3.588269125002764,-3.588269125002764,-0.1784037558685446,100.0
Deoha,5,1,1.0,209.0,2,3,0,-11.955436524146368,-11.709531157840807,-0.1280125195618153,40.0
Dhanauti,1,0,0.0,0.0,0,1,0,6.445280673929011,6.445280673929011,0.0226917057902973,0.0
Dharmauti,3,0,0.0,0.0,0,3,0,-7.269520456112473,-6.87989068895998,-0.05294731351069373,0.0
Dhasan,15,29,9.733333333333333,448.45,15,0,0,-16.610525723725598,-15.88973288778694,-0.22263954094940006,100.0
Dhauli Ganga,3,2,0.6666666666666666,1.69,0,3,0,8.991924411128108,15.483895446317032,0.0075639019300991,0.0
Dhela,1,2,2.0,171.87,1,0,0,-41.11298090910553,-41.11298090910553,-0.4233176838810641,100.0
Dhil,1,1,1.0,27.73,0,1,0,-15.995993474041247,-15.995993474041247,-0.0735524256651017,0.0
Dhund,3,3,2.0,62.05,0,3,0,-1.2606105062416406,0.7459735375482186,-0.011997913406364066,0.0
Dudhaliya,1,0,0.0,0.0,0,1,0,5.76059088844934,5.76059088844934,0.0477308294209702,0.0
Dudhi,1,3,3.0,34.15,0,1,0,1.7008027508745336,1.7008027508745336,-0.0328638497652582,0.0
East Bahgul,2,0,0.0,0.0,2,0,0,-30.367018271635516,-30.367018271635516,-0.21596244131455394,100.0
Gadela,1,0,0.0,0.0,0,1,0,21.984254900137383,21.984254900137383,0.0555555555555555,0.0
Gagas,1,0,0.0,0.0,1,0,0,-20.84314297283788,-20.84314297283788,-0.2636932707355242,100.0
Gahra,2,0,0.0,0.0,0,2,0,6.3289095336875105,6.3289095336875105,-0.0516431924882629,0.0
Galwa,1,1,1.0,48.73,0,1,0,-8.473298425664513,-8.473298425664513,-0.0868544600938967,0.0
Gambhir,11,6,2.4545454545454546,373.23,8,3,0,-21.533838643910357,-25.88814014950223,-0.18388106416275427,72.7
Gambhiri,2,8,5.0,101.78,0,2,0,15.18460723557802,15.18460723557802,0.04186228482003125,0.0
Gandak,23,0,0.0,0.0,2,14,7,0.8880765411445961,5.505573279755514,0.05769885010546368,8.7
Ganga,108,572,93.96296296296296,28916.95,58,50,0,-12.44542072087952,-11.061559840674642,-0.15265461079232595,53.7
Gangan,3,0,0.0,0.0,3,0,0,-11.337506373239009,-12.429205432933813,-0.19431403234220132,100.0
Garara,1,0,0.0,0.0,0,1,0,47.40371589426486,47.40371589426486,0.0641627543035993,0.0
Garhi,1,0,0.0,0.0,0,1,0,-1.8802670073514465,-1.8802670073514465,-0.0187793427230046,0.0
Garkhe,1,18,18.0,358.84,0,1,0,-13.108047117061142,-13.108047117061142,-0.0649452269170579,0.0
Garni,1,0,0.0,0.0,0,1,0,4.037046551230781,4.037046551230781,-0.0140845070422535,0.0
Garra,5,1,0.4,209.0,5,0,0,-29.282606189650078,-26.825576135788825,-0.2676056338028169,100.0
Gaula,4,5,3.0,454.65,0,4,0,-0.04339936656264409,-1.3687139179128445,-0.03990610328638497,0.0
Ghaghara,42,572,17.142857142857142,28916.95,27,15,0,-21.704812776783847,-19.10177680785005,-0.1670579029733959,64.3
Ghaghi,2,0,0.0,0.0,2,0,0,-36.00206044276285,-36.00206044276285,-0.2535211267605634,100.0
Ghar Ganga,1,2,2.0,5.93,0,1,0,3.2438519096210796,3.2438519096210796,-0.0101721439749608,0.0
Ghodchhatra,1,1,1.0,0.95,0,1,0,-10.969848214698487,-10.969848214698487,-0.1447574334898278,0.0
Ghora Pachhar,4,5,2.5,6.48,0,4,0,9.630229784629266,13.845643542682435,-0.010954616588419425,0.0
Ghurari,1,1,1.0,9.92,0,1,0,-10.98267492355307,-10.98267492355307,-0.1447574334898278,0.0
Giri,2,0,0.0,0.0,2,0,0,-23.890509597320445,-23.890509597320445,-0.28873239436619713,100.0
Girthi Ganga,1,0,0.0,0.0,0,1,0,28.556027490856508,28.556027490856508,0.0500782472613458,0.0
Gohirari,1,0,0.0,0.0,0,1,0,15.350027813995744,15.350027813995744,0.1283255086071987,0.0
Goini,1,0,0.0,0.0,0,1,0,22.22552898295399,22.22552898295399,0.0899843505477308,0.0
Gomti,28,1,0.03571428571428571,107.15,20,8,0,-22.998841460519355,-28.430897394041306,-0.18008048289738426,71.4
Gopat,9,24,6.777777777777778,202.4,0,9,0,20.664258022075085,21.06836476592245,0.10432968179447048,0.0
Goriganga,1,1,1.0,1.22,0,1,0,14.339739546834432,14.339739546834432,-0.0586854460093896,0.0
Gorma,1,0,0.0,0.0,0,0,1,27.3618570096861,27.3618570096861,0.2034428794992175,0.0
Gudne,1,2,2.0,7.41,0,1,0,-6.071325731040373,-6.071325731040373,-0.0641627543035993,0.0
Gumani,2,2,2.0,278.89,0,2,0,14.270367371371327,14.270367371371327,-0.005086071987480401,0.0
Gunjali,4,1,0.5,2.03,0,4,0,18.109788642804727,19.062743562828498,0.0254303599374022,0.0
Halali,1,5,5.0,37.45,0,1,0,-0.9189011309269506,-0.9189011309269506,-0.0625978090766823,0.0
Harna,1,0,0.0,0.0,0,1,0,3.9729681152130776,3.9729681152130776,-0.0719874804381846,0.0
Harohar,8,8,3.25,102.39,0,8,0,-17.9015155883037,-16.80533553116268,-0.07345461658841936,0.0
Hindon,6,0,0.0,0.0,4,2,0,-21.037642712032184,-18.369840343690946,-0.19574856546687533,66.7
Hiyuni,1,0,0.0,0.0,0,1,0,3.004742810788345,3.004742810788345,-0.1064162754303599,0.0
Hooghly,1,0,0.0,0.0,0,1,0,-12.82803345521172,-12.82803345521172,-0.1463223787167449,0.0
Ichamati,5,0,0.0,0.0,0,5,0,1.023137204083039,1.117953657391929,0.06416275430359936,0.0
Idar,2,2,1.0,10.73,0,2,0,14.731244194742082,14.731244194742082,0.0121283255086072,0.0
Indar,1,0,0.0,0.0,0,1,0,-0.7267913157117265,-0.7267913157117265,-0.0446009389671361,0.0
Iwa,3,0,0.0,0.0,1,2,0,-3.5779676421660027,-2.24699332303747,-0.034950443401147634,33.3
Jadh Ganga,5,0,0.0,0.0,0,5,0,-2.5406912925807945,-1.632653618128637,0.0037558685446009406,0.0
Jadhang,1,0,0.0,0.0,0,1,0,-0.2903317392619704,-0.2903317392619704,-0.0007824726134585,0.0
Jalkur,1,0,0.0,0.0,0,1,0,9.285155646765864,9.285155646765864,-0.0672926447574334,0.0
Jam,1,0,0.0,0.0,0,1,0,-9.262047887051605,-9.262047887051605,-0.0751173708920187,0.0
Jamni,9,11,4.222222222222222,491.86,7,2,0,-19.392467870960683,-21.938333640743146,-0.20509476612762995,77.8
Jamuni,3,0,0.0,0.0,0,3,0,-11.722976635955822,-11.938309233077348,-0.0323422013562858,0.0
Jamwar,3,0,0.0,0.0,3,0,0,-23.44223846486781,-24.010142376750647,-0.20396452790818986,100.0
Jashma,1,1,1.0,18.54,0,1,0,3.915750374837136,3.915750374837136,0.0211267605633802,0.0
Jaulaha,1,0,0.0,0.0,0,1,0,0.0716188984543512,0.0716188984543512,0.1150234741784037,0.0
Jhilmil,1,0,0.0,0.0,1,0,0,-30.46248345528488,-30.46248345528488,-0.2996870109546166,100.0
Jhim,1,0,0.0,0.0,0,1,0,-9.093039630040172,-9.093039630040172,-0.0219092331768388,0.0
Jinjoi,1,0,0.0,0.0,0,1,0,-15.529880202434232,-15.529880202434232,-0.1048513302034428,0.0
Johilla,2,15,14.0,194.43,0,2,0,-0.4112488205694207,-0.4112488205694207,-0.014084507042253499,0.0
Kadhu,3,0,0.0,0.0,3,0,0,-43.26613058809477,-43.167198838955315,-0.2749087115284298,100.0
Kadmali,1,2,2.0,12.09,0,1,0,9.088652683654216,9.088652683654216,0.0594679186228482,0.0
Kadwal,1,2,2.0,55.7,0,1,0,20.8880768870532,20.8880768870532,0.054773082942097,0.0
Kail Ganga,1,0,0.0,0.0,0,1,0,31.763782617437215,31.763782617437215,0.0054773082942097,0.0
Kakund,1,1,1.0,52.64,1,0,0,-28.92824772015547,-28.92824772015547,-0.2206572769953051,100.0
Kali,17,0,0.0,0.0,14,3,0,-28.10425722631626,-31.264445368081542,-0.2597348798674399,82.4
Kali Rau,1,0,0.0,0.0,1,0,0,-11.815677729988847,-11.815677729988847,-0.2073552425665101,100.0
Kali Sindh,11,59,28.363636363636363,6075.81,0,11,0,1.637118359509111,4.096585353938897,-0.032721582017356615,0.0
Kalindi,1,0,0.0,0.0,0,1,0,-2.0249956252596792,-2.0249956252596792,0.0211267605633802,0.0
Kalindri,1,0,0.0,0.0,0,1,0,-3.413387031989538,-3.413387031989538,-0.0524256651017214,0.0
Kamala,12,0,0.0,0.0,0,12,0,-7.331659011921914,-7.451176359994105,0.011541471048513307,0.0
Kanh,1,0,0.0,0.0,0,1,0,-6.056474355583711,-6.056474355583711,-0.0641627543035993,0.0
Kanhar,7,12,3.0,950.1,3,4,0,-5.655399374755513,-7.847714963465201,-0.11345852895148667,42.9
Kankai,5,0,0.0,0.0,1,4,0,-7.635874641923506,-8.417096167760429,-0.10140845070422533,20.0
Kanthali,1,0,0.0,0.0,0,1,0,16.198039977791804,16.198039977791804,0.0610328638497652,0.0
Karai,1,0,0.0,0.0,0,1,0,6.123009293535153,6.123009293535153,0.0289514866979655,0.0
Kareli,5,1,0.6,12.93,0,5,0,-16.642579190421465,-17.540933045354546,-0.11830985915492956,0.0
Karisil,1,1,1.0,41.7,0,1,0,-17.78763476359367,-17.78763476359367,-0.1259780907668231,0.0
Karmanasa,11,4,2.0,489.53,0,11,0,-10.87334581529337,-11.32662389532623,-0.05875657988334044,0.0
Karwan,8,0,0.0,0.0,8,0,0,-44.77356840215751,-44.37516403793821,-0.384585289514867,100.0
Kathan,3,5,3.0,15.14,3,0,0,-14.459452039243956,-14.712147628496568,-0.17918622848200305,100.0
Katna,1,0,0.0,0.0,1,0,0,-26.46463419946122,-26.46463419946122,-0.230829420970266,100.0
Katni,4,14,9.0,67.32,1,3,0,-8.91982197617881,-9.836773366705753,-0.13047730829420967,25.0
Ken,15,71,43.06666666666667,675.75,5,10,0,-7.9106922110949345,-8.67417366963014,-0.13766301512780382,33.3
Kendar,1,0,0.0,0.0,0,1,0,-1.4491951456011465,-1.4491951456011465,-0.0375586854460093,0.0
Keshaliya,3,0,0.0,0.0,0,3,0,-0.48525619442112405,-0.4931922264177043,0.10798122065727693,0.0
Kethan,1,5,5.0,57.11,0,1,0,0.8704202594064512,0.8704202594064512,-0.0735524256651017,0.0
Kevai,1,1,1.0,3.08,0,1,0,14.580991710367933,14.580991710367933,0.1197183098591549,0.0
Kevtan,1,2,2.0,9.33,0,1,0,0.1512769655353484,0.1512769655353484,-0.0586854460093896,0.0
Khaimua,3,0,0.0,0.0,2,1,0,-24.344156855868025,-21.325421733580587,-0.22143974960876367,66.7
Khan,1,0,0.0,0.0,0,1,0,32.18519069363852,32.18519069363852,0.096244131455399,0.0
Khari,23,9,2.869565217391304,188.67,10,12,1,4.025350481921495,16.00924247171786,-0.0830441586718378,43.5
Khoh,1,0,0.0,0.0,1,0,0,-32.87232852082174,-32.87232852082174,-0.3630672926447574,100.0
Khoki,1,1,1.0,2.03,0,1,0,19.12822816249122,19.12822816249122,0.0125195618153364,0.0
Khudar,1,0,0.0,0.0,1,0,0,-19.500583480835644,-19.500583480835644,-0.1854460093896713,100.0
Khul,5,2,1.4,51.25,0,5,0,14.001517734401077,14.644457225871935,0.019561815336463163,0.0
Kiul,4,10,6.5,256.45,0,4,0,-4.662340368005883,-4.672992185250095,-0.0342331768388106,0.0
Koel,9,8,3.888888888888889,335.56,2,7,0,-9.434896748387898,-9.736805364488864,-0.14110589462702133,22.2
Kopra,1,2,2.0,5.07,1,0,0,-8.71149432831258,-8.71149432831258,-0.1838810641627543,100.0
Kosi,33,0,0.0,0.0,4,29,0,-2.7065341642398697,0.0227627442453668,0.0020391710532555543,12.1
Kothari,2,7,4.0,141.46,0,2,0,15.809664547815704,15.809664547815704,0.06768388106416275,0.0
Kuliki,1,0,0.0,0.0,0,1,0,-3.5329473224915016,-3.5329473224915016,0.0023474178403755,0.0
Kunda,1,0,0.0,0.0,0,1,0,-4.951378842028534,-4.951378842028534,-0.069640062597809,0.0
Kuno,4,2,0.75,21.6,0,4,0,0.6721450116170558,1.3679114054924861,-0.0254303599374022,0.0
Kunu,1,3,3.0,4.49,0,1,0,11.83503523717933,11.83503523717933,0.1126760563380281,0.0
Kunwari,6,6,2.6666666666666665,123.05,6,0,0,-31.923549141553988,-31.79156773451719,-0.28351591027647366,100.0
Kurai,2,4,3.5,132.85,2,0,0,-13.847375714471447,-13.847375714471447,-0.2120500782472613,100.0
Kural,1,3,3.0,63.51,0,1,0,-1.5096979773278976,-1.5096979773278976,-0.0399061032863849,0.0
Kuthi Yankti,1,0,0.0,0.0,0,1,0,-1.8013659079103614,-1.8013659079103614,-0.1158059467918622,0.0
Kutni,1,1,1.0,3.5,1,0,0,-18.131505643654243,-18.131505643654243,-0.1713615023474178,100.0
Ladhiya,1,0,0.0,0.0,1,0,0,-16.408369693529004,-16.408369693529004,-0.2339593114241001,100.0
Lakhandei,1,0,0.0,0.0,0,1,0,-5.471002875958606,-5.471002875958606,-0.0070422535211267,0.0
Lakheri,3,3,2.0,163.7,3,0,0,-24.449965348732245,-24.5143140973056,-0.31846635367762127,100.0
Lakundar,2,16,11.5,155.92,0,2,0,-3.121648427060471,-3.121648427060471,-0.0344287949921752,0.0
Lapri,1,0,0.0,0.0,0,1,0,38.1004072325819,38.1004072325819,0.1165884194053208,0.0
Lassar Yankti,1,0,0.0,0.0,0,1,0,6.071322695495067,6.071322695495067,-0.1150234741784037,0.0
Lastar,1,0,0.0,0.0,0,1,0,6.996442097213536,6.996442097213536,0.054773082942097,0.0
Lilajan,2,3,2.0,9.44,0,2,0,-9.848959586234528,-9.848959586234528,-0.08372456964006256,0.0
Lohra,1,0,0.0,0.0,0,1,0,26.940896134235988,26.940896134235988,0.068075117370892,0.0
Londri,1,0,0.0,0.0,0,1,0,-8.851817290632342,-8.851817290632342,-0.0884194053208137,0.0
Machhli,1,1,1.0,12.96,0,1,0,-3.2011521308282513,-3.2011521308282513,-0.0625978090766823,0.0
Madad,3,0,0.0,0.0,0,3,0,-12.054955289767753,-11.72029166463118,-0.06546687532603022,0.0
Madhmaheshwar Ganga,1,0,0.0,0.0,0,1,0,18.64260900221543,18.64260900221543,0.122848200312989,0.0
Mahakali,5,4,1.6,20.86,3,2,0,-15.282392044819847,-5.78670323105705,-0.17699530516431922,60.0
Mahana,3,0,0.0,0.0,0,3,0,22.032461411218335,21.46363050239863,0.11945748565466874,0.0
Mahananda,9,0,0.0,0.0,0,9,0,1.3271775005307214,-1.5303368314985388,-0.005912015301686644,0.0
Mahara,1,0,0.0,0.0,0,1,0,-9.5961429661755,-9.5961429661755,-0.0226917057902973,0.0
Mahuar,4,7,4.25,37.58,4,0,0,-19.148650915022593,-18.287085776604386,-0.18290297339593106,100.0
Maila,1,0,0.0,0.0,0,1,0,-10.093327595887995,-10.093327595887995,-0.082942097026604,0.0
Maleni,3,1,0.6666666666666666,5.83,0,3,0,10.672035275438866,10.111339790691025,0.0735524256651017,0.0
Malin,1,0,0.0,0.0,1,0,0,-18.643169229127153,-18.643169229127153,-0.2895148669796557,100.0
Man,1,0,0.0,0.0,1,0,0,-25.04632325012462,-25.04632325012462,-0.2715179968701095,100.0
Mana,1,0,0.0,0.0,0,1,0,-11.142502009854564,-11.142502009854564,-0.0704225352112676,0.0
Mandakini,3,2,2.0,0.12,0,2,1,20.16396007291742,20.882630807244496,0.15414710485133018,0.0
Mandal,1,0,0.0,0.0,1,0,0,-50.96555422154717,-50.96555422154717,-0.4616588419405321,100.0
Manki,1,1,1.0,2.33,0,1,0,-8.535380785770567,-8.535380785770567,-0.0954616588419405,0.0
Manmaheshwari,1,0,0.0,0.0,1,0,0,-51.628798163451904,-51.628798163451904,-0.4420970266040688,100.0
Manoli,3,3,2.0,63.51,0,3,0,0.6321888504480517,-1.6824941764154029,-0.039906103286384935,0.0
Manorama,4,1,0.75,163.0,2,2,0,-27.17274973658066,-28.4337480507685,-0.14123630672926446,50.0
Mansi,1,3,3.0,104.84,0,1,0,25.322573524595697,25.322573524595697,0.0469483568075117,0.0
Marai,1,0,0.0,0.0,0,1,0,35.25479439872035,35.25479439872035,0.1071987480438184,0.0
Mashi,15,5,1.3333333333333333,158.43,0,15,0,-19.65273220948923,-19.16240960153705,-0.08252477829942613,0.0
Mathabanga,2,0,0.0,0.0,0,2,0,-3.0506244992226055,-3.0506244992226055,0.003129890453834101,0.0
Mawai,1,1,1.0,7.73,0,1,0,3.5566999499649103,3.5566999499649103,-0.0179968701095461,0.0
Mayar,2,7,3.5,11.68,0,2,0,52.59992010653785,52.59992010653785,0.08802816901408445,0.0
Mechi,3,0,0.0,0.0,0,3,0,-7.814164190216637,-7.6491804499217375,-0.12989045383411577,0.0
Mej,4,12,9.0,218.3,0,4,0,-5.874031603959885,-6.146848759235507,-0.07316118935837246,0.0
Menali,1,2,2.0,15.21,0,1,0,33.44238659872029,33.44238659872029,0.1212832550860719,0.0
Mendha,11,0,0.0,0.0,0,11,0,-12.072259361891827,-14.411438484232802,-0.046237018068003954,0.0
Mirhasan,1,5,5.0,6.45,0,1,0,-10.601910235711411,-10.601910235711411,-0.1197183098591549,0.0
Mohana,10,1,0.2,12.34,7,3,0,-29.174374312772272,-36.84173910231068,-0.2824726134585289,70.0
Morel,6,6,3.3333333333333335,193.31,0,6,0,-7.872608754459644,-7.7759259145976225,-0.062206572769953,0.0
Morhar,2,0,0.0,0.0,0,2,0,-10.561791453118982,-10.561791453118982,-0.10915492957746475,0.0
Nagar,2,0,0.0,0.0,0,2,0,-7.68650352455527,-7.68650352455527,-0.0786384976525821,0.0
Nagri,3,0,0.0,0.0,0,3,0,3.2130372583648863,-2.9573227400078066,-0.014866979655712034,0.0
Naina,2,3,3.0,7.37,0,0,2,36.56027231111452,36.56027231111452,0.2155712050078247,0.0
Nakti,1,1,1.0,26.68,0,1,0,-8.947623518644747,-8.947623518644747,-0.0305164319248826,0.0
Nandakini,1,0,0.0,0.0,0,0,1,41.79162844278992,41.79162844278992,0.2253521126760563,0.0
Nandhaur,1,0,0.0,0.0,0,1,0,-3.670138780557588,-3.670138780557588,-0.0579029733959311,0.0
Narain,2,0,0.0,0.0,2,0,0,-10.519235361429715,-10.519235361429715,-0.1842723004694835,100.0
Naren,1,0,0.0,0.0,0,1,0,3.7747579725532847,3.7747579725532847,-0.0594679186228482,0.0
Nayar,1,0,0.0,0.0,1,0,0,-26.64568780810845,-26.64568780810845,-0.3153364632237871,100.0
Nekhadi,1,0,0.0,0.0,0,1,0,19.75900086703052,19.75900086703052,0.094679186228482,0.0
Neur,1,0,0.0,0.0,0,1,0,27.286954470855175,27.286954470855175,0.1345852895148669,0.0
Newaj,5,8,3.6,47.42,0,5,0,-9.71015544566745,-10.52901438844204,-0.09405320813771512,0.0
Non,8,2,0.625,12.6,8,0,0,-35.70335567328332,-27.25460384688921,-0.3252151799687011,100.0
Orai,1,0,0.0,0.0,1,0,0,-40.883759173667165,-40.883759173667165,-0.4021909233176838,100.0
Pabbar,1,0,0.0,0.0,1,0,0,-33.09937511857838,-33.09937511857838,-0.1877934272300469,100.0
Padma,42,32,6.095238095238095,2481.03,5,37,0,-4.316939971308869,-4.496750488269154,-0.03759594604665027,11.9
Pahuj,5,6,3.0,81.92,5,0,0,-37.02318253656521,-37.3121951660979,-0.33787167449139277,100.0
Paimar,3,0,0.0,0.0,0,3,0,-21.015624884008613,-20.619013741720945,-0.0800730307772561,0.0
Paisuni,3,4,2.6666666666666665,71.06,0,3,0,35.07599429588686,35.23353502273855,0.04773082942097023,0.0
Palain,1,0,0.0,0.0,1,0,0,-45.49257030762598,-45.49257030762598,-0.4491392801251956,100.0
Panar,2,0,0.0,0.0,1,1,0,-7.06893120679172,-7.06893120679172,-0.0856807511737089,50.0
Panchane,5,2,1.6,71.34,0,5,0,-22.64219221229863,-22.774272026187845,-0.07355242566510166,0.0
Panda,1,2,2.0,5.49,0,1,0,-4.136719676146967,-4.136719676146967,-0.0086071987480438,0.0
Pandu,1,0,0.0,0.0,1,0,0,-52.048343810575695,-52.048343810575695,-0.3317683881064163,100.0
Papras,1,1,1.0,3.79,0,1,0,-8.892687157792727,-8.892687157792727,-0.069640062597809,0.0
Parbati,24,42,21.0,403.2,5,19,0,-9.110986937630782,-4.763951613053637,-0.09793948878455917,20.8
Parman,2,0,0.0,0.0,0,2,0,-5.995110759874397,-5.995110759874397,-0.017214397496087646,0.0
Paru,1,3,3.0,31.86,0,1,0,-11.56429600031436,-11.56429600031436,-0.0774647887323943,0.0
Parvan,2,21,17.5,174.25,0,2,0,2.041427843932723,2.041427843932723,-0.034037558685445946,0.0
Parwar,1,0,0.0,0.0,1,0,0,-22.706588647996732,-22.706588647996732,-0.272300469483568,100.0
Pashchimi Nayar,1,0,0.0,0.0,1,0,0,-16.165617893187413,-16.165617893187413,-0.230829420970266,100.0
Patne,1,7,7.0,14.51,0,1,0,-3.59984463118701,-3.59984463118701,-0.1572769953051643,0.0
Phalgu,6,4,2.0,21.78,0,6,0,-14.181878551055995,-11.601522628119124,-0.07916014606155447,0.0
Pindar,2,0,0.0,0.0,0,2,0,27.763806753783136,27.763806753783136,-0.00312989045383405,0.0
Pingla,1,1,1.0,13.57,0,1,0,8.048561259205638,8.048561259205638,0.0266040688575899,0.0
Punarbhaba,4,0,0.0,0.0,0,4,0,-6.055270553360062,-6.294157678532789,-0.053794992175273795,0.0
Punpun,8,3,1.875,1383.86,0,8,0,-12.71358298503228,-11.547162161879541,-0.08225743348982782,0.0
Purvi Nayar,1,0,0.0,0.0,1,0,0,-34.1408682290505,-34.1408682290505,-0.3607198748043818,100.0
Ramganga,18,10,3.9444444444444446,926.78,16,2,0,-24.399027298760565,-24.7603267583766,-0.27977743001217176,88.9
Rapti,17,8,3.2941176470588234,468.45,6,11,0,-21.730378711246384,-17.70471469694625,-0.15147749240541283,35.3
Rato,1,0,0.0,0.0,0,1,0,-11.37469906000624,-11.37469906000624,-0.0406885758998435,0.0
Ratua,1,0,0.0,0.0,0,1,0,-9.607120836905452,-9.607120836905452,-0.1134585289514867,0.0
Retam,5,2,1.0,10.73,0,5,0,17.015015118082427,17.01617905708779,0.030359937402190878,0.0
Retili,1,0,0.0,0.0,0,1,0,4.945438024354071,4.945438024354071,-0.0234741784037558,0.0
Rihand,12,14,2.8333333333333335,10829.59,5,7,0,-8.106394673538972,0.06605669404667625,-0.1329551382368284,41.7
Rishi Ganga,1,0,0.0,0.0,0,1,0,34.95013644427611,34.95013644427611,0.0978090766823161,0.0
Rohini,7,0,0.0,0.0,2,5,0,-19.515283922024114,-17.14351246930409,-0.12228929130337576,28.6
Rupin,1,0,0.0,0.0,0,1,0,-16.173766010705286,-16.173766010705286,0.0250391236306729,0.0
Sagar,1,2,2.0,21.83,0,1,0,3.137058079341987,3.137058079341987,-0.0508607198748043,0.0
Sai,20,0,0.0,0.0,20,0,0,-41.377747401515315,-42.055712135340954,-0.30954616588419404,100.0
Sainj,1,0,0.0,0.0,1,0,0,-31.390611724738033,-31.390611724738033,-0.3583724569640062,100.0
Sajnam,1,1,1.0,83.5,1,0,0,-25.704026654690544,-25.704026654690544,-0.2668231611893584,100.0
Sakri,1,1,1.0,5.7,0,1,0,-15.148977169751747,-15.148977169751747,-0.0845070422535211,0.0
Sameliya,1,1,1.0,24.63,0,1,0,23.48234738904835,23.48234738904835,0.0266040688575899,0.0
Sank,1,3,3.0,24.31,1,0,0,-31.595864460719948,-31.595864460719948,-0.2942097026604069,100.0
Sanr,1,0,0.0,0.0,1,0,0,-17.45181739616844,-17.45181739616844,-0.2214397496087637,100.0
Sanwan,5,1,0.6,13.73,1,4,0,-10.203691333731275,-11.485459721186633,-0.1230046948356807,20.0
Sarai,1,0,0.0,0.0,0,1,0,23.365112610751975,23.365112610751975,0.056338028169014,0.0
Sarju,6,0,0.0,0.0,4,2,0,-9.70243147327662,0.00296432127349322,-0.16614501825769426,66.7
Sasur Khaderi,2,0,0.0,0.0,0,2,0,6.094803487761482,6.094803487761482,-0.096244131455399,0.0
Saswa,1,0,0.0,0.0,1,0,0,-14.180480363721117,-14.180480363721117,-0.190923317683881,100.0
Satna,6,10,4.166666666666667,51.79,0,6,0,11.512876401482977,11.358050000432643,0.0645539906103286,0.0
Sau,2,3,2.5,9.76,0,2,0,18.180176594725914,18.180176594725914,0.075508607198748,0.0
Sengur,10,0,0.0,0.0,10,0,0,-44.00873066515585,-41.64049512335673,-0.399452269170579,100.0
Sesar,1,1,1.0,34.97,1,0,0,-26.96942815402422,-26.96942815402422,-0.2097026604068857,100.0
Shallu,1,0,0.0,0.0,1,0,0,-36.83231552668161,-36.83231552668161,-0.3732394366197183,100.0
Sharda,12,5,2.3333333333333335,427.12,7,5,0,-12.75664019176226,-8.17792122365075,-0.18948878455920706,58.3
Shipra,4,13,7.5,137.89,0,4,0,0.353283020525037,-0.47131176544928377,-0.023865414710485075,0.0
Shyam,7,2,1.1428571428571428,49.35,7,0,0,-14.72396443754265,-11.729711918372695,-0.17784484685893134,100.0
Shyamri,3,1,0.6666666666666666,2.32,2,1,0,-14.22243735433956,-14.372426558515164,-0.15988523735002605,66.7
Sindh,17,40,13.470588235294118,595.88,6,11,0,-11.41825776936306,-11.338364992256816,-0.13808340237503447,35.3
Singhyahi,1,0,0.0,0.0,0,1,0,-1.3437497285524465,-1.3437497285524465,0.0876369327073552,0.0
Sohadra,3,1,0.6666666666666666,47.14,0,3,0,-8.556348475507209,-9.550287408547186,-0.0706833594157537,0.0
Sokar,1,1,1.0,4.75,0,1,0,18.9684423277696,18.9684423277696,0.0508607198748043,0.0
Solani,3,0,0.0,0.0,0,3,0,-6.773701511708154,-7.126511230028759,-0.12858633281168488,0.0
Somli,1,0,0.0,0.0,0,1,0,13.567314647212624,13.567314647212624,0.0438184663536776,0.0
Son,33,153,40.63636363636363,19540.32,0,33,0,5.629079856813234,4.799180002512977,0.04249063403992978,0.0
Sonar,9,39,9.11111111111111,214.05,9,0,0,-8.097776042880064,-8.142848773737693,-0.19179273169883493,100.0
Song,2,0,0.0,0.0,2,0,0,-14.785056005519955,-14.785056005519955,-0.2046165884194053,100.0
Sorhur,1,0,0.0,0.0,0,1,0,-7.130925030171532,-7.130925030171532,-0.1017214397496087,0.0
Sota,4,2,1.25,40.9,0,4,0,6.182908390326188,5.129053359481593,0.0054773082942097245,0.0
Sotwa,4,4,3.25,446.49,3,1,0,-28.13427063050182,-29.787776483575904,-0.19464006259780903,75.0
Sudhani,2,0,0.0,0.0,0,2,0,-5.301338212569747,-5.301338212569747,-0.0743348982785602,0.0
Suheli,2,0,0.0,0.0,1,1,0,-26.665905434593466,-26.665905434593466,-0.24960876369327073,50.0
Sui,1,0,0.0,0.0,0,1,0,-3.4593997111341688,-3.4593997111341688,-0.0657276995305164,0.0
Sukni,1,0,0.0,0.0,0,1,0,7.315123651697496,7.315123651697496,-0.0438184663536776,0.0
Sukri,1,0,0.0,0.0,0,1,0,-12.232695860574228,-12.232695860574228,-0.096244131455399,0.0
Sunder,3,0,0.0,0.0,0,3,0,6.651832207070111,5.971299663939692,-0.07642149191444964,0.0
Supin,1,0,0.0,0.0,0,1,0,16.51713379288396,16.51713379288396,0.0931142410015649,0.0
Surai,1,0,0.0,0.0,0,1,0,-10.637546326728852,-10.637546326728852,-0.081377151799687,0.0
Surna,3,0,0.0,0.0,3,0,0,-41.53286050468862,-41.63228149771281,-0.3729786124152321,100.0
Tahle,1,2,2.0,191.3,0,1,0,-12.797746765763463,-12.797746765763463,-0.1322378716744914,0.0
Tamasa,14,0,0.0,0.0,14,0,0,-30.99493252064621,-30.714140817390888,-0.22009836798569188,100.0
Tangan,2,0,0.0,0.0,0,2,0,-6.146681125625711,-6.146681125625711,-0.0438184663536776,0.0
Tangon,1,0,0.0,0.0,0,1,0,-6.011928440223255,-6.011928440223255,-0.0078247261345852,0.0
Thalera,2,0,0.0,0.0,0,2,0,-1.315491548403127,-1.315491548403127,-0.043035993740219,0.0
Tila,1,2,2.0,53.67,0,1,0,1.1243553892172742,1.1243553892172742,-0.0078247261345852,0.0
Tilayia,1,0,0.0,0.0,0,1,0,-23.10816185635321,-23.10816185635321,-0.0735524256651017,0.0
Tipan,1,4,4.0,3.99,0,1,0,-6.123891908838135,-6.123891908838135,-0.0837245696400626,0.0
Tons,20,49,12.05,887.29,3,17,0,6.556369942052948,11.21979999028602,0.02288732394366195,15.0
Tribani,1,0,0.0,0.0,0,1,0,5.300196278511701,5.300196278511701,-0.0821596244131455,0.0
Ujar,1,1,1.0,76.55,0,1,0,12.542161625121942,12.542161625121942,0.0195618153364632,0.0
Ulai,1,2,2.0,24.77,0,1,0,-5.02950333837222,-5.02950333837222,0.0031298904538341,0.0
Unli,1,3,3.0,23.07,0,1,0,23.648211029245733,23.648211029245733,0.0766823161189358,0.0
Upreni,1,0,0.0,0.0,0,1,0,0.5876562613079911,0.5876562613079911,-0.0226917057902973,0.0
Urmal,1,4,4.0,103.7,1,0,0,-13.86439287559513,-13.86439287559513,-0.1596244131455399,100.0
Urvashi,3,5,3.0,20.8,0,3,0,-3.6489823894418847,-3.4013171553768076,-0.09389671361502344,0.0
Usra,1,0,0.0,0.0,0,1,0,39.107097209198,39.107097209198,0.043035993740219,0.0
Vaisali,6,2,1.1666666666666667,34.64,6,0,0,-29.747793806603834,-29.996861086819266,-0.30451225873761084,100.0
Varuna,4,0,0.0,0.0,3,1,0,-27.622709091861854,-27.842167868472714,-0.1903364632237871,75.0
Yamuna,53,473,114.16981132075472,20725.69,46,7,0,-19.040209673034177,-21.337289643174127,-0.25052410901467503,86.8
